2025-08-11 12:07:55,851 [Worker-5: Loading available Gradle versions] INFO  o.e.b.c.i.u.g.PublishedGradleVersions - Gradle version information cache is not available. Remote download required.
2025-08-11 14:04:41,913 [Worker-5: Loading available Gradle versions] INFO  o.e.b.c.i.u.g.PublishedGradleVersions - Gradle version information cache is up-to-date. Trying to read.
2025-08-11 14:08:37,201 [Worker-1: Loading available Gradle versions] INFO  o.e.b.c.i.u.g.PublishedGradleVersions - Gradle version information cache is up-to-date. Trying to read.
2025-08-11 14:19:12,350 [Worker-2: Loading available Gradle versions] INFO  o.e.b.c.i.u.g.PublishedGradleVersions - Gradle version information cache is up-to-date. Trying to read.
2025-08-12 09:07:32,745 [Worker-4: Loading available Gradle versions] INFO  o.e.b.c.i.u.g.PublishedGradleVersions - Gradle version information cache is up-to-date. Trying to read.
2025-08-12 17:33:07,538 [Worker-1: Loading available Gradle versions] INFO  o.e.b.c.i.u.g.PublishedGradleVersions - Gradle version information cache is out-of-date. Trying to update.
2025-08-13 09:32:38,136 [Worker-7: Loading available Gradle versions] INFO  o.e.b.c.i.u.g.PublishedGradleVersions - Gradle version information cache is up-to-date. Trying to read.
2025-08-13 10:49:01,368 [Worker-28: Enabling Maven Dependency Management] INFO  o.e.m.c.i.e.AbstractTransferListenerAdapter - Downloading https://repo.maven.apache.org/maven2/org/apache/maven/plugins/maven-clean-plugin/3.2.0/maven-clean-plugin-3.2.0.jar
2025-08-13 10:49:01,478 [Worker-28: Enabling Maven Dependency Management] INFO  o.e.m.c.i.e.AbstractTransferListenerAdapter - Downloaded https://repo.maven.apache.org/maven2/org/apache/maven/plugins/maven-clean-plugin/3.2.0/maven-clean-plugin-3.2.0.jar
2025-08-13 10:49:01,509 [Worker-28: Enabling Maven Dependency Management] INFO  o.e.m.c.i.e.AbstractTransferListenerAdapter - Downloading https://repo.maven.apache.org/maven2/org/apache/maven/plugins/maven-resources-plugin/3.3.1/maven-resources-plugin-3.3.1.jar
2025-08-13 10:49:01,574 [Worker-28: Enabling Maven Dependency Management] INFO  o.e.m.c.i.e.AbstractTransferListenerAdapter - Downloaded https://repo.maven.apache.org/maven2/org/apache/maven/plugins/maven-resources-plugin/3.3.1/maven-resources-plugin-3.3.1.jar
2025-08-13 10:49:01,691 [Worker-28: Enabling Maven Dependency Management] INFO  o.e.m.c.i.e.AbstractTransferListenerAdapter - Downloading https://repo.maven.apache.org/maven2/org/apache/maven/plugins/maven-surefire-plugin/3.2.5/maven-surefire-plugin-3.2.5.jar
2025-08-13 10:49:01,712 [Worker-28: Enabling Maven Dependency Management] INFO  o.e.m.c.i.e.AbstractTransferListenerAdapter - Downloaded https://repo.maven.apache.org/maven2/org/apache/maven/plugins/maven-surefire-plugin/3.2.5/maven-surefire-plugin-3.2.5.jar
2025-08-13 10:49:01,780 [Worker-28: Enabling Maven Dependency Management] INFO  o.e.m.c.i.e.AbstractTransferListenerAdapter - Downloading https://repo.maven.apache.org/maven2/org/apache/maven/plugins/maven-war-plugin/3.2.3/maven-war-plugin-3.2.3.jar
2025-08-13 10:49:01,846 [Worker-28: Enabling Maven Dependency Management] INFO  o.e.m.c.i.e.AbstractTransferListenerAdapter - Downloaded https://repo.maven.apache.org/maven2/org/apache/maven/plugins/maven-war-plugin/3.2.3/maven-war-plugin-3.2.3.jar
2025-08-13 10:49:01,919 [Worker-28: Enabling Maven Dependency Management] INFO  o.e.m.c.i.e.AbstractTransferListenerAdapter - Downloading https://repo.maven.apache.org/maven2/org/apache/maven/plugins/maven-install-plugin/3.1.2/maven-install-plugin-3.1.2.jar
2025-08-13 10:49:01,934 [Worker-28: Enabling Maven Dependency Management] INFO  o.e.m.c.i.e.AbstractTransferListenerAdapter - Downloaded https://repo.maven.apache.org/maven2/org/apache/maven/plugins/maven-install-plugin/3.1.2/maven-install-plugin-3.1.2.jar
2025-08-13 10:49:02,061 [Worker-28: Enabling Maven Dependency Management] INFO  o.e.m.c.i.e.AbstractTransferListenerAdapter - Downloading https://repo.maven.apache.org/maven2/org/apache/maven/plugins/maven-deploy-plugin/3.1.2/maven-deploy-plugin-3.1.2.jar
2025-08-13 10:49:02,075 [Worker-28: Enabling Maven Dependency Management] INFO  o.e.m.c.i.e.AbstractTransferListenerAdapter - Downloaded https://repo.maven.apache.org/maven2/org/apache/maven/plugins/maven-deploy-plugin/3.1.2/maven-deploy-plugin-3.1.2.jar
2025-08-13 10:49:02,183 [Worker-28: Enabling Maven Dependency Management] INFO  o.e.m.c.i.e.AbstractTransferListenerAdapter - Downloading https://repo.maven.apache.org/maven2/org/apache/maven/plugins/maven-site-plugin/3.12.1/maven-site-plugin-3.12.1.jar
2025-08-13 10:49:02,203 [Worker-28: Enabling Maven Dependency Management] INFO  o.e.m.c.i.e.AbstractTransferListenerAdapter - Downloaded https://repo.maven.apache.org/maven2/org/apache/maven/plugins/maven-site-plugin/3.12.1/maven-site-plugin-3.12.1.jar
2025-08-13 10:49:03,028 [Worker-28: Enabling Maven Dependency Management] INFO  o.e.m.c.i.e.AbstractTransferListenerAdapter - Downloading https://repo.maven.apache.org/maven2/org/apache/maven/shared/maven-shared-utils/3.4.2/maven-shared-utils-3.4.2.jar
2025-08-13 10:49:03,079 [Worker-28: Enabling Maven Dependency Management] INFO  o.e.m.c.i.e.AbstractTransferListenerAdapter - Downloaded https://repo.maven.apache.org/maven2/org/apache/maven/shared/maven-shared-utils/3.4.2/maven-shared-utils-3.4.2.jar
2025-08-13 10:49:03,108 [BasicRepositoryConnector-repo.maven.apache.org-0-0] INFO  o.e.m.c.i.e.AbstractTransferListenerAdapter - Downloading https://repo.maven.apache.org/maven2/org/slf4j/slf4j-api/1.7.36/slf4j-api-1.7.36.jar
2025-08-13 10:49:03,121 [BasicRepositoryConnector-repo.maven.apache.org-0-0] INFO  o.e.m.c.i.e.AbstractTransferListenerAdapter - Downloaded https://repo.maven.apache.org/maven2/org/slf4j/slf4j-api/1.7.36/slf4j-api-1.7.36.jar
2025-08-13 10:49:03,147 [BasicRepositoryConnector-repo.maven.apache.org-0-0] INFO  o.e.m.c.i.e.AbstractTransferListenerAdapter - Downloading https://repo.maven.apache.org/maven2/com/thoughtworks/qdox/qdox/2.0.3/qdox-2.0.3.jar
2025-08-13 10:49:03,182 [BasicRepositoryConnector-repo.maven.apache.org-0-3] INFO  o.e.m.c.i.e.AbstractTransferListenerAdapter - Downloading https://repo.maven.apache.org/maven2/org/codehaus/plexus/plexus-java/1.2.0/plexus-java-1.2.0.jar
2025-08-13 10:49:03,182 [BasicRepositoryConnector-repo.maven.apache.org-0-1] INFO  o.e.m.c.i.e.AbstractTransferListenerAdapter - Downloading https://repo.maven.apache.org/maven2/commons-io/commons-io/2.11.0/commons-io-2.11.0.jar
2025-08-13 10:49:03,224 [BasicRepositoryConnector-repo.maven.apache.org-0-4] INFO  o.e.m.c.i.e.AbstractTransferListenerAdapter - Downloading https://repo.maven.apache.org/maven2/org/ow2/asm/asm/9.6/asm-9.6.jar
2025-08-13 10:49:03,233 [BasicRepositoryConnector-repo.maven.apache.org-0-0] INFO  o.e.m.c.i.e.AbstractTransferListenerAdapter - Downloaded https://repo.maven.apache.org/maven2/com/thoughtworks/qdox/qdox/2.0.3/qdox-2.0.3.jar
2025-08-13 10:49:03,235 [BasicRepositoryConnector-repo.maven.apache.org-0-3] INFO  o.e.m.c.i.e.AbstractTransferListenerAdapter - Downloaded https://repo.maven.apache.org/maven2/org/codehaus/plexus/plexus-java/1.2.0/plexus-java-1.2.0.jar
2025-08-13 10:49:03,244 [BasicRepositoryConnector-repo.maven.apache.org-0-2] INFO  o.e.m.c.i.e.AbstractTransferListenerAdapter - Downloading https://repo.maven.apache.org/maven2/org/apache/maven/shared/maven-shared-incremental/1.1/maven-shared-incremental-1.1.jar
2025-08-13 10:49:03,248 [BasicRepositoryConnector-repo.maven.apache.org-0-0] INFO  o.e.m.c.i.e.AbstractTransferListenerAdapter - Downloading https://repo.maven.apache.org/maven2/org/codehaus/plexus/plexus-compiler-api/2.15.0/plexus-compiler-api-2.15.0.jar
2025-08-13 10:49:03,249 [BasicRepositoryConnector-repo.maven.apache.org-0-3] INFO  o.e.m.c.i.e.AbstractTransferListenerAdapter - Downloading https://repo.maven.apache.org/maven2/org/codehaus/plexus/plexus-compiler-manager/2.15.0/plexus-compiler-manager-2.15.0.jar
2025-08-13 10:49:03,255 [BasicRepositoryConnector-repo.maven.apache.org-0-2] INFO  o.e.m.c.i.e.AbstractTransferListenerAdapter - Downloaded https://repo.maven.apache.org/maven2/org/apache/maven/shared/maven-shared-incremental/1.1/maven-shared-incremental-1.1.jar
2025-08-13 10:49:03,269 [BasicRepositoryConnector-repo.maven.apache.org-0-2] INFO  o.e.m.c.i.e.AbstractTransferListenerAdapter - Downloading https://repo.maven.apache.org/maven2/javax/inject/javax.inject/1/javax.inject-1.jar
2025-08-13 10:49:03,278 [BasicRepositoryConnector-repo.maven.apache.org-0-4] INFO  o.e.m.c.i.e.AbstractTransferListenerAdapter - Downloaded https://repo.maven.apache.org/maven2/org/ow2/asm/asm/9.6/asm-9.6.jar
2025-08-13 10:49:03,290 [BasicRepositoryConnector-repo.maven.apache.org-0-3] INFO  o.e.m.c.i.e.AbstractTransferListenerAdapter - Downloaded https://repo.maven.apache.org/maven2/org/codehaus/plexus/plexus-compiler-manager/2.15.0/plexus-compiler-manager-2.15.0.jar
2025-08-13 10:49:03,292 [BasicRepositoryConnector-repo.maven.apache.org-0-0] INFO  o.e.m.c.i.e.AbstractTransferListenerAdapter - Downloaded https://repo.maven.apache.org/maven2/org/codehaus/plexus/plexus-compiler-api/2.15.0/plexus-compiler-api-2.15.0.jar
2025-08-13 10:49:03,299 [BasicRepositoryConnector-repo.maven.apache.org-0-1] INFO  o.e.m.c.i.e.AbstractTransferListenerAdapter - Downloaded https://repo.maven.apache.org/maven2/commons-io/commons-io/2.11.0/commons-io-2.11.0.jar
2025-08-13 10:49:03,302 [BasicRepositoryConnector-repo.maven.apache.org-0-2] INFO  o.e.m.c.i.e.AbstractTransferListenerAdapter - Downloaded https://repo.maven.apache.org/maven2/javax/inject/javax.inject/1/javax.inject-1.jar
2025-08-13 10:49:03,302 [BasicRepositoryConnector-repo.maven.apache.org-0-4] INFO  o.e.m.c.i.e.AbstractTransferListenerAdapter - Downloading https://repo.maven.apache.org/maven2/org/codehaus/plexus/plexus-xml/3.0.0/plexus-xml-3.0.0.jar
2025-08-13 10:49:03,312 [BasicRepositoryConnector-repo.maven.apache.org-0-3] INFO  o.e.m.c.i.e.AbstractTransferListenerAdapter - Downloading https://repo.maven.apache.org/maven2/org/codehaus/plexus/plexus-compiler-javac/2.15.0/plexus-compiler-javac-2.15.0.jar
2025-08-13 10:49:03,312 [BasicRepositoryConnector-repo.maven.apache.org-0-0] INFO  o.e.m.c.i.e.AbstractTransferListenerAdapter - Downloading https://repo.maven.apache.org/maven2/org/codehaus/plexus/plexus-utils/4.0.0/plexus-utils-4.0.0.jar
2025-08-13 10:49:03,322 [BasicRepositoryConnector-repo.maven.apache.org-0-3] INFO  o.e.m.c.i.e.AbstractTransferListenerAdapter - Downloaded https://repo.maven.apache.org/maven2/org/codehaus/plexus/plexus-compiler-javac/2.15.0/plexus-compiler-javac-2.15.0.jar
2025-08-13 10:49:03,322 [BasicRepositoryConnector-repo.maven.apache.org-0-4] INFO  o.e.m.c.i.e.AbstractTransferListenerAdapter - Downloaded https://repo.maven.apache.org/maven2/org/codehaus/plexus/plexus-xml/3.0.0/plexus-xml-3.0.0.jar
2025-08-13 10:49:03,339 [BasicRepositoryConnector-repo.maven.apache.org-0-0] INFO  o.e.m.c.i.e.AbstractTransferListenerAdapter - Downloaded https://repo.maven.apache.org/maven2/org/codehaus/plexus/plexus-utils/4.0.0/plexus-utils-4.0.0.jar
2025-08-13 10:49:03,615 [Worker-28: Enabling Maven Dependency Management] INFO  o.e.m.c.i.l.LifecycleMappingFactory - Using org.maven.ide.eclipse.wtp.WarLifecycleMapping lifecycle mapping for MavenProject: java_web:java_web:0.0.1-SNAPSHOT @ C:\lect_labs\labs_java\workspace\java_web\pom.xml.
2025-08-13 10:49:03,702 [Worker-28: Enabling Maven Dependency Management] INFO  o.e.m.c.i.e.AbstractTransferListenerAdapter - Downloading https://repo.maven.apache.org/maven2/org/apache/maven/plugins/maven-war-plugin/3.2.3/maven-war-plugin-3.2.3.pom
2025-08-13 10:49:03,717 [Worker-28: Enabling Maven Dependency Management] INFO  o.e.m.c.i.e.AbstractTransferListenerAdapter - Downloaded https://repo.maven.apache.org/maven2/org/apache/maven/plugins/maven-war-plugin/3.2.3/maven-war-plugin-3.2.3.pom
2025-08-13 10:49:03,748 [Worker-28: Enabling Maven Dependency Management] INFO  o.e.m.c.i.e.AbstractTransferListenerAdapter - Downloading https://repo.maven.apache.org/maven2/org/apache/maven/plugins/maven-plugins/33/maven-plugins-33.pom
2025-08-13 10:49:03,756 [Worker-28: Enabling Maven Dependency Management] INFO  o.e.m.c.i.e.AbstractTransferListenerAdapter - Downloaded https://repo.maven.apache.org/maven2/org/apache/maven/plugins/maven-plugins/33/maven-plugins-33.pom
2025-08-13 10:49:03,830 [Worker-28: Enabling Maven Dependency Management] INFO  o.e.m.c.i.e.AbstractTransferListenerAdapter - Downloading https://repo.maven.apache.org/maven2/org/apache/maven/plugins/maven-resources-plugin/3.3.1/maven-resources-plugin-3.3.1.pom
2025-08-13 10:49:03,836 [Worker-28: Enabling Maven Dependency Management] INFO  o.e.m.c.i.e.AbstractTransferListenerAdapter - Downloaded https://repo.maven.apache.org/maven2/org/apache/maven/plugins/maven-resources-plugin/3.3.1/maven-resources-plugin-3.3.1.pom
2025-08-13 10:49:03,870 [Worker-28: Enabling Maven Dependency Management] INFO  o.e.m.c.i.e.AbstractTransferListenerAdapter - Downloading https://repo.maven.apache.org/maven2/org/apache/maven/plugins/maven-plugins/39/maven-plugins-39.pom
2025-08-13 10:49:03,886 [Worker-28: Enabling Maven Dependency Management] INFO  o.e.m.c.i.e.AbstractTransferListenerAdapter - Downloaded https://repo.maven.apache.org/maven2/org/apache/maven/plugins/maven-plugins/39/maven-plugins-39.pom
2025-08-13 10:49:03,921 [Worker-28: Enabling Maven Dependency Management] INFO  o.e.m.c.i.e.AbstractTransferListenerAdapter - Downloading https://repo.maven.apache.org/maven2/org/apache/maven/plugins/maven-surefire-plugin/3.2.5/maven-surefire-plugin-3.2.5.pom
2025-08-13 10:49:03,928 [Worker-28: Enabling Maven Dependency Management] INFO  o.e.m.c.i.e.AbstractTransferListenerAdapter - Downloaded https://repo.maven.apache.org/maven2/org/apache/maven/plugins/maven-surefire-plugin/3.2.5/maven-surefire-plugin-3.2.5.pom
2025-08-13 10:49:03,962 [Worker-28: Enabling Maven Dependency Management] INFO  o.e.m.c.i.e.AbstractTransferListenerAdapter - Downloading https://repo.maven.apache.org/maven2/org/apache/maven/surefire/surefire/3.2.5/surefire-3.2.5.pom
2025-08-13 10:49:03,970 [Worker-28: Enabling Maven Dependency Management] INFO  o.e.m.c.i.e.AbstractTransferListenerAdapter - Downloaded https://repo.maven.apache.org/maven2/org/apache/maven/surefire/surefire/3.2.5/surefire-3.2.5.pom
2025-08-13 10:49:04,649 [Worker-28: Enabling Maven Dependency Management] INFO  o.e.m.c.i.e.AbstractTransferListenerAdapter - Downloading https://repo.maven.apache.org/maven2/org/apache/maven/maven-archiver/3.4.0/maven-archiver-3.4.0.pom
2025-08-13 10:49:04,660 [Worker-28: Enabling Maven Dependency Management] INFO  o.e.m.c.i.e.AbstractTransferListenerAdapter - Downloaded https://repo.maven.apache.org/maven2/org/apache/maven/maven-archiver/3.4.0/maven-archiver-3.4.0.pom
2025-08-13 10:49:04,704 [Worker-28: Enabling Maven Dependency Management] INFO  o.e.m.c.i.e.AbstractTransferListenerAdapter - Downloading https://repo.maven.apache.org/maven2/org/apache/maven/shared/maven-shared-components/33/maven-shared-components-33.pom
2025-08-13 10:49:04,712 [Worker-28: Enabling Maven Dependency Management] INFO  o.e.m.c.i.e.AbstractTransferListenerAdapter - Downloaded https://repo.maven.apache.org/maven2/org/apache/maven/shared/maven-shared-components/33/maven-shared-components-33.pom
2025-08-13 10:49:04,823 [Worker-28: Enabling Maven Dependency Management] INFO  o.e.m.c.i.e.AbstractTransferListenerAdapter - Downloading https://repo.maven.apache.org/maven2/org/codehaus/plexus/plexus-archiver/4.1.0/plexus-archiver-4.1.0.pom
2025-08-13 10:49:04,832 [Worker-28: Enabling Maven Dependency Management] INFO  o.e.m.c.i.e.AbstractTransferListenerAdapter - Downloaded https://repo.maven.apache.org/maven2/org/codehaus/plexus/plexus-archiver/4.1.0/plexus-archiver-4.1.0.pom
2025-08-13 10:49:04,877 [Worker-28: Enabling Maven Dependency Management] INFO  o.e.m.c.i.e.AbstractTransferListenerAdapter - Downloading https://repo.maven.apache.org/maven2/org/codehaus/plexus/plexus-utils/3.1.1/plexus-utils-3.1.1.pom
2025-08-13 10:49:04,884 [Worker-28: Enabling Maven Dependency Management] INFO  o.e.m.c.i.e.AbstractTransferListenerAdapter - Downloaded https://repo.maven.apache.org/maven2/org/codehaus/plexus/plexus-utils/3.1.1/plexus-utils-3.1.1.pom
2025-08-13 10:49:04,909 [Worker-28: Enabling Maven Dependency Management] INFO  o.e.m.c.i.e.AbstractTransferListenerAdapter - Downloading https://repo.maven.apache.org/maven2/org/codehaus/plexus/plexus-io/3.1.1/plexus-io-3.1.1.pom
2025-08-13 10:49:04,914 [Worker-28: Enabling Maven Dependency Management] INFO  o.e.m.c.i.e.AbstractTransferListenerAdapter - Downloaded https://repo.maven.apache.org/maven2/org/codehaus/plexus/plexus-io/3.1.1/plexus-io-3.1.1.pom
2025-08-13 10:49:04,985 [Worker-28: Enabling Maven Dependency Management] INFO  o.e.m.c.i.e.AbstractTransferListenerAdapter - Downloading https://repo.maven.apache.org/maven2/org/apache/commons/commons-compress/1.18/commons-compress-1.18.pom
2025-08-13 10:49:04,996 [Worker-28: Enabling Maven Dependency Management] INFO  o.e.m.c.i.e.AbstractTransferListenerAdapter - Downloaded https://repo.maven.apache.org/maven2/org/apache/commons/commons-compress/1.18/commons-compress-1.18.pom
2025-08-13 10:49:05,082 [Worker-28: Enabling Maven Dependency Management] INFO  o.e.m.c.i.e.AbstractTransferListenerAdapter - Downloading https://repo.maven.apache.org/maven2/com/thoughtworks/xstream/xstream/1.4.10/xstream-1.4.10.pom
2025-08-13 10:49:05,089 [Worker-28: Enabling Maven Dependency Management] INFO  o.e.m.c.i.e.AbstractTransferListenerAdapter - Downloaded https://repo.maven.apache.org/maven2/com/thoughtworks/xstream/xstream/1.4.10/xstream-1.4.10.pom
2025-08-13 10:49:05,114 [Worker-28: Enabling Maven Dependency Management] INFO  o.e.m.c.i.e.AbstractTransferListenerAdapter - Downloading https://repo.maven.apache.org/maven2/com/thoughtworks/xstream/xstream-parent/1.4.10/xstream-parent-1.4.10.pom
2025-08-13 10:49:05,123 [Worker-28: Enabling Maven Dependency Management] INFO  o.e.m.c.i.e.AbstractTransferListenerAdapter - Downloaded https://repo.maven.apache.org/maven2/com/thoughtworks/xstream/xstream-parent/1.4.10/xstream-parent-1.4.10.pom
2025-08-13 10:49:05,163 [Worker-28: Enabling Maven Dependency Management] INFO  o.e.m.c.i.e.AbstractTransferListenerAdapter - Downloading https://repo.maven.apache.org/maven2/xmlpull/xmlpull/1.1.3.1/xmlpull-1.1.3.1.pom
2025-08-13 10:49:05,170 [Worker-28: Enabling Maven Dependency Management] INFO  o.e.m.c.i.e.AbstractTransferListenerAdapter - Downloaded https://repo.maven.apache.org/maven2/xmlpull/xmlpull/1.1.3.1/xmlpull-1.1.3.1.pom
2025-08-13 10:49:05,215 [Worker-28: Enabling Maven Dependency Management] INFO  o.e.m.c.i.e.AbstractTransferListenerAdapter - Downloading https://repo.maven.apache.org/maven2/xpp3/xpp3_min/1.1.4c/xpp3_min-1.1.4c.pom
2025-08-13 10:49:05,224 [Worker-28: Enabling Maven Dependency Management] INFO  o.e.m.c.i.e.AbstractTransferListenerAdapter - Downloaded https://repo.maven.apache.org/maven2/xpp3/xpp3_min/1.1.4c/xpp3_min-1.1.4c.pom
2025-08-13 10:49:05,284 [Worker-28: Enabling Maven Dependency Management] INFO  o.e.m.c.i.e.AbstractTransferListenerAdapter - Downloading https://repo.maven.apache.org/maven2/org/codehaus/plexus/plexus-utils/3.2.0/plexus-utils-3.2.0.pom
2025-08-13 10:49:05,292 [Worker-28: Enabling Maven Dependency Management] INFO  o.e.m.c.i.e.AbstractTransferListenerAdapter - Downloaded https://repo.maven.apache.org/maven2/org/codehaus/plexus/plexus-utils/3.2.0/plexus-utils-3.2.0.pom
2025-08-13 10:49:05,318 [Worker-28: Enabling Maven Dependency Management] INFO  o.e.m.c.i.e.AbstractTransferListenerAdapter - Downloading https://repo.maven.apache.org/maven2/org/apache/maven/shared/maven-filtering/3.1.1/maven-filtering-3.1.1.pom
2025-08-13 10:49:05,324 [Worker-28: Enabling Maven Dependency Management] INFO  o.e.m.c.i.e.AbstractTransferListenerAdapter - Downloaded https://repo.maven.apache.org/maven2/org/apache/maven/shared/maven-filtering/3.1.1/maven-filtering-3.1.1.pom
2025-08-13 10:49:05,349 [Worker-28: Enabling Maven Dependency Management] INFO  o.e.m.c.i.e.AbstractTransferListenerAdapter - Downloading https://repo.maven.apache.org/maven2/org/apache/maven/shared/maven-shared-utils/3.0.0/maven-shared-utils-3.0.0.pom
2025-08-13 10:49:05,358 [Worker-28: Enabling Maven Dependency Management] INFO  o.e.m.c.i.e.AbstractTransferListenerAdapter - Downloaded https://repo.maven.apache.org/maven2/org/apache/maven/shared/maven-shared-utils/3.0.0/maven-shared-utils-3.0.0.pom
2025-08-13 10:49:05,410 [Worker-28: Enabling Maven Dependency Management] INFO  o.e.m.c.i.e.AbstractTransferListenerAdapter - Downloading https://repo.maven.apache.org/maven2/org/apache/maven/shared/maven-shared-components/21/maven-shared-components-21.pom
2025-08-13 10:49:05,421 [Worker-28: Enabling Maven Dependency Management] INFO  o.e.m.c.i.e.AbstractTransferListenerAdapter - Downloaded https://repo.maven.apache.org/maven2/org/apache/maven/shared/maven-shared-components/21/maven-shared-components-21.pom
2025-08-13 10:49:05,442 [Worker-28: Enabling Maven Dependency Management] INFO  o.e.m.c.i.e.AbstractTransferListenerAdapter - Downloading https://repo.maven.apache.org/maven2/org/apache/maven/maven-parent/25/maven-parent-25.pom
2025-08-13 10:49:05,455 [Worker-28: Enabling Maven Dependency Management] INFO  o.e.m.c.i.e.AbstractTransferListenerAdapter - Downloaded https://repo.maven.apache.org/maven2/org/apache/maven/maven-parent/25/maven-parent-25.pom
2025-08-13 10:49:05,483 [Worker-28: Enabling Maven Dependency Management] INFO  o.e.m.c.i.e.AbstractTransferListenerAdapter - Downloading https://repo.maven.apache.org/maven2/commons-io/commons-io/2.4/commons-io-2.4.pom
2025-08-13 10:49:05,490 [Worker-28: Enabling Maven Dependency Management] INFO  o.e.m.c.i.e.AbstractTransferListenerAdapter - Downloaded https://repo.maven.apache.org/maven2/commons-io/commons-io/2.4/commons-io-2.4.pom
2025-08-13 10:49:05,521 [Worker-28: Enabling Maven Dependency Management] INFO  o.e.m.c.i.e.AbstractTransferListenerAdapter - Downloading https://repo.maven.apache.org/maven2/org/apache/commons/commons-parent/25/commons-parent-25.pom
2025-08-13 10:49:05,530 [Worker-28: Enabling Maven Dependency Management] INFO  o.e.m.c.i.e.AbstractTransferListenerAdapter - Downloaded https://repo.maven.apache.org/maven2/org/apache/commons/commons-parent/25/commons-parent-25.pom
2025-08-13 10:49:05,577 [Worker-28: Enabling Maven Dependency Management] INFO  o.e.m.c.i.e.AbstractTransferListenerAdapter - Downloading https://repo.maven.apache.org/maven2/org/codehaus/plexus/plexus-utils/3.0.24/plexus-utils-3.0.24.pom
2025-08-13 10:49:05,607 [Worker-28: Enabling Maven Dependency Management] INFO  o.e.m.c.i.e.AbstractTransferListenerAdapter - Downloaded https://repo.maven.apache.org/maven2/org/codehaus/plexus/plexus-utils/3.0.24/plexus-utils-3.0.24.pom
2025-08-13 10:49:05,639 [Worker-28: Enabling Maven Dependency Management] INFO  o.e.m.c.i.e.AbstractTransferListenerAdapter - Downloading https://repo.maven.apache.org/maven2/org/codehaus/plexus/plexus-interpolation/1.22/plexus-interpolation-1.22.pom
2025-08-13 10:49:05,644 [Worker-28: Enabling Maven Dependency Management] INFO  o.e.m.c.i.e.AbstractTransferListenerAdapter - Downloaded https://repo.maven.apache.org/maven2/org/codehaus/plexus/plexus-interpolation/1.22/plexus-interpolation-1.22.pom
2025-08-13 10:49:05,665 [Worker-28: Enabling Maven Dependency Management] INFO  o.e.m.c.i.e.AbstractTransferListenerAdapter - Downloading https://repo.maven.apache.org/maven2/org/codehaus/plexus/plexus-components/1.3.1/plexus-components-1.3.1.pom
2025-08-13 10:49:05,678 [Worker-28: Enabling Maven Dependency Management] INFO  o.e.m.c.i.e.AbstractTransferListenerAdapter - Downloaded https://repo.maven.apache.org/maven2/org/codehaus/plexus/plexus-components/1.3.1/plexus-components-1.3.1.pom
2025-08-13 10:49:05,716 [Worker-28: Enabling Maven Dependency Management] INFO  o.e.m.c.i.e.AbstractTransferListenerAdapter - Downloading https://repo.maven.apache.org/maven2/org/sonatype/plexus/plexus-build-api/0.0.7/plexus-build-api-0.0.7.pom
2025-08-13 10:49:05,722 [Worker-28: Enabling Maven Dependency Management] INFO  o.e.m.c.i.e.AbstractTransferListenerAdapter - Downloaded https://repo.maven.apache.org/maven2/org/sonatype/plexus/plexus-build-api/0.0.7/plexus-build-api-0.0.7.pom
2025-08-13 10:49:05,745 [Worker-28: Enabling Maven Dependency Management] INFO  o.e.m.c.i.e.AbstractTransferListenerAdapter - Downloading https://repo.maven.apache.org/maven2/org/sonatype/spice/spice-parent/15/spice-parent-15.pom
2025-08-13 10:49:05,752 [Worker-28: Enabling Maven Dependency Management] INFO  o.e.m.c.i.e.AbstractTransferListenerAdapter - Downloaded https://repo.maven.apache.org/maven2/org/sonatype/spice/spice-parent/15/spice-parent-15.pom
2025-08-13 10:49:05,793 [Worker-28: Enabling Maven Dependency Management] INFO  o.e.m.c.i.e.AbstractTransferListenerAdapter - Downloading https://repo.maven.apache.org/maven2/org/apache/maven/shared/maven-mapping/3.0.0/maven-mapping-3.0.0.pom
2025-08-13 10:49:05,801 [Worker-28: Enabling Maven Dependency Management] INFO  o.e.m.c.i.e.AbstractTransferListenerAdapter - Downloaded https://repo.maven.apache.org/maven2/org/apache/maven/shared/maven-mapping/3.0.0/maven-mapping-3.0.0.pom
2025-08-13 10:49:05,821 [Worker-28: Enabling Maven Dependency Management] INFO  o.e.m.c.i.e.AbstractTransferListenerAdapter - Downloading https://repo.maven.apache.org/maven2/org/apache/maven/shared/maven-shared-components/22/maven-shared-components-22.pom
2025-08-13 10:49:05,826 [Worker-28: Enabling Maven Dependency Management] INFO  o.e.m.c.i.e.AbstractTransferListenerAdapter - Downloaded https://repo.maven.apache.org/maven2/org/apache/maven/shared/maven-shared-components/22/maven-shared-components-22.pom
2025-08-13 10:49:05,882 [Worker-28: Enabling Maven Dependency Management] INFO  o.e.m.c.i.e.AbstractTransferListenerAdapter - Downloading https://repo.maven.apache.org/maven2/org/apache/maven/maven-parent/27/maven-parent-27.pom
2025-08-13 10:49:05,898 [Worker-28: Enabling Maven Dependency Management] INFO  o.e.m.c.i.e.AbstractTransferListenerAdapter - Downloaded https://repo.maven.apache.org/maven2/org/apache/maven/maven-parent/27/maven-parent-27.pom
2025-08-13 10:49:05,923 [Worker-28: Enabling Maven Dependency Management] INFO  o.e.m.c.i.e.AbstractTransferListenerAdapter - Downloading https://repo.maven.apache.org/maven2/org/apache/apache/17/apache-17.pom
2025-08-13 10:49:05,932 [Worker-28: Enabling Maven Dependency Management] INFO  o.e.m.c.i.e.AbstractTransferListenerAdapter - Downloaded https://repo.maven.apache.org/maven2/org/apache/apache/17/apache-17.pom
2025-08-13 10:49:05,964 [Worker-28: Enabling Maven Dependency Management] INFO  o.e.m.c.i.e.AbstractTransferListenerAdapter - Downloading https://repo.maven.apache.org/maven2/org/codehaus/plexus/plexus-interpolation/1.21/plexus-interpolation-1.21.pom
2025-08-13 10:49:05,972 [Worker-28: Enabling Maven Dependency Management] INFO  o.e.m.c.i.e.AbstractTransferListenerAdapter - Downloaded https://repo.maven.apache.org/maven2/org/codehaus/plexus/plexus-interpolation/1.21/plexus-interpolation-1.21.pom
2025-08-13 10:49:06,042 [Worker-28: Enabling Maven Dependency Management] INFO  o.e.m.c.i.e.AbstractTransferListenerAdapter - Downloading https://repo.maven.apache.org/maven2/org/apache/maven/maven-plugin-api/3.0/maven-plugin-api-3.0.jar
2025-08-13 10:49:06,073 [Worker-28: Enabling Maven Dependency Management] INFO  o.e.m.c.i.e.AbstractTransferListenerAdapter - Downloaded https://repo.maven.apache.org/maven2/org/apache/maven/maven-plugin-api/3.0/maven-plugin-api-3.0.jar
2025-08-13 10:49:06,101 [BasicRepositoryConnector-repo.maven.apache.org-1-1] INFO  o.e.m.c.i.e.AbstractTransferListenerAdapter - Downloading https://repo.maven.apache.org/maven2/org/apache/maven/maven-artifact/3.0/maven-artifact-3.0.jar
2025-08-13 10:49:06,101 [BasicRepositoryConnector-repo.maven.apache.org-1-0] INFO  o.e.m.c.i.e.AbstractTransferListenerAdapter - Downloading https://repo.maven.apache.org/maven2/org/apache/maven/maven-model/3.0/maven-model-3.0.jar
2025-08-13 10:49:06,104 [BasicRepositoryConnector-repo.maven.apache.org-1-2] INFO  o.e.m.c.i.e.AbstractTransferListenerAdapter - Downloading https://repo.maven.apache.org/maven2/org/sonatype/sisu/sisu-inject-plexus/1.4.2/sisu-inject-plexus-1.4.2.jar
2025-08-13 10:49:06,106 [BasicRepositoryConnector-repo.maven.apache.org-1-4] INFO  o.e.m.c.i.e.AbstractTransferListenerAdapter - Downloading https://repo.maven.apache.org/maven2/org/sonatype/sisu/sisu-guice/2.1.7/sisu-guice-2.1.7-noaop.jar
2025-08-13 10:49:06,108 [BasicRepositoryConnector-repo.maven.apache.org-1-3] INFO  o.e.m.c.i.e.AbstractTransferListenerAdapter - Downloading https://repo.maven.apache.org/maven2/org/sonatype/sisu/sisu-inject-bean/1.4.2/sisu-inject-bean-1.4.2.jar
2025-08-13 10:49:06,117 [BasicRepositoryConnector-repo.maven.apache.org-1-1] INFO  o.e.m.c.i.e.AbstractTransferListenerAdapter - Downloaded https://repo.maven.apache.org/maven2/org/apache/maven/maven-artifact/3.0/maven-artifact-3.0.jar
2025-08-13 10:49:06,123 [BasicRepositoryConnector-repo.maven.apache.org-1-0] INFO  o.e.m.c.i.e.AbstractTransferListenerAdapter - Downloaded https://repo.maven.apache.org/maven2/org/apache/maven/maven-model/3.0/maven-model-3.0.jar
2025-08-13 10:49:06,132 [BasicRepositoryConnector-repo.maven.apache.org-1-3] INFO  o.e.m.c.i.e.AbstractTransferListenerAdapter - Downloaded https://repo.maven.apache.org/maven2/org/sonatype/sisu/sisu-inject-bean/1.4.2/sisu-inject-bean-1.4.2.jar
2025-08-13 10:49:06,134 [BasicRepositoryConnector-repo.maven.apache.org-1-1] INFO  o.e.m.c.i.e.AbstractTransferListenerAdapter - Downloading https://repo.maven.apache.org/maven2/org/apache/maven/maven-core/3.0/maven-core-3.0.jar
2025-08-13 10:49:06,141 [BasicRepositoryConnector-repo.maven.apache.org-1-2] INFO  o.e.m.c.i.e.AbstractTransferListenerAdapter - Downloaded https://repo.maven.apache.org/maven2/org/sonatype/sisu/sisu-inject-plexus/1.4.2/sisu-inject-plexus-1.4.2.jar
2025-08-13 10:49:06,157 [BasicRepositoryConnector-repo.maven.apache.org-1-0] INFO  o.e.m.c.i.e.AbstractTransferListenerAdapter - Downloading https://repo.maven.apache.org/maven2/org/apache/maven/maven-settings/3.0/maven-settings-3.0.jar
2025-08-13 10:49:06,172 [BasicRepositoryConnector-repo.maven.apache.org-1-3] INFO  o.e.m.c.i.e.AbstractTransferListenerAdapter - Downloading https://repo.maven.apache.org/maven2/org/apache/maven/maven-settings-builder/3.0/maven-settings-builder-3.0.jar
2025-08-13 10:49:06,173 [BasicRepositoryConnector-repo.maven.apache.org-1-0] INFO  o.e.m.c.i.e.AbstractTransferListenerAdapter - Downloaded https://repo.maven.apache.org/maven2/org/apache/maven/maven-settings/3.0/maven-settings-3.0.jar
2025-08-13 10:49:06,181 [BasicRepositoryConnector-repo.maven.apache.org-1-2] INFO  o.e.m.c.i.e.AbstractTransferListenerAdapter - Downloading https://repo.maven.apache.org/maven2/org/apache/maven/maven-repository-metadata/3.0/maven-repository-metadata-3.0.jar
2025-08-13 10:49:06,187 [BasicRepositoryConnector-repo.maven.apache.org-1-3] INFO  o.e.m.c.i.e.AbstractTransferListenerAdapter - Downloaded https://repo.maven.apache.org/maven2/org/apache/maven/maven-settings-builder/3.0/maven-settings-builder-3.0.jar
2025-08-13 10:49:06,190 [BasicRepositoryConnector-repo.maven.apache.org-1-2] INFO  o.e.m.c.i.e.AbstractTransferListenerAdapter - Downloaded https://repo.maven.apache.org/maven2/org/apache/maven/maven-repository-metadata/3.0/maven-repository-metadata-3.0.jar
2025-08-13 10:49:06,191 [BasicRepositoryConnector-repo.maven.apache.org-1-1] INFO  o.e.m.c.i.e.AbstractTransferListenerAdapter - Downloaded https://repo.maven.apache.org/maven2/org/apache/maven/maven-core/3.0/maven-core-3.0.jar
2025-08-13 10:49:06,192 [BasicRepositoryConnector-repo.maven.apache.org-1-0] INFO  o.e.m.c.i.e.AbstractTransferListenerAdapter - Downloading https://repo.maven.apache.org/maven2/org/apache/maven/maven-model-builder/3.0/maven-model-builder-3.0.jar
2025-08-13 10:49:06,197 [BasicRepositoryConnector-repo.maven.apache.org-1-4] INFO  o.e.m.c.i.e.AbstractTransferListenerAdapter - Downloaded https://repo.maven.apache.org/maven2/org/sonatype/sisu/sisu-guice/2.1.7/sisu-guice-2.1.7-noaop.jar
2025-08-13 10:49:06,205 [BasicRepositoryConnector-repo.maven.apache.org-1-3] INFO  o.e.m.c.i.e.AbstractTransferListenerAdapter - Downloading https://repo.maven.apache.org/maven2/org/apache/maven/maven-aether-provider/3.0/maven-aether-provider-3.0.jar
2025-08-13 10:49:06,207 [BasicRepositoryConnector-repo.maven.apache.org-1-1] INFO  o.e.m.c.i.e.AbstractTransferListenerAdapter - Downloading https://repo.maven.apache.org/maven2/org/sonatype/aether/aether-spi/1.7/aether-spi-1.7.jar
2025-08-13 10:49:06,207 [BasicRepositoryConnector-repo.maven.apache.org-1-2] INFO  o.e.m.c.i.e.AbstractTransferListenerAdapter - Downloading https://repo.maven.apache.org/maven2/org/sonatype/aether/aether-impl/1.7/aether-impl-1.7.jar
2025-08-13 10:49:06,214 [BasicRepositoryConnector-repo.maven.apache.org-1-0] INFO  o.e.m.c.i.e.AbstractTransferListenerAdapter - Downloaded https://repo.maven.apache.org/maven2/org/apache/maven/maven-model-builder/3.0/maven-model-builder-3.0.jar
2025-08-13 10:49:06,214 [BasicRepositoryConnector-repo.maven.apache.org-1-1] INFO  o.e.m.c.i.e.AbstractTransferListenerAdapter - Downloaded https://repo.maven.apache.org/maven2/org/sonatype/aether/aether-spi/1.7/aether-spi-1.7.jar
2025-08-13 10:49:06,216 [BasicRepositoryConnector-repo.maven.apache.org-1-4] INFO  o.e.m.c.i.e.AbstractTransferListenerAdapter - Downloading https://repo.maven.apache.org/maven2/org/sonatype/aether/aether-api/1.7/aether-api-1.7.jar
2025-08-13 10:49:06,216 [BasicRepositoryConnector-repo.maven.apache.org-1-3] INFO  o.e.m.c.i.e.AbstractTransferListenerAdapter - Downloaded https://repo.maven.apache.org/maven2/org/apache/maven/maven-aether-provider/3.0/maven-aether-provider-3.0.jar
2025-08-13 10:49:06,222 [BasicRepositoryConnector-repo.maven.apache.org-1-2] INFO  o.e.m.c.i.e.AbstractTransferListenerAdapter - Downloaded https://repo.maven.apache.org/maven2/org/sonatype/aether/aether-impl/1.7/aether-impl-1.7.jar
2025-08-13 10:49:06,224 [BasicRepositoryConnector-repo.maven.apache.org-1-4] INFO  o.e.m.c.i.e.AbstractTransferListenerAdapter - Downloaded https://repo.maven.apache.org/maven2/org/sonatype/aether/aether-api/1.7/aether-api-1.7.jar
2025-08-13 10:49:06,257 [BasicRepositoryConnector-repo.maven.apache.org-1-0] INFO  o.e.m.c.i.e.AbstractTransferListenerAdapter - Downloading https://repo.maven.apache.org/maven2/org/sonatype/aether/aether-util/1.7/aether-util-1.7.jar
2025-08-13 10:49:06,257 [BasicRepositoryConnector-repo.maven.apache.org-1-3] INFO  o.e.m.c.i.e.AbstractTransferListenerAdapter - Downloading https://repo.maven.apache.org/maven2/org/codehaus/plexus/plexus-component-annotations/1.7.1/plexus-component-annotations-1.7.1.jar
2025-08-13 10:49:06,258 [BasicRepositoryConnector-repo.maven.apache.org-1-4] INFO  o.e.m.c.i.e.AbstractTransferListenerAdapter - Downloading https://repo.maven.apache.org/maven2/org/sonatype/plexus/plexus-cipher/1.4/plexus-cipher-1.4.jar
2025-08-13 10:49:06,269 [BasicRepositoryConnector-repo.maven.apache.org-1-2] INFO  o.e.m.c.i.e.AbstractTransferListenerAdapter - Downloading https://repo.maven.apache.org/maven2/org/sonatype/plexus/plexus-sec-dispatcher/1.3/plexus-sec-dispatcher-1.3.jar
2025-08-13 10:49:06,271 [BasicRepositoryConnector-repo.maven.apache.org-1-1] INFO  o.e.m.c.i.e.AbstractTransferListenerAdapter - Downloading https://repo.maven.apache.org/maven2/org/codehaus/plexus/plexus-classworlds/2.2.3/plexus-classworlds-2.2.3.jar
2025-08-13 10:49:06,279 [BasicRepositoryConnector-repo.maven.apache.org-1-3] INFO  o.e.m.c.i.e.AbstractTransferListenerAdapter - Downloaded https://repo.maven.apache.org/maven2/org/codehaus/plexus/plexus-component-annotations/1.7.1/plexus-component-annotations-1.7.1.jar
2025-08-13 10:49:06,282 [BasicRepositoryConnector-repo.maven.apache.org-1-4] INFO  o.e.m.c.i.e.AbstractTransferListenerAdapter - Downloaded https://repo.maven.apache.org/maven2/org/sonatype/plexus/plexus-cipher/1.4/plexus-cipher-1.4.jar
2025-08-13 10:49:06,286 [BasicRepositoryConnector-repo.maven.apache.org-1-0] INFO  o.e.m.c.i.e.AbstractTransferListenerAdapter - Downloaded https://repo.maven.apache.org/maven2/org/sonatype/aether/aether-util/1.7/aether-util-1.7.jar
2025-08-13 10:49:06,287 [BasicRepositoryConnector-repo.maven.apache.org-1-2] INFO  o.e.m.c.i.e.AbstractTransferListenerAdapter - Downloaded https://repo.maven.apache.org/maven2/org/sonatype/plexus/plexus-sec-dispatcher/1.3/plexus-sec-dispatcher-1.3.jar
2025-08-13 10:49:06,287 [BasicRepositoryConnector-repo.maven.apache.org-1-1] INFO  o.e.m.c.i.e.AbstractTransferListenerAdapter - Downloaded https://repo.maven.apache.org/maven2/org/codehaus/plexus/plexus-classworlds/2.2.3/plexus-classworlds-2.2.3.jar
2025-08-13 10:49:06,309 [BasicRepositoryConnector-repo.maven.apache.org-1-0] INFO  o.e.m.c.i.e.AbstractTransferListenerAdapter - Downloading https://repo.maven.apache.org/maven2/commons-io/commons-io/2.5/commons-io-2.5.jar
2025-08-13 10:49:06,309 [BasicRepositoryConnector-repo.maven.apache.org-1-1] INFO  o.e.m.c.i.e.AbstractTransferListenerAdapter - Downloading https://repo.maven.apache.org/maven2/org/codehaus/plexus/plexus-io/3.1.1/plexus-io-3.1.1.jar
2025-08-13 10:49:06,310 [BasicRepositoryConnector-repo.maven.apache.org-1-4] INFO  o.e.m.c.i.e.AbstractTransferListenerAdapter - Downloading https://repo.maven.apache.org/maven2/org/apache/maven/shared/maven-shared-utils/3.2.1/maven-shared-utils-3.2.1.jar
2025-08-13 10:49:06,310 [BasicRepositoryConnector-repo.maven.apache.org-1-3] INFO  o.e.m.c.i.e.AbstractTransferListenerAdapter - Downloading https://repo.maven.apache.org/maven2/org/apache/maven/maven-archiver/3.4.0/maven-archiver-3.4.0.jar
2025-08-13 10:49:06,310 [BasicRepositoryConnector-repo.maven.apache.org-1-2] INFO  o.e.m.c.i.e.AbstractTransferListenerAdapter - Downloading https://repo.maven.apache.org/maven2/org/codehaus/plexus/plexus-archiver/4.1.0/plexus-archiver-4.1.0.jar
2025-08-13 10:49:06,320 [BasicRepositoryConnector-repo.maven.apache.org-1-3] INFO  o.e.m.c.i.e.AbstractTransferListenerAdapter - Downloaded https://repo.maven.apache.org/maven2/org/apache/maven/maven-archiver/3.4.0/maven-archiver-3.4.0.jar
2025-08-13 10:49:06,321 [BasicRepositoryConnector-repo.maven.apache.org-1-4] INFO  o.e.m.c.i.e.AbstractTransferListenerAdapter - Downloaded https://repo.maven.apache.org/maven2/org/apache/maven/shared/maven-shared-utils/3.2.1/maven-shared-utils-3.2.1.jar
2025-08-13 10:49:06,323 [BasicRepositoryConnector-repo.maven.apache.org-1-2] INFO  o.e.m.c.i.e.AbstractTransferListenerAdapter - Downloaded https://repo.maven.apache.org/maven2/org/codehaus/plexus/plexus-archiver/4.1.0/plexus-archiver-4.1.0.jar
2025-08-13 10:49:06,335 [BasicRepositoryConnector-repo.maven.apache.org-1-1] INFO  o.e.m.c.i.e.AbstractTransferListenerAdapter - Downloaded https://repo.maven.apache.org/maven2/org/codehaus/plexus/plexus-io/3.1.1/plexus-io-3.1.1.jar
2025-08-13 10:49:06,335 [BasicRepositoryConnector-repo.maven.apache.org-1-0] INFO  o.e.m.c.i.e.AbstractTransferListenerAdapter - Downloaded https://repo.maven.apache.org/maven2/commons-io/commons-io/2.5/commons-io-2.5.jar
2025-08-13 10:49:06,343 [BasicRepositoryConnector-repo.maven.apache.org-1-4] INFO  o.e.m.c.i.e.AbstractTransferListenerAdapter - Downloading https://repo.maven.apache.org/maven2/org/iq80/snappy/snappy/0.4/snappy-0.4.jar
2025-08-13 10:49:06,343 [BasicRepositoryConnector-repo.maven.apache.org-1-3] INFO  o.e.m.c.i.e.AbstractTransferListenerAdapter - Downloading https://repo.maven.apache.org/maven2/org/apache/commons/commons-compress/1.18/commons-compress-1.18.jar
2025-08-13 10:49:06,359 [BasicRepositoryConnector-repo.maven.apache.org-1-2] INFO  o.e.m.c.i.e.AbstractTransferListenerAdapter - Downloading https://repo.maven.apache.org/maven2/org/tukaani/xz/1.8/xz-1.8.jar
2025-08-13 10:49:06,359 [BasicRepositoryConnector-repo.maven.apache.org-1-0] INFO  o.e.m.c.i.e.AbstractTransferListenerAdapter - Downloading https://repo.maven.apache.org/maven2/com/thoughtworks/xstream/xstream/1.4.10/xstream-1.4.10.jar
2025-08-13 10:49:06,362 [BasicRepositoryConnector-repo.maven.apache.org-1-1] INFO  o.e.m.c.i.e.AbstractTransferListenerAdapter - Downloading https://repo.maven.apache.org/maven2/org/codehaus/plexus/plexus-interpolation/1.25/plexus-interpolation-1.25.jar
2025-08-13 10:49:06,367 [BasicRepositoryConnector-repo.maven.apache.org-1-2] INFO  o.e.m.c.i.e.AbstractTransferListenerAdapter - Downloaded https://repo.maven.apache.org/maven2/org/tukaani/xz/1.8/xz-1.8.jar
2025-08-13 10:49:06,370 [BasicRepositoryConnector-repo.maven.apache.org-1-4] INFO  o.e.m.c.i.e.AbstractTransferListenerAdapter - Downloaded https://repo.maven.apache.org/maven2/org/iq80/snappy/snappy/0.4/snappy-0.4.jar
2025-08-13 10:49:06,378 [BasicRepositoryConnector-repo.maven.apache.org-1-1] INFO  o.e.m.c.i.e.AbstractTransferListenerAdapter - Downloaded https://repo.maven.apache.org/maven2/org/codehaus/plexus/plexus-interpolation/1.25/plexus-interpolation-1.25.jar
2025-08-13 10:49:06,380 [BasicRepositoryConnector-repo.maven.apache.org-1-3] INFO  o.e.m.c.i.e.AbstractTransferListenerAdapter - Downloaded https://repo.maven.apache.org/maven2/org/apache/commons/commons-compress/1.18/commons-compress-1.18.jar
2025-08-13 10:49:06,386 [BasicRepositoryConnector-repo.maven.apache.org-1-0] INFO  o.e.m.c.i.e.AbstractTransferListenerAdapter - Downloaded https://repo.maven.apache.org/maven2/com/thoughtworks/xstream/xstream/1.4.10/xstream-1.4.10.jar
2025-08-13 10:49:06,388 [BasicRepositoryConnector-repo.maven.apache.org-1-2] INFO  o.e.m.c.i.e.AbstractTransferListenerAdapter - Downloading https://repo.maven.apache.org/maven2/xmlpull/xmlpull/1.1.3.1/xmlpull-1.1.3.1.jar
2025-08-13 10:49:06,388 [BasicRepositoryConnector-repo.maven.apache.org-1-4] INFO  o.e.m.c.i.e.AbstractTransferListenerAdapter - Downloading https://repo.maven.apache.org/maven2/xpp3/xpp3_min/1.1.4c/xpp3_min-1.1.4c.jar
2025-08-13 10:49:06,394 [BasicRepositoryConnector-repo.maven.apache.org-1-3] INFO  o.e.m.c.i.e.AbstractTransferListenerAdapter - Downloading https://repo.maven.apache.org/maven2/org/apache/maven/shared/maven-filtering/3.1.1/maven-filtering-3.1.1.jar
2025-08-13 10:49:06,396 [BasicRepositoryConnector-repo.maven.apache.org-1-4] INFO  o.e.m.c.i.e.AbstractTransferListenerAdapter - Downloaded https://repo.maven.apache.org/maven2/xpp3/xpp3_min/1.1.4c/xpp3_min-1.1.4c.jar
2025-08-13 10:49:06,396 [BasicRepositoryConnector-repo.maven.apache.org-1-1] INFO  o.e.m.c.i.e.AbstractTransferListenerAdapter - Downloading https://repo.maven.apache.org/maven2/org/codehaus/plexus/plexus-utils/3.2.0/plexus-utils-3.2.0.jar
2025-08-13 10:49:06,397 [BasicRepositoryConnector-repo.maven.apache.org-1-2] INFO  o.e.m.c.i.e.AbstractTransferListenerAdapter - Downloaded https://repo.maven.apache.org/maven2/xmlpull/xmlpull/1.1.3.1/xmlpull-1.1.3.1.jar
2025-08-13 10:49:06,407 [BasicRepositoryConnector-repo.maven.apache.org-1-0] INFO  o.e.m.c.i.e.AbstractTransferListenerAdapter - Downloading https://repo.maven.apache.org/maven2/org/sonatype/plexus/plexus-build-api/0.0.7/plexus-build-api-0.0.7.jar
2025-08-13 10:49:06,408 [BasicRepositoryConnector-repo.maven.apache.org-1-1] INFO  o.e.m.c.i.e.AbstractTransferListenerAdapter - Downloaded https://repo.maven.apache.org/maven2/org/codehaus/plexus/plexus-utils/3.2.0/plexus-utils-3.2.0.jar
2025-08-13 10:49:06,412 [BasicRepositoryConnector-repo.maven.apache.org-1-3] INFO  o.e.m.c.i.e.AbstractTransferListenerAdapter - Downloaded https://repo.maven.apache.org/maven2/org/apache/maven/shared/maven-filtering/3.1.1/maven-filtering-3.1.1.jar
2025-08-13 10:49:06,414 [BasicRepositoryConnector-repo.maven.apache.org-1-0] INFO  o.e.m.c.i.e.AbstractTransferListenerAdapter - Downloaded https://repo.maven.apache.org/maven2/org/sonatype/plexus/plexus-build-api/0.0.7/plexus-build-api-0.0.7.jar
2025-08-13 10:49:06,420 [BasicRepositoryConnector-repo.maven.apache.org-1-4] INFO  o.e.m.c.i.e.AbstractTransferListenerAdapter - Downloading https://repo.maven.apache.org/maven2/org/apache/maven/shared/maven-mapping/3.0.0/maven-mapping-3.0.0.jar
2025-08-13 10:49:06,427 [BasicRepositoryConnector-repo.maven.apache.org-1-4] INFO  o.e.m.c.i.e.AbstractTransferListenerAdapter - Downloaded https://repo.maven.apache.org/maven2/org/apache/maven/shared/maven-mapping/3.0.0/maven-mapping-3.0.0.jar
2025-08-13 10:49:08,610 [Worker-28: Enabling Maven Dependency Management] INFO  o.e.m.c.i.e.AbstractTransferListenerAdapter - Downloading https://repo.maven.apache.org/maven2/org/codehaus/plexus/plexus-interpolation/1.26/plexus-interpolation-1.26.pom
2025-08-13 10:49:08,617 [Worker-28: Enabling Maven Dependency Management] INFO  o.e.m.c.i.e.AbstractTransferListenerAdapter - Downloaded https://repo.maven.apache.org/maven2/org/codehaus/plexus/plexus-interpolation/1.26/plexus-interpolation-1.26.pom
2025-08-13 10:49:08,638 [Worker-28: Enabling Maven Dependency Management] INFO  o.e.m.c.i.e.AbstractTransferListenerAdapter - Downloading https://repo.maven.apache.org/maven2/org/codehaus/plexus/plexus-utils/3.5.1/plexus-utils-3.5.1.pom
2025-08-13 10:49:08,645 [Worker-28: Enabling Maven Dependency Management] INFO  o.e.m.c.i.e.AbstractTransferListenerAdapter - Downloaded https://repo.maven.apache.org/maven2/org/codehaus/plexus/plexus-utils/3.5.1/plexus-utils-3.5.1.pom
2025-08-13 10:49:08,677 [Worker-28: Enabling Maven Dependency Management] INFO  o.e.m.c.i.e.AbstractTransferListenerAdapter - Downloading https://repo.maven.apache.org/maven2/org/codehaus/plexus/plexus/10/plexus-10.pom
2025-08-13 10:49:08,686 [Worker-28: Enabling Maven Dependency Management] INFO  o.e.m.c.i.e.AbstractTransferListenerAdapter - Downloaded https://repo.maven.apache.org/maven2/org/codehaus/plexus/plexus/10/plexus-10.pom
2025-08-13 10:49:08,724 [Worker-28: Enabling Maven Dependency Management] INFO  o.e.m.c.i.e.AbstractTransferListenerAdapter - Downloading https://repo.maven.apache.org/maven2/org/apache/maven/shared/maven-filtering/3.3.1/maven-filtering-3.3.1.pom
2025-08-13 10:49:08,732 [Worker-28: Enabling Maven Dependency Management] INFO  o.e.m.c.i.e.AbstractTransferListenerAdapter - Downloaded https://repo.maven.apache.org/maven2/org/apache/maven/shared/maven-filtering/3.3.1/maven-filtering-3.3.1.pom
2025-08-13 10:49:08,781 [Worker-28: Enabling Maven Dependency Management] INFO  o.e.m.c.i.e.AbstractTransferListenerAdapter - Downloading https://repo.maven.apache.org/maven2/org/codehaus/plexus/plexus-utils/3.5.0/plexus-utils-3.5.0.pom
2025-08-13 10:49:08,787 [Worker-28: Enabling Maven Dependency Management] INFO  o.e.m.c.i.e.AbstractTransferListenerAdapter - Downloaded https://repo.maven.apache.org/maven2/org/codehaus/plexus/plexus-utils/3.5.0/plexus-utils-3.5.0.pom
2025-08-13 10:49:08,823 [Worker-28: Enabling Maven Dependency Management] INFO  o.e.m.c.i.e.AbstractTransferListenerAdapter - Downloading https://repo.maven.apache.org/maven2/org/apache/commons/commons-lang3/3.12.0/commons-lang3-3.12.0.pom
2025-08-13 10:49:08,830 [Worker-28: Enabling Maven Dependency Management] INFO  o.e.m.c.i.e.AbstractTransferListenerAdapter - Downloaded https://repo.maven.apache.org/maven2/org/apache/commons/commons-lang3/3.12.0/commons-lang3-3.12.0.pom
2025-08-13 10:49:08,890 [Worker-28: Enabling Maven Dependency Management] INFO  o.e.m.c.i.e.AbstractTransferListenerAdapter - Downloading https://repo.maven.apache.org/maven2/org/junit/junit-bom/5.7.1/junit-bom-5.7.1.pom
2025-08-13 10:49:08,901 [Worker-28: Enabling Maven Dependency Management] INFO  o.e.m.c.i.e.AbstractTransferListenerAdapter - Downloaded https://repo.maven.apache.org/maven2/org/junit/junit-bom/5.7.1/junit-bom-5.7.1.pom
2025-08-13 10:49:08,946 [Worker-28: Enabling Maven Dependency Management] INFO  o.e.m.c.i.e.AbstractTransferListenerAdapter - Downloading https://repo.maven.apache.org/maven2/org/codehaus/plexus/plexus-interpolation/1.26/plexus-interpolation-1.26.jar
2025-08-13 10:49:08,956 [Worker-28: Enabling Maven Dependency Management] INFO  o.e.m.c.i.e.AbstractTransferListenerAdapter - Downloaded https://repo.maven.apache.org/maven2/org/codehaus/plexus/plexus-interpolation/1.26/plexus-interpolation-1.26.jar
2025-08-13 10:49:08,972 [BasicRepositoryConnector-repo.maven.apache.org-2-1] INFO  o.e.m.c.i.e.AbstractTransferListenerAdapter - Downloading https://repo.maven.apache.org/maven2/org/apache/maven/shared/maven-filtering/3.3.1/maven-filtering-3.3.1.jar
2025-08-13 10:49:08,978 [BasicRepositoryConnector-repo.maven.apache.org-2-2] INFO  o.e.m.c.i.e.AbstractTransferListenerAdapter - Downloading https://repo.maven.apache.org/maven2/org/apache/commons/commons-lang3/3.12.0/commons-lang3-3.12.0.jar
2025-08-13 10:49:08,978 [BasicRepositoryConnector-repo.maven.apache.org-2-0] INFO  o.e.m.c.i.e.AbstractTransferListenerAdapter - Downloading https://repo.maven.apache.org/maven2/org/codehaus/plexus/plexus-utils/3.5.1/plexus-utils-3.5.1.jar
2025-08-13 10:49:08,983 [BasicRepositoryConnector-repo.maven.apache.org-2-1] INFO  o.e.m.c.i.e.AbstractTransferListenerAdapter - Downloaded https://repo.maven.apache.org/maven2/org/apache/maven/shared/maven-filtering/3.3.1/maven-filtering-3.3.1.jar
2025-08-13 10:49:09,014 [BasicRepositoryConnector-repo.maven.apache.org-2-0] INFO  o.e.m.c.i.e.AbstractTransferListenerAdapter - Downloaded https://repo.maven.apache.org/maven2/org/codehaus/plexus/plexus-utils/3.5.1/plexus-utils-3.5.1.jar
2025-08-13 10:49:09,033 [BasicRepositoryConnector-repo.maven.apache.org-2-2] INFO  o.e.m.c.i.e.AbstractTransferListenerAdapter - Downloaded https://repo.maven.apache.org/maven2/org/apache/commons/commons-lang3/3.12.0/commons-lang3-3.12.0.jar
2025-08-13 10:49:09,143 [Worker-30: Building] WARN  o.a.m.s.f.DefaultMavenResourcesFiltering - Using platform encoding (UTF-8 actually) to copy filtered resources, i.e. build is platform dependent!
2025-08-13 10:49:09,147 [Worker-30: Building] INFO  o.a.m.s.f.DefaultMavenResourcesFiltering - skip non existing resourceDirectory C:\lect_labs\labs_java\workspace\java_web\src\main\resources
2025-08-13 10:49:09,156 [Worker-30: Building] WARN  o.a.m.s.f.DefaultMavenResourcesFiltering - Using platform encoding (UTF-8 actually) to copy filtered resources, i.e. build is platform dependent!
2025-08-13 10:49:09,158 [Worker-30: Building] INFO  o.a.m.s.f.DefaultMavenResourcesFiltering - skip non existing resourceDirectory C:\lect_labs\labs_java\workspace\java_web\src\test\resources
2025-08-13 10:49:10,100 [Worker-28: Enabling Maven Dependency Management] INFO  o.e.m.j.i.AbstractJavaProjectConfigurator - Adding source folder /java_web/src/main/java
2025-08-13 10:49:10,105 [Worker-28: Enabling Maven Dependency Management] INFO  o.e.m.j.i.AbstractJavaProjectConfigurator - Adding resource folder /java_web/src/main/resources
2025-08-13 10:49:10,107 [Worker-28: Enabling Maven Dependency Management] INFO  o.e.m.j.i.AbstractJavaProjectConfigurator - Adding source folder /java_web/src/test/java
2025-08-13 10:49:10,108 [Worker-28: Enabling Maven Dependency Management] INFO  o.e.m.j.i.AbstractJavaProjectConfigurator - Adding resource folder /java_web/src/test/resources
2025-08-13 10:49:10,683 [Worker-28: Enabling Maven Dependency Management] INFO  o.e.m.c.i.p.ProjectConfigurationManager - Update started
2025-08-13 10:49:11,142 [Worker-28: Enabling Maven Dependency Management] INFO  o.e.m.c.i.l.LifecycleMappingFactory - Using org.maven.ide.eclipse.wtp.WarLifecycleMapping lifecycle mapping for MavenProject: java_web:java_web:0.0.1-SNAPSHOT @ C:\lect_labs\labs_java\workspace\java_web\pom.xml.
2025-08-13 10:49:12,820 [Worker-28: Enabling Maven Dependency Management] INFO  o.e.m.j.i.AbstractJavaProjectConfigurator - Adding source folder /java_web/src/main/java
2025-08-13 10:49:12,823 [Worker-28: Enabling Maven Dependency Management] INFO  o.e.m.j.i.AbstractJavaProjectConfigurator - Adding resource folder /java_web/src/main/resources
2025-08-13 10:49:12,824 [Worker-28: Enabling Maven Dependency Management] INFO  o.e.m.j.i.AbstractJavaProjectConfigurator - Adding source folder /java_web/src/test/java
2025-08-13 10:49:12,826 [Worker-28: Enabling Maven Dependency Management] INFO  o.e.m.j.i.AbstractJavaProjectConfigurator - Adding resource folder /java_web/src/test/resources
2025-08-13 10:49:13,149 [Worker-28: Enabling Maven Dependency Management] INFO  o.e.m.w.i.f.ResourceFilteringBuildParticipant - Cleaning filtered folder for java_web
2025-08-13 10:49:13,188 [Worker-28: Enabling Maven Dependency Management] INFO  o.e.m.c.i.p.ProjectConfigurationManager - Update completed for 1 poms: local refresh takes 0.00 sec, refresh facades takes 1.00 sec, update config takes 0.00 sec 
2025-08-13 10:49:13,554 [Worker-30: Building] WARN  o.a.m.s.f.DefaultMavenResourcesFiltering - Using platform encoding (UTF-8 actually) to copy filtered resources, i.e. build is platform dependent!
2025-08-13 10:49:13,556 [Worker-30: Building] INFO  o.a.m.s.f.DefaultMavenResourcesFiltering - skip non existing resourceDirectory C:\lect_labs\labs_java\workspace\java_web\src\main\resources
2025-08-13 10:49:13,561 [Worker-30: Building] WARN  o.a.m.s.f.DefaultMavenResourcesFiltering - Using platform encoding (UTF-8 actually) to copy filtered resources, i.e. build is platform dependent!
2025-08-13 10:49:13,562 [Worker-30: Building] INFO  o.a.m.s.f.DefaultMavenResourcesFiltering - skip non existing resourceDirectory C:\lect_labs\labs_java\workspace\java_web\src\test\resources
2025-08-13 10:49:13,562 [Worker-30: Building] INFO  o.e.m.w.i.f.ResourceFilteringBuildParticipant - Changed resources require a complete clean of filtered resources of java_web
2025-08-13 10:49:13,563 [Worker-30: Building] INFO  o.e.m.w.i.f.ResourceFilteringBuildParticipant - Executing resource filtering for java_web
2025-08-13 10:55:46,865 [Worker-37: Building] WARN  o.a.m.s.f.DefaultMavenResourcesFiltering - Using platform encoding (UTF-8 actually) to copy filtered resources, i.e. build is platform dependent!
2025-08-13 10:55:46,879 [Worker-37: Building] INFO  o.a.m.s.f.DefaultMavenResourcesFiltering - Copying 0 resource from src\main\resources to target\classes
2025-08-13 10:55:46,885 [Worker-37: Building] WARN  o.a.m.s.f.DefaultMavenResourcesFiltering - Using platform encoding (UTF-8 actually) to copy filtered resources, i.e. build is platform dependent!
2025-08-13 10:55:46,888 [Worker-37: Building] INFO  o.a.m.s.f.DefaultMavenResourcesFiltering - Copying 0 resource from src\test\resources to target\test-classes
2025-08-13 11:21:33,963 [Worker-43: Building] WARN  o.a.m.s.f.DefaultMavenResourcesFiltering - Using platform encoding (UTF-8 actually) to copy filtered resources, i.e. build is platform dependent!
2025-08-13 11:21:33,966 [Worker-43: Building] INFO  o.a.m.s.f.DefaultMavenResourcesFiltering - Copying 0 resource from src\main\resources to target\classes
2025-08-13 11:21:33,969 [Worker-43: Building] WARN  o.a.m.s.f.DefaultMavenResourcesFiltering - Using platform encoding (UTF-8 actually) to copy filtered resources, i.e. build is platform dependent!
2025-08-13 11:21:33,971 [Worker-43: Building] INFO  o.a.m.s.f.DefaultMavenResourcesFiltering - Copying 0 resource from src\test\resources to target\test-classes
2025-08-13 11:23:05,940 [Worker-45: Building] WARN  o.a.m.s.f.DefaultMavenResourcesFiltering - Using platform encoding (UTF-8 actually) to copy filtered resources, i.e. build is platform dependent!
2025-08-13 11:23:05,942 [Worker-45: Building] INFO  o.a.m.s.f.DefaultMavenResourcesFiltering - Copying 0 resource from src\main\resources to target\classes
2025-08-13 11:23:05,951 [Worker-45: Building] WARN  o.a.m.s.f.DefaultMavenResourcesFiltering - Using platform encoding (UTF-8 actually) to copy filtered resources, i.e. build is platform dependent!
2025-08-13 11:23:05,953 [Worker-45: Building] INFO  o.a.m.s.f.DefaultMavenResourcesFiltering - Copying 0 resource from src\test\resources to target\test-classes
2025-08-13 11:23:09,110 [Worker-44: Building] WARN  o.a.m.s.f.DefaultMavenResourcesFiltering - Using platform encoding (UTF-8 actually) to copy filtered resources, i.e. build is platform dependent!
2025-08-13 11:23:09,117 [Worker-44: Building] INFO  o.a.m.s.f.DefaultMavenResourcesFiltering - Copying 0 resource from src\main\resources to target\classes
2025-08-13 11:23:09,121 [Worker-44: Building] WARN  o.a.m.s.f.DefaultMavenResourcesFiltering - Using platform encoding (UTF-8 actually) to copy filtered resources, i.e. build is platform dependent!
2025-08-13 11:23:09,124 [Worker-44: Building] INFO  o.a.m.s.f.DefaultMavenResourcesFiltering - Copying 0 resource from src\test\resources to target\test-classes
2025-08-13 11:24:49,873 [Worker-44: Building] INFO  o.e.m.c.i.l.LifecycleMappingFactory - Using org.maven.ide.eclipse.wtp.WarLifecycleMapping lifecycle mapping for MavenProject: java_web:java_web:0.0.1-SNAPSHOT @ C:\lect_labs\labs_java\workspace\java_web\pom.xml.
2025-08-13 11:24:50,631 [Worker-44: Building] WARN  o.a.m.s.f.DefaultMavenResourcesFiltering - Using platform encoding (UTF-8 actually) to copy filtered resources, i.e. build is platform dependent!
2025-08-13 11:24:50,634 [Worker-44: Building] INFO  o.a.m.s.f.DefaultMavenResourcesFiltering - Copying 0 resource from src\main\resources to target\classes
2025-08-13 11:24:50,640 [Worker-44: Building] WARN  o.a.m.s.f.DefaultMavenResourcesFiltering - Using platform encoding (UTF-8 actually) to copy filtered resources, i.e. build is platform dependent!
2025-08-13 11:24:50,642 [Worker-44: Building] INFO  o.a.m.s.f.DefaultMavenResourcesFiltering - Copying 0 resource from src\test\resources to target\test-classes
2025-08-13 11:24:50,643 [Worker-44: Building] INFO  o.e.m.w.i.f.ResourceFilteringBuildParticipant - Changed resources require a complete clean of filtered resources of java_web
2025-08-13 11:24:50,643 [Worker-44: Building] INFO  o.e.m.w.i.f.ResourceFilteringBuildParticipant - Executing resource filtering for java_web
2025-08-13 11:24:58,429 [Worker-41: Building] INFO  o.e.m.c.i.l.LifecycleMappingFactory - Using org.maven.ide.eclipse.wtp.WarLifecycleMapping lifecycle mapping for MavenProject: java_web:java_web:0.0.1-SNAPSHOT @ C:\lect_labs\labs_java\workspace\java_web\pom.xml.
2025-08-13 11:24:59,181 [Worker-41: Building] WARN  o.a.m.s.f.DefaultMavenResourcesFiltering - Using platform encoding (UTF-8 actually) to copy filtered resources, i.e. build is platform dependent!
2025-08-13 11:24:59,185 [Worker-41: Building] INFO  o.a.m.s.f.DefaultMavenResourcesFiltering - Copying 0 resource from src\main\resources to target\classes
2025-08-13 11:24:59,190 [Worker-41: Building] WARN  o.a.m.s.f.DefaultMavenResourcesFiltering - Using platform encoding (UTF-8 actually) to copy filtered resources, i.e. build is platform dependent!
2025-08-13 11:24:59,192 [Worker-41: Building] INFO  o.a.m.s.f.DefaultMavenResourcesFiltering - Copying 0 resource from src\test\resources to target\test-classes
2025-08-13 11:24:59,192 [Worker-41: Building] INFO  o.e.m.w.i.f.ResourceFilteringBuildParticipant - Changed resources require a complete clean of filtered resources of java_web
2025-08-13 11:24:59,192 [Worker-41: Building] INFO  o.e.m.w.i.f.ResourceFilteringBuildParticipant - Executing resource filtering for java_web
2025-08-13 11:37:41,561 [Worker-46: Building] INFO  o.e.m.c.i.l.LifecycleMappingFactory - Using org.maven.ide.eclipse.wtp.WarLifecycleMapping lifecycle mapping for MavenProject: java_web:java_web:0.0.1-SNAPSHOT @ C:\lect_labs\labs_java\workspace\java_web\pom.xml.
2025-08-13 11:37:42,369 [Worker-46: Building] WARN  o.a.m.s.f.DefaultMavenResourcesFiltering - Using platform encoding (UTF-8 actually) to copy filtered resources, i.e. build is platform dependent!
2025-08-13 11:37:42,373 [Worker-46: Building] INFO  o.a.m.s.f.DefaultMavenResourcesFiltering - Copying 0 resource from src\main\resources to target\classes
2025-08-13 11:37:42,379 [Worker-46: Building] WARN  o.a.m.s.f.DefaultMavenResourcesFiltering - Using platform encoding (UTF-8 actually) to copy filtered resources, i.e. build is platform dependent!
2025-08-13 11:37:42,380 [Worker-46: Building] INFO  o.a.m.s.f.DefaultMavenResourcesFiltering - Copying 0 resource from src\test\resources to target\test-classes
2025-08-13 11:37:42,380 [Worker-46: Building] INFO  o.e.m.w.i.f.ResourceFilteringBuildParticipant - Changed resources require a complete clean of filtered resources of java_web
2025-08-13 11:37:42,381 [Worker-46: Building] INFO  o.e.m.w.i.f.ResourceFilteringBuildParticipant - Executing resource filtering for java_web
2025-08-13 11:38:03,054 [Worker-41: Building] INFO  o.e.m.c.i.l.LifecycleMappingFactory - Using org.maven.ide.eclipse.wtp.WarLifecycleMapping lifecycle mapping for MavenProject: java_web:java_web:0.0.1-SNAPSHOT @ C:\lect_labs\labs_java\workspace\java_web\pom.xml.
2025-08-13 11:38:03,746 [Worker-41: Building] WARN  o.a.m.s.f.DefaultMavenResourcesFiltering - Using platform encoding (UTF-8 actually) to copy filtered resources, i.e. build is platform dependent!
2025-08-13 11:38:03,750 [Worker-41: Building] INFO  o.a.m.s.f.DefaultMavenResourcesFiltering - Copying 0 resource from src\main\resources to target\classes
2025-08-13 11:38:03,755 [Worker-41: Building] WARN  o.a.m.s.f.DefaultMavenResourcesFiltering - Using platform encoding (UTF-8 actually) to copy filtered resources, i.e. build is platform dependent!
2025-08-13 11:38:03,757 [Worker-41: Building] INFO  o.a.m.s.f.DefaultMavenResourcesFiltering - Copying 0 resource from src\test\resources to target\test-classes
2025-08-13 11:38:03,758 [Worker-41: Building] INFO  o.e.m.w.i.f.ResourceFilteringBuildParticipant - Changed resources require a complete clean of filtered resources of java_web
2025-08-13 11:38:03,758 [Worker-41: Building] INFO  o.e.m.w.i.f.ResourceFilteringBuildParticipant - Executing resource filtering for java_web
2025-08-13 11:38:07,203 [Worker-45: Building] INFO  o.e.m.c.i.l.LifecycleMappingFactory - Using org.maven.ide.eclipse.wtp.WarLifecycleMapping lifecycle mapping for MavenProject: java_web:java_web:0.0.1-SNAPSHOT @ C:\lect_labs\labs_java\workspace\java_web\pom.xml.
2025-08-13 11:38:07,847 [Worker-45: Building] WARN  o.a.m.s.f.DefaultMavenResourcesFiltering - Using platform encoding (UTF-8 actually) to copy filtered resources, i.e. build is platform dependent!
2025-08-13 11:38:07,851 [Worker-45: Building] INFO  o.a.m.s.f.DefaultMavenResourcesFiltering - Copying 0 resource from src\main\resources to target\classes
2025-08-13 11:38:07,857 [Worker-45: Building] WARN  o.a.m.s.f.DefaultMavenResourcesFiltering - Using platform encoding (UTF-8 actually) to copy filtered resources, i.e. build is platform dependent!
2025-08-13 11:38:07,859 [Worker-45: Building] INFO  o.a.m.s.f.DefaultMavenResourcesFiltering - Copying 0 resource from src\test\resources to target\test-classes
2025-08-13 11:38:07,859 [Worker-45: Building] INFO  o.e.m.w.i.f.ResourceFilteringBuildParticipant - Changed resources require a complete clean of filtered resources of java_web
2025-08-13 11:38:07,859 [Worker-45: Building] INFO  o.e.m.w.i.f.ResourceFilteringBuildParticipant - Executing resource filtering for java_web
2025-08-13 11:38:14,759 [Worker-46: Building] INFO  o.e.m.c.i.l.LifecycleMappingFactory - Using org.maven.ide.eclipse.wtp.WarLifecycleMapping lifecycle mapping for MavenProject: java_web:java_web:0.0.1-SNAPSHOT @ C:\lect_labs\labs_java\workspace\java_web\pom.xml.
2025-08-13 11:38:15,576 [Worker-46: Building] WARN  o.a.m.s.f.DefaultMavenResourcesFiltering - Using platform encoding (UTF-8 actually) to copy filtered resources, i.e. build is platform dependent!
2025-08-13 11:38:15,579 [Worker-46: Building] INFO  o.a.m.s.f.DefaultMavenResourcesFiltering - Copying 0 resource from src\main\resources to target\classes
2025-08-13 11:38:15,583 [Worker-46: Building] WARN  o.a.m.s.f.DefaultMavenResourcesFiltering - Using platform encoding (UTF-8 actually) to copy filtered resources, i.e. build is platform dependent!
2025-08-13 11:38:15,584 [Worker-46: Building] INFO  o.a.m.s.f.DefaultMavenResourcesFiltering - Copying 0 resource from src\test\resources to target\test-classes
2025-08-13 11:38:15,585 [Worker-46: Building] INFO  o.e.m.w.i.f.ResourceFilteringBuildParticipant - Changed resources require a complete clean of filtered resources of java_web
2025-08-13 11:38:15,585 [Worker-46: Building] INFO  o.e.m.w.i.f.ResourceFilteringBuildParticipant - Executing resource filtering for java_web
2025-08-13 11:39:24,369 [Worker-44: Building] INFO  o.e.m.c.i.l.LifecycleMappingFactory - Using org.maven.ide.eclipse.wtp.WarLifecycleMapping lifecycle mapping for MavenProject: java_web:java_web:0.0.1-SNAPSHOT @ C:\lect_labs\labs_java\workspace\java_web\pom.xml.
2025-08-13 11:39:25,022 [Worker-44: Building] WARN  o.a.m.s.f.DefaultMavenResourcesFiltering - Using platform encoding (UTF-8 actually) to copy filtered resources, i.e. build is platform dependent!
2025-08-13 11:39:25,025 [Worker-44: Building] INFO  o.a.m.s.f.DefaultMavenResourcesFiltering - Copying 0 resource from src\main\resources to target\classes
2025-08-13 11:39:25,029 [Worker-44: Building] WARN  o.a.m.s.f.DefaultMavenResourcesFiltering - Using platform encoding (UTF-8 actually) to copy filtered resources, i.e. build is platform dependent!
2025-08-13 11:39:25,030 [Worker-44: Building] INFO  o.a.m.s.f.DefaultMavenResourcesFiltering - Copying 0 resource from src\test\resources to target\test-classes
2025-08-13 11:39:25,030 [Worker-44: Building] INFO  o.e.m.w.i.f.ResourceFilteringBuildParticipant - Changed resources require a complete clean of filtered resources of java_web
2025-08-13 11:39:25,031 [Worker-44: Building] INFO  o.e.m.w.i.f.ResourceFilteringBuildParticipant - Executing resource filtering for java_web
2025-08-13 11:39:38,011 [Worker-41: Building] INFO  o.e.m.c.i.l.LifecycleMappingFactory - Using org.maven.ide.eclipse.wtp.WarLifecycleMapping lifecycle mapping for MavenProject: java_web:java_web:0.0.1-SNAPSHOT @ C:\lect_labs\labs_java\workspace\java_web\pom.xml.
2025-08-13 11:39:38,133 [Worker-41: Building] INFO  o.e.m.c.i.e.AbstractTransferListenerAdapter - Downloading https://repo.maven.apache.org/maven2/org/springframework/spring-webmvc/6.0.23/spring-webmvc-6.0.23.pom
2025-08-13 11:39:38,147 [Worker-41: Building] INFO  o.e.m.c.i.e.AbstractTransferListenerAdapter - Downloaded https://repo.maven.apache.org/maven2/org/springframework/spring-webmvc/6.0.23/spring-webmvc-6.0.23.pom
2025-08-13 11:39:38,177 [Worker-41: Building] INFO  o.e.m.c.i.e.AbstractTransferListenerAdapter - Downloading https://repo.maven.apache.org/maven2/org/springframework/spring-aop/6.0.23/spring-aop-6.0.23.pom
2025-08-13 11:39:38,182 [Worker-41: Building] INFO  o.e.m.c.i.e.AbstractTransferListenerAdapter - Downloaded https://repo.maven.apache.org/maven2/org/springframework/spring-aop/6.0.23/spring-aop-6.0.23.pom
2025-08-13 11:39:38,199 [Worker-41: Building] INFO  o.e.m.c.i.e.AbstractTransferListenerAdapter - Downloading https://repo.maven.apache.org/maven2/org/springframework/spring-beans/6.0.23/spring-beans-6.0.23.pom
2025-08-13 11:39:38,209 [Worker-41: Building] INFO  o.e.m.c.i.e.AbstractTransferListenerAdapter - Downloaded https://repo.maven.apache.org/maven2/org/springframework/spring-beans/6.0.23/spring-beans-6.0.23.pom
2025-08-13 11:39:38,232 [Worker-41: Building] INFO  o.e.m.c.i.e.AbstractTransferListenerAdapter - Downloading https://repo.maven.apache.org/maven2/org/springframework/spring-core/6.0.23/spring-core-6.0.23.pom
2025-08-13 11:39:38,245 [Worker-41: Building] INFO  o.e.m.c.i.e.AbstractTransferListenerAdapter - Downloaded https://repo.maven.apache.org/maven2/org/springframework/spring-core/6.0.23/spring-core-6.0.23.pom
2025-08-13 11:39:38,270 [Worker-41: Building] INFO  o.e.m.c.i.e.AbstractTransferListenerAdapter - Downloading https://repo.maven.apache.org/maven2/org/springframework/spring-jcl/6.0.23/spring-jcl-6.0.23.pom
2025-08-13 11:39:38,278 [Worker-41: Building] INFO  o.e.m.c.i.e.AbstractTransferListenerAdapter - Downloaded https://repo.maven.apache.org/maven2/org/springframework/spring-jcl/6.0.23/spring-jcl-6.0.23.pom
2025-08-13 11:39:38,317 [Worker-41: Building] INFO  o.e.m.c.i.e.AbstractTransferListenerAdapter - Downloading https://repo.maven.apache.org/maven2/org/springframework/spring-context/6.0.23/spring-context-6.0.23.pom
2025-08-13 11:39:38,325 [Worker-41: Building] INFO  o.e.m.c.i.e.AbstractTransferListenerAdapter - Downloaded https://repo.maven.apache.org/maven2/org/springframework/spring-context/6.0.23/spring-context-6.0.23.pom
2025-08-13 11:39:38,346 [Worker-41: Building] INFO  o.e.m.c.i.e.AbstractTransferListenerAdapter - Downloading https://repo.maven.apache.org/maven2/org/springframework/spring-expression/6.0.23/spring-expression-6.0.23.pom
2025-08-13 11:39:38,353 [Worker-41: Building] INFO  o.e.m.c.i.e.AbstractTransferListenerAdapter - Downloaded https://repo.maven.apache.org/maven2/org/springframework/spring-expression/6.0.23/spring-expression-6.0.23.pom
2025-08-13 11:39:38,371 [Worker-41: Building] INFO  o.e.m.c.i.e.AbstractTransferListenerAdapter - Downloading https://repo.maven.apache.org/maven2/org/springframework/spring-web/6.0.23/spring-web-6.0.23.pom
2025-08-13 11:39:38,377 [Worker-41: Building] INFO  o.e.m.c.i.e.AbstractTransferListenerAdapter - Downloaded https://repo.maven.apache.org/maven2/org/springframework/spring-web/6.0.23/spring-web-6.0.23.pom
2025-08-13 11:39:38,399 [Worker-41: Building] INFO  o.e.m.c.i.e.AbstractTransferListenerAdapter - Downloading https://repo.maven.apache.org/maven2/io/micrometer/micrometer-observation/1.10.13/micrometer-observation-1.10.13.pom
2025-08-13 11:39:38,406 [Worker-41: Building] INFO  o.e.m.c.i.e.AbstractTransferListenerAdapter - Downloaded https://repo.maven.apache.org/maven2/io/micrometer/micrometer-observation/1.10.13/micrometer-observation-1.10.13.pom
2025-08-13 11:39:38,433 [Worker-41: Building] INFO  o.e.m.c.i.e.AbstractTransferListenerAdapter - Downloading https://repo.maven.apache.org/maven2/io/micrometer/micrometer-commons/1.10.13/micrometer-commons-1.10.13.pom
2025-08-13 11:39:38,446 [Worker-41: Building] INFO  o.e.m.c.i.e.AbstractTransferListenerAdapter - Downloaded https://repo.maven.apache.org/maven2/io/micrometer/micrometer-commons/1.10.13/micrometer-commons-1.10.13.pom
2025-08-13 11:39:38,487 [Worker-41: Building] INFO  o.e.m.c.i.e.AbstractTransferListenerAdapter - Downloading https://repo.maven.apache.org/maven2/org/springframework/spring-webmvc/6.0.23/spring-webmvc-6.0.23.jar
2025-08-13 11:39:38,594 [Worker-41: Building] INFO  o.e.m.c.i.e.AbstractTransferListenerAdapter - Downloaded https://repo.maven.apache.org/maven2/org/springframework/spring-webmvc/6.0.23/spring-webmvc-6.0.23.jar
2025-08-13 11:39:38,609 [BasicRepositoryConnector-repo.maven.apache.org-3-3] INFO  o.e.m.c.i.e.AbstractTransferListenerAdapter - Downloading https://repo.maven.apache.org/maven2/org/springframework/spring-core/6.0.23/spring-core-6.0.23.jar
2025-08-13 11:39:38,668 [BasicRepositoryConnector-repo.maven.apache.org-3-1] INFO  o.e.m.c.i.e.AbstractTransferListenerAdapter - Downloading https://repo.maven.apache.org/maven2/org/springframework/spring-beans/6.0.23/spring-beans-6.0.23.jar
2025-08-13 11:39:38,669 [BasicRepositoryConnector-repo.maven.apache.org-3-4] INFO  o.e.m.c.i.e.AbstractTransferListenerAdapter - Downloading https://repo.maven.apache.org/maven2/org/springframework/spring-jcl/6.0.23/spring-jcl-6.0.23.jar
2025-08-13 11:39:38,680 [BasicRepositoryConnector-repo.maven.apache.org-3-2] INFO  o.e.m.c.i.e.AbstractTransferListenerAdapter - Downloading https://repo.maven.apache.org/maven2/org/springframework/spring-context/6.0.23/spring-context-6.0.23.jar
2025-08-13 11:39:38,685 [BasicRepositoryConnector-repo.maven.apache.org-3-4] INFO  o.e.m.c.i.e.AbstractTransferListenerAdapter - Downloaded https://repo.maven.apache.org/maven2/org/springframework/spring-jcl/6.0.23/spring-jcl-6.0.23.jar
2025-08-13 11:39:38,687 [BasicRepositoryConnector-repo.maven.apache.org-3-3] INFO  o.e.m.c.i.e.AbstractTransferListenerAdapter - Downloaded https://repo.maven.apache.org/maven2/org/springframework/spring-core/6.0.23/spring-core-6.0.23.jar
2025-08-13 11:39:38,732 [BasicRepositoryConnector-repo.maven.apache.org-3-3] INFO  o.e.m.c.i.e.AbstractTransferListenerAdapter - Downloading https://repo.maven.apache.org/maven2/org/springframework/spring-web/6.0.23/spring-web-6.0.23.jar
2025-08-13 11:39:38,743 [BasicRepositoryConnector-repo.maven.apache.org-3-4] INFO  o.e.m.c.i.e.AbstractTransferListenerAdapter - Downloading https://repo.maven.apache.org/maven2/org/springframework/spring-expression/6.0.23/spring-expression-6.0.23.jar
2025-08-13 11:39:38,827 [BasicRepositoryConnector-repo.maven.apache.org-3-0] INFO  o.e.m.c.i.e.AbstractTransferListenerAdapter - Downloading https://repo.maven.apache.org/maven2/org/springframework/spring-aop/6.0.23/spring-aop-6.0.23.jar
2025-08-13 11:39:38,840 [BasicRepositoryConnector-repo.maven.apache.org-3-3] INFO  o.e.m.c.i.e.AbstractTransferListenerAdapter - Downloaded https://repo.maven.apache.org/maven2/org/springframework/spring-web/6.0.23/spring-web-6.0.23.jar
2025-08-13 11:39:38,858 [BasicRepositoryConnector-repo.maven.apache.org-3-3] INFO  o.e.m.c.i.e.AbstractTransferListenerAdapter - Downloading https://repo.maven.apache.org/maven2/io/micrometer/micrometer-observation/1.10.13/micrometer-observation-1.10.13.jar
2025-08-13 11:39:38,865 [BasicRepositoryConnector-repo.maven.apache.org-3-3] INFO  o.e.m.c.i.e.AbstractTransferListenerAdapter - Downloaded https://repo.maven.apache.org/maven2/io/micrometer/micrometer-observation/1.10.13/micrometer-observation-1.10.13.jar
2025-08-13 11:39:38,884 [BasicRepositoryConnector-repo.maven.apache.org-3-3] INFO  o.e.m.c.i.e.AbstractTransferListenerAdapter - Downloading https://repo.maven.apache.org/maven2/io/micrometer/micrometer-commons/1.10.13/micrometer-commons-1.10.13.jar
2025-08-13 11:39:38,889 [BasicRepositoryConnector-repo.maven.apache.org-3-3] INFO  o.e.m.c.i.e.AbstractTransferListenerAdapter - Downloaded https://repo.maven.apache.org/maven2/io/micrometer/micrometer-commons/1.10.13/micrometer-commons-1.10.13.jar
2025-08-13 11:39:38,907 [BasicRepositoryConnector-repo.maven.apache.org-3-4] INFO  o.e.m.c.i.e.AbstractTransferListenerAdapter - Downloaded https://repo.maven.apache.org/maven2/org/springframework/spring-expression/6.0.23/spring-expression-6.0.23.jar
2025-08-13 11:39:38,909 [BasicRepositoryConnector-repo.maven.apache.org-3-0] INFO  o.e.m.c.i.e.AbstractTransferListenerAdapter - Downloaded https://repo.maven.apache.org/maven2/org/springframework/spring-aop/6.0.23/spring-aop-6.0.23.jar
2025-08-13 11:39:38,964 [BasicRepositoryConnector-repo.maven.apache.org-3-2] INFO  o.e.m.c.i.e.AbstractTransferListenerAdapter - Downloaded https://repo.maven.apache.org/maven2/org/springframework/spring-context/6.0.23/spring-context-6.0.23.jar
2025-08-13 11:39:39,122 [BasicRepositoryConnector-repo.maven.apache.org-3-1] INFO  o.e.m.c.i.e.AbstractTransferListenerAdapter - Downloaded https://repo.maven.apache.org/maven2/org/springframework/spring-beans/6.0.23/spring-beans-6.0.23.jar
2025-08-13 11:39:39,897 [Worker-41: Building] WARN  o.a.m.s.f.DefaultMavenResourcesFiltering - Using platform encoding (UTF-8 actually) to copy filtered resources, i.e. build is platform dependent!
2025-08-13 11:39:39,903 [Worker-41: Building] INFO  o.a.m.s.f.DefaultMavenResourcesFiltering - Copying 0 resource from src\main\resources to target\classes
2025-08-13 11:39:39,909 [Worker-41: Building] WARN  o.a.m.s.f.DefaultMavenResourcesFiltering - Using platform encoding (UTF-8 actually) to copy filtered resources, i.e. build is platform dependent!
2025-08-13 11:39:39,914 [Worker-41: Building] INFO  o.a.m.s.f.DefaultMavenResourcesFiltering - Copying 0 resource from src\test\resources to target\test-classes
2025-08-13 11:39:39,915 [Worker-41: Building] INFO  o.e.m.w.i.f.ResourceFilteringBuildParticipant - Changed resources require a complete clean of filtered resources of java_web
2025-08-13 11:39:39,915 [Worker-41: Building] INFO  o.e.m.w.i.f.ResourceFilteringBuildParticipant - Executing resource filtering for java_web
2025-08-13 11:39:40,844 [Worker-41: Download sources and javadoc] INFO  o.e.m.c.i.e.AbstractTransferListenerAdapter - Downloading https://repo.maven.apache.org/maven2/org/springframework/spring-webmvc/6.0.23/spring-webmvc-6.0.23-sources.jar
2025-08-13 11:39:40,954 [Worker-41: Download sources and javadoc] INFO  o.e.m.c.i.e.AbstractTransferListenerAdapter - Downloaded https://repo.maven.apache.org/maven2/org/springframework/spring-webmvc/6.0.23/spring-webmvc-6.0.23-sources.jar
2025-08-13 11:39:40,960 [Worker-41: Download sources and javadoc] INFO  o.e.m.j.internal.DownloadSourcesJob - Downloaded sources for org.springframework:spring-webmvc:6.0.23
2025-08-13 11:39:41,068 [Worker-41: Download sources and javadoc] INFO  o.e.m.c.i.e.AbstractTransferListenerAdapter - Downloading https://repo.maven.apache.org/maven2/org/springframework/spring-aop/6.0.23/spring-aop-6.0.23-sources.jar
2025-08-13 11:39:41,115 [Worker-41: Download sources and javadoc] INFO  o.e.m.c.i.e.AbstractTransferListenerAdapter - Downloaded https://repo.maven.apache.org/maven2/org/springframework/spring-aop/6.0.23/spring-aop-6.0.23-sources.jar
2025-08-13 11:39:41,121 [Worker-41: Download sources and javadoc] INFO  o.e.m.j.internal.DownloadSourcesJob - Downloaded sources for org.springframework:spring-aop:6.0.23
2025-08-13 11:39:41,179 [Worker-41: Download sources and javadoc] INFO  o.e.m.c.i.e.AbstractTransferListenerAdapter - Downloading https://repo.maven.apache.org/maven2/org/springframework/spring-beans/6.0.23/spring-beans-6.0.23-sources.jar
2025-08-13 11:39:41,311 [Worker-41: Download sources and javadoc] INFO  o.e.m.c.i.e.AbstractTransferListenerAdapter - Downloaded https://repo.maven.apache.org/maven2/org/springframework/spring-beans/6.0.23/spring-beans-6.0.23-sources.jar
2025-08-13 11:39:41,317 [Worker-41: Download sources and javadoc] INFO  o.e.m.j.internal.DownloadSourcesJob - Downloaded sources for org.springframework:spring-beans:6.0.23
2025-08-13 11:39:41,444 [Worker-41: Download sources and javadoc] INFO  o.e.m.c.i.e.AbstractTransferListenerAdapter - Downloading https://repo.maven.apache.org/maven2/org/springframework/spring-context/6.0.23/spring-context-6.0.23-sources.jar
2025-08-13 11:39:41,445 [Worker-43: Building] INFO  o.e.m.c.i.l.LifecycleMappingFactory - Using org.maven.ide.eclipse.wtp.WarLifecycleMapping lifecycle mapping for MavenProject: java_web:java_web:0.0.1-SNAPSHOT @ C:\lect_labs\labs_java\workspace\java_web\pom.xml.
2025-08-13 11:39:41,618 [Worker-41: Download sources and javadoc] INFO  o.e.m.c.i.e.AbstractTransferListenerAdapter - Downloaded https://repo.maven.apache.org/maven2/org/springframework/spring-context/6.0.23/spring-context-6.0.23-sources.jar
2025-08-13 11:39:41,623 [Worker-41: Download sources and javadoc] INFO  o.e.m.j.internal.DownloadSourcesJob - Downloaded sources for org.springframework:spring-context:6.0.23
2025-08-13 11:39:41,753 [Worker-41: Download sources and javadoc] INFO  o.e.m.c.i.e.AbstractTransferListenerAdapter - Downloading https://repo.maven.apache.org/maven2/org/springframework/spring-core/6.0.23/spring-core-6.0.23-sources.jar
2025-08-13 11:39:41,945 [Worker-41: Download sources and javadoc] INFO  o.e.m.c.i.e.AbstractTransferListenerAdapter - Downloaded https://repo.maven.apache.org/maven2/org/springframework/spring-core/6.0.23/spring-core-6.0.23-sources.jar
2025-08-13 11:39:41,952 [Worker-41: Download sources and javadoc] INFO  o.e.m.j.internal.DownloadSourcesJob - Downloaded sources for org.springframework:spring-core:6.0.23
2025-08-13 11:39:42,076 [Worker-41: Download sources and javadoc] INFO  o.e.m.c.i.e.AbstractTransferListenerAdapter - Downloading https://repo.maven.apache.org/maven2/org/springframework/spring-jcl/6.0.23/spring-jcl-6.0.23-sources.jar
2025-08-13 11:39:42,083 [Worker-41: Download sources and javadoc] INFO  o.e.m.c.i.e.AbstractTransferListenerAdapter - Downloaded https://repo.maven.apache.org/maven2/org/springframework/spring-jcl/6.0.23/spring-jcl-6.0.23-sources.jar
2025-08-13 11:39:42,089 [Worker-41: Download sources and javadoc] INFO  o.e.m.j.internal.DownloadSourcesJob - Downloaded sources for org.springframework:spring-jcl:6.0.23
2025-08-13 11:39:42,204 [Worker-41: Download sources and javadoc] INFO  o.e.m.c.i.e.AbstractTransferListenerAdapter - Downloading https://repo.maven.apache.org/maven2/org/springframework/spring-expression/6.0.23/spring-expression-6.0.23-sources.jar
2025-08-13 11:39:42,284 [Worker-41: Download sources and javadoc] INFO  o.e.m.c.i.e.AbstractTransferListenerAdapter - Downloaded https://repo.maven.apache.org/maven2/org/springframework/spring-expression/6.0.23/spring-expression-6.0.23-sources.jar
2025-08-13 11:39:42,289 [Worker-41: Download sources and javadoc] INFO  o.e.m.j.internal.DownloadSourcesJob - Downloaded sources for org.springframework:spring-expression:6.0.23
2025-08-13 11:39:42,407 [Worker-41: Download sources and javadoc] INFO  o.e.m.c.i.e.AbstractTransferListenerAdapter - Downloading https://repo.maven.apache.org/maven2/org/springframework/spring-web/6.0.23/spring-web-6.0.23-sources.jar
2025-08-13 11:39:42,513 [Worker-41: Download sources and javadoc] INFO  o.e.m.c.i.e.AbstractTransferListenerAdapter - Downloaded https://repo.maven.apache.org/maven2/org/springframework/spring-web/6.0.23/spring-web-6.0.23-sources.jar
2025-08-13 11:39:42,521 [Worker-41: Download sources and javadoc] INFO  o.e.m.j.internal.DownloadSourcesJob - Downloaded sources for org.springframework:spring-web:6.0.23
2025-08-13 11:39:42,585 [Worker-41: Download sources and javadoc] INFO  o.e.m.c.i.e.AbstractTransferListenerAdapter - Downloading https://repo.maven.apache.org/maven2/io/micrometer/micrometer-observation/1.10.13/micrometer-observation-1.10.13-sources.jar
2025-08-13 11:39:42,608 [Worker-41: Download sources and javadoc] INFO  o.e.m.c.i.e.AbstractTransferListenerAdapter - Downloaded https://repo.maven.apache.org/maven2/io/micrometer/micrometer-observation/1.10.13/micrometer-observation-1.10.13-sources.jar
2025-08-13 11:39:42,614 [Worker-41: Download sources and javadoc] INFO  o.e.m.j.internal.DownloadSourcesJob - Downloaded sources for io.micrometer:micrometer-observation:1.10.13
2025-08-13 11:39:42,702 [Worker-41: Download sources and javadoc] INFO  o.e.m.c.i.e.AbstractTransferListenerAdapter - Downloading https://repo.maven.apache.org/maven2/io/micrometer/micrometer-commons/1.10.13/micrometer-commons-1.10.13-sources.jar
2025-08-13 11:39:42,710 [Worker-41: Download sources and javadoc] INFO  o.e.m.c.i.e.AbstractTransferListenerAdapter - Downloaded https://repo.maven.apache.org/maven2/io/micrometer/micrometer-commons/1.10.13/micrometer-commons-1.10.13-sources.jar
2025-08-13 11:39:42,715 [Worker-41: Download sources and javadoc] INFO  o.e.m.j.internal.DownloadSourcesJob - Downloaded sources for io.micrometer:micrometer-commons:1.10.13
2025-08-13 11:39:42,960 [Worker-43: Building] WARN  o.a.m.s.f.DefaultMavenResourcesFiltering - Using platform encoding (UTF-8 actually) to copy filtered resources, i.e. build is platform dependent!
2025-08-13 11:39:42,963 [Worker-43: Building] INFO  o.a.m.s.f.DefaultMavenResourcesFiltering - Copying 0 resource from src\main\resources to target\classes
2025-08-13 11:39:42,969 [Worker-43: Building] WARN  o.a.m.s.f.DefaultMavenResourcesFiltering - Using platform encoding (UTF-8 actually) to copy filtered resources, i.e. build is platform dependent!
2025-08-13 11:39:42,972 [Worker-43: Building] INFO  o.a.m.s.f.DefaultMavenResourcesFiltering - Copying 0 resource from src\test\resources to target\test-classes
2025-08-13 11:39:42,972 [Worker-43: Building] INFO  o.e.m.w.i.f.ResourceFilteringBuildParticipant - Changed resources require a complete clean of filtered resources of java_web
2025-08-13 11:39:42,972 [Worker-43: Building] INFO  o.e.m.w.i.f.ResourceFilteringBuildParticipant - Executing resource filtering for java_web
2025-08-13 11:39:48,036 [Worker-49: Building] INFO  o.e.m.c.i.l.LifecycleMappingFactory - Using org.maven.ide.eclipse.wtp.WarLifecycleMapping lifecycle mapping for MavenProject: java_web:java_web:0.0.1-SNAPSHOT @ C:\lect_labs\labs_java\workspace\java_web\pom.xml.
2025-08-13 11:39:48,189 [Worker-49: Building] INFO  o.e.m.c.i.e.AbstractTransferListenerAdapter - Downloading https://repo.maven.apache.org/maven2/org/mybatis/mybatis-spring/3.0.3/mybatis-spring-3.0.3.pom
2025-08-13 11:39:48,207 [Worker-49: Building] INFO  o.e.m.c.i.e.AbstractTransferListenerAdapter - Downloaded https://repo.maven.apache.org/maven2/org/mybatis/mybatis-spring/3.0.3/mybatis-spring-3.0.3.pom
2025-08-13 11:39:48,249 [Worker-49: Building] INFO  o.e.m.c.i.e.AbstractTransferListenerAdapter - Downloading https://repo.maven.apache.org/maven2/org/mybatis/mybatis-parent/40/mybatis-parent-40.pom
2025-08-13 11:39:48,269 [Worker-49: Building] INFO  o.e.m.c.i.e.AbstractTransferListenerAdapter - Downloaded https://repo.maven.apache.org/maven2/org/mybatis/mybatis-parent/40/mybatis-parent-40.pom
2025-08-13 11:39:48,323 [Worker-49: Building] INFO  o.e.m.c.i.e.AbstractTransferListenerAdapter - Downloading https://repo.maven.apache.org/maven2/org/mybatis/mybatis-spring/3.0.3/mybatis-spring-3.0.3.jar
2025-08-13 11:39:48,356 [Worker-49: Building] INFO  o.e.m.c.i.e.AbstractTransferListenerAdapter - Downloaded https://repo.maven.apache.org/maven2/org/mybatis/mybatis-spring/3.0.3/mybatis-spring-3.0.3.jar
2025-08-13 11:39:49,157 [Worker-49: Building] WARN  o.a.m.s.f.DefaultMavenResourcesFiltering - Using platform encoding (UTF-8 actually) to copy filtered resources, i.e. build is platform dependent!
2025-08-13 11:39:49,162 [Worker-49: Building] INFO  o.a.m.s.f.DefaultMavenResourcesFiltering - Copying 0 resource from src\main\resources to target\classes
2025-08-13 11:39:49,167 [Worker-49: Building] WARN  o.a.m.s.f.DefaultMavenResourcesFiltering - Using platform encoding (UTF-8 actually) to copy filtered resources, i.e. build is platform dependent!
2025-08-13 11:39:49,169 [Worker-49: Building] INFO  o.a.m.s.f.DefaultMavenResourcesFiltering - Copying 0 resource from src\test\resources to target\test-classes
2025-08-13 11:39:49,170 [Worker-49: Building] INFO  o.e.m.w.i.f.ResourceFilteringBuildParticipant - Changed resources require a complete clean of filtered resources of java_web
2025-08-13 11:39:49,171 [Worker-49: Building] INFO  o.e.m.w.i.f.ResourceFilteringBuildParticipant - Executing resource filtering for java_web
2025-08-13 11:39:50,065 [Worker-41: Download sources and javadoc] INFO  o.e.m.c.i.e.AbstractTransferListenerAdapter - Downloading https://repo.maven.apache.org/maven2/org/mybatis/mybatis-spring/3.0.3/mybatis-spring-3.0.3-sources.jar
2025-08-13 11:39:50,080 [Worker-41: Download sources and javadoc] INFO  o.e.m.c.i.e.AbstractTransferListenerAdapter - Downloaded https://repo.maven.apache.org/maven2/org/mybatis/mybatis-spring/3.0.3/mybatis-spring-3.0.3-sources.jar
2025-08-13 11:39:50,086 [Worker-41: Download sources and javadoc] INFO  o.e.m.j.internal.DownloadSourcesJob - Downloaded sources for org.mybatis:mybatis-spring:3.0.3
2025-08-13 11:39:59,186 [Worker-42: Building] INFO  o.e.m.c.i.l.LifecycleMappingFactory - Using org.maven.ide.eclipse.wtp.WarLifecycleMapping lifecycle mapping for MavenProject: java_web:java_web:0.0.1-SNAPSHOT @ C:\lect_labs\labs_java\workspace\java_web\pom.xml.
2025-08-13 11:39:59,893 [Worker-42: Building] WARN  o.a.m.s.f.DefaultMavenResourcesFiltering - Using platform encoding (UTF-8 actually) to copy filtered resources, i.e. build is platform dependent!
2025-08-13 11:39:59,896 [Worker-42: Building] INFO  o.a.m.s.f.DefaultMavenResourcesFiltering - Copying 0 resource from src\main\resources to target\classes
2025-08-13 11:39:59,906 [Worker-42: Building] WARN  o.a.m.s.f.DefaultMavenResourcesFiltering - Using platform encoding (UTF-8 actually) to copy filtered resources, i.e. build is platform dependent!
2025-08-13 11:39:59,909 [Worker-42: Building] INFO  o.a.m.s.f.DefaultMavenResourcesFiltering - Copying 0 resource from src\test\resources to target\test-classes
2025-08-13 11:39:59,909 [Worker-42: Building] INFO  o.e.m.w.i.f.ResourceFilteringBuildParticipant - Changed resources require a complete clean of filtered resources of java_web
2025-08-13 11:39:59,909 [Worker-42: Building] INFO  o.e.m.w.i.f.ResourceFilteringBuildParticipant - Executing resource filtering for java_web
2025-08-13 11:40:01,422 [Worker-48: Building] INFO  o.e.m.c.i.l.LifecycleMappingFactory - Using org.maven.ide.eclipse.wtp.WarLifecycleMapping lifecycle mapping for MavenProject: java_web:java_web:0.0.1-SNAPSHOT @ C:\lect_labs\labs_java\workspace\java_web\pom.xml.
2025-08-13 11:40:02,147 [Worker-48: Building] WARN  o.a.m.s.f.DefaultMavenResourcesFiltering - Using platform encoding (UTF-8 actually) to copy filtered resources, i.e. build is platform dependent!
2025-08-13 11:40:02,150 [Worker-48: Building] INFO  o.a.m.s.f.DefaultMavenResourcesFiltering - Copying 0 resource from src\main\resources to target\classes
2025-08-13 11:40:02,154 [Worker-48: Building] WARN  o.a.m.s.f.DefaultMavenResourcesFiltering - Using platform encoding (UTF-8 actually) to copy filtered resources, i.e. build is platform dependent!
2025-08-13 11:40:02,156 [Worker-48: Building] INFO  o.a.m.s.f.DefaultMavenResourcesFiltering - Copying 0 resource from src\test\resources to target\test-classes
2025-08-13 11:40:02,156 [Worker-48: Building] INFO  o.e.m.w.i.f.ResourceFilteringBuildParticipant - Changed resources require a complete clean of filtered resources of java_web
2025-08-13 11:40:02,156 [Worker-48: Building] INFO  o.e.m.w.i.f.ResourceFilteringBuildParticipant - Executing resource filtering for java_web
2025-08-13 11:40:06,513 [Worker-42: Building] INFO  o.e.m.c.i.l.LifecycleMappingFactory - Using org.maven.ide.eclipse.wtp.WarLifecycleMapping lifecycle mapping for MavenProject: java_web:java_web:0.0.1-SNAPSHOT @ C:\lect_labs\labs_java\workspace\java_web\pom.xml.
2025-08-13 11:40:06,584 [Worker-42: Building] INFO  o.e.m.c.i.e.AbstractTransferListenerAdapter - Downloading https://repo.maven.apache.org/maven2/ch/qos/logback/logback-classic/1.5.6/logback-classic-1.5.6.pom
2025-08-13 11:40:06,592 [Worker-42: Building] INFO  o.e.m.c.i.e.AbstractTransferListenerAdapter - Downloaded https://repo.maven.apache.org/maven2/ch/qos/logback/logback-classic/1.5.6/logback-classic-1.5.6.pom
2025-08-13 11:40:06,613 [Worker-42: Building] INFO  o.e.m.c.i.e.AbstractTransferListenerAdapter - Downloading https://repo.maven.apache.org/maven2/ch/qos/logback/logback-parent/1.5.6/logback-parent-1.5.6.pom
2025-08-13 11:40:06,619 [Worker-42: Building] INFO  o.e.m.c.i.e.AbstractTransferListenerAdapter - Downloaded https://repo.maven.apache.org/maven2/ch/qos/logback/logback-parent/1.5.6/logback-parent-1.5.6.pom
2025-08-13 11:40:06,644 [Worker-42: Building] INFO  o.e.m.c.i.e.AbstractTransferListenerAdapter - Downloading https://repo.maven.apache.org/maven2/ch/qos/logback/logback-core/1.5.6/logback-core-1.5.6.pom
2025-08-13 11:40:06,649 [Worker-42: Building] INFO  o.e.m.c.i.e.AbstractTransferListenerAdapter - Downloaded https://repo.maven.apache.org/maven2/ch/qos/logback/logback-core/1.5.6/logback-core-1.5.6.pom
2025-08-13 11:40:06,682 [Worker-42: Building] INFO  o.e.m.c.i.e.AbstractTransferListenerAdapter - Downloading https://repo.maven.apache.org/maven2/org/slf4j/slf4j-api/2.0.13/slf4j-api-2.0.13.pom
2025-08-13 11:40:06,688 [Worker-42: Building] INFO  o.e.m.c.i.e.AbstractTransferListenerAdapter - Downloaded https://repo.maven.apache.org/maven2/org/slf4j/slf4j-api/2.0.13/slf4j-api-2.0.13.pom
2025-08-13 11:40:06,706 [Worker-42: Building] INFO  o.e.m.c.i.e.AbstractTransferListenerAdapter - Downloading https://repo.maven.apache.org/maven2/org/slf4j/slf4j-parent/2.0.13/slf4j-parent-2.0.13.pom
2025-08-13 11:40:06,713 [Worker-42: Building] INFO  o.e.m.c.i.e.AbstractTransferListenerAdapter - Downloaded https://repo.maven.apache.org/maven2/org/slf4j/slf4j-parent/2.0.13/slf4j-parent-2.0.13.pom
2025-08-13 11:40:06,733 [Worker-42: Building] INFO  o.e.m.c.i.e.AbstractTransferListenerAdapter - Downloading https://repo.maven.apache.org/maven2/org/slf4j/slf4j-bom/2.0.13/slf4j-bom-2.0.13.pom
2025-08-13 11:40:06,739 [Worker-42: Building] INFO  o.e.m.c.i.e.AbstractTransferListenerAdapter - Downloaded https://repo.maven.apache.org/maven2/org/slf4j/slf4j-bom/2.0.13/slf4j-bom-2.0.13.pom
2025-08-13 11:40:06,798 [Worker-42: Building] INFO  o.e.m.c.i.e.AbstractTransferListenerAdapter - Downloading https://repo.maven.apache.org/maven2/ch/qos/logback/logback-classic/1.5.6/logback-classic-1.5.6.jar
2025-08-13 11:40:06,835 [Worker-42: Building] INFO  o.e.m.c.i.e.AbstractTransferListenerAdapter - Downloaded https://repo.maven.apache.org/maven2/ch/qos/logback/logback-classic/1.5.6/logback-classic-1.5.6.jar
2025-08-13 11:40:06,848 [BasicRepositoryConnector-repo.maven.apache.org-4-1] INFO  o.e.m.c.i.e.AbstractTransferListenerAdapter - Downloading https://repo.maven.apache.org/maven2/org/slf4j/slf4j-api/2.0.13/slf4j-api-2.0.13.jar
2025-08-13 11:40:06,857 [BasicRepositoryConnector-repo.maven.apache.org-4-1] INFO  o.e.m.c.i.e.AbstractTransferListenerAdapter - Downloaded https://repo.maven.apache.org/maven2/org/slf4j/slf4j-api/2.0.13/slf4j-api-2.0.13.jar
2025-08-13 11:40:06,908 [BasicRepositoryConnector-repo.maven.apache.org-4-0] INFO  o.e.m.c.i.e.AbstractTransferListenerAdapter - Downloading https://repo.maven.apache.org/maven2/ch/qos/logback/logback-core/1.5.6/logback-core-1.5.6.jar
2025-08-13 11:40:07,209 [BasicRepositoryConnector-repo.maven.apache.org-4-0] INFO  o.e.m.c.i.e.AbstractTransferListenerAdapter - Downloaded https://repo.maven.apache.org/maven2/ch/qos/logback/logback-core/1.5.6/logback-core-1.5.6.jar
2025-08-13 11:40:07,933 [Worker-42: Building] WARN  o.a.m.s.f.DefaultMavenResourcesFiltering - Using platform encoding (UTF-8 actually) to copy filtered resources, i.e. build is platform dependent!
2025-08-13 11:40:07,936 [Worker-42: Building] INFO  o.a.m.s.f.DefaultMavenResourcesFiltering - Copying 0 resource from src\main\resources to target\classes
2025-08-13 11:40:07,940 [Worker-42: Building] WARN  o.a.m.s.f.DefaultMavenResourcesFiltering - Using platform encoding (UTF-8 actually) to copy filtered resources, i.e. build is platform dependent!
2025-08-13 11:40:07,942 [Worker-42: Building] INFO  o.a.m.s.f.DefaultMavenResourcesFiltering - Copying 0 resource from src\test\resources to target\test-classes
2025-08-13 11:40:07,942 [Worker-42: Building] INFO  o.e.m.w.i.f.ResourceFilteringBuildParticipant - Changed resources require a complete clean of filtered resources of java_web
2025-08-13 11:40:07,942 [Worker-42: Building] INFO  o.e.m.w.i.f.ResourceFilteringBuildParticipant - Executing resource filtering for java_web
2025-08-13 11:40:08,928 [Worker-46: Download sources and javadoc] INFO  o.e.m.c.i.e.AbstractTransferListenerAdapter - Downloading https://repo.maven.apache.org/maven2/ch/qos/logback/logback-classic/1.5.6/logback-classic-1.5.6-sources.jar
2025-08-13 11:40:08,971 [Worker-46: Download sources and javadoc] INFO  o.e.m.c.i.e.AbstractTransferListenerAdapter - Downloaded https://repo.maven.apache.org/maven2/ch/qos/logback/logback-classic/1.5.6/logback-classic-1.5.6-sources.jar
2025-08-13 11:40:08,976 [Worker-46: Download sources and javadoc] INFO  o.e.m.j.internal.DownloadSourcesJob - Downloaded sources for ch.qos.logback:logback-classic:1.5.6
2025-08-13 11:40:09,044 [Worker-46: Download sources and javadoc] INFO  o.e.m.c.i.e.AbstractTransferListenerAdapter - Downloading https://repo.maven.apache.org/maven2/ch/qos/logback/logback-core/1.5.6/logback-core-1.5.6-sources.jar
2025-08-13 11:40:09,153 [Worker-46: Download sources and javadoc] INFO  o.e.m.c.i.e.AbstractTransferListenerAdapter - Downloaded https://repo.maven.apache.org/maven2/ch/qos/logback/logback-core/1.5.6/logback-core-1.5.6-sources.jar
2025-08-13 11:40:09,158 [Worker-46: Download sources and javadoc] INFO  o.e.m.j.internal.DownloadSourcesJob - Downloaded sources for ch.qos.logback:logback-core:1.5.6
2025-08-13 11:40:09,323 [Worker-44: Building] INFO  o.e.m.c.i.l.LifecycleMappingFactory - Using org.maven.ide.eclipse.wtp.WarLifecycleMapping lifecycle mapping for MavenProject: java_web:java_web:0.0.1-SNAPSHOT @ C:\lect_labs\labs_java\workspace\java_web\pom.xml.
2025-08-13 11:40:09,336 [Worker-46: Download sources and javadoc] INFO  o.e.m.c.i.e.AbstractTransferListenerAdapter - Downloading https://repo.maven.apache.org/maven2/org/slf4j/slf4j-api/2.0.13/slf4j-api-2.0.13-sources.jar
2025-08-13 11:40:09,387 [Worker-46: Download sources and javadoc] INFO  o.e.m.c.i.e.AbstractTransferListenerAdapter - Downloaded https://repo.maven.apache.org/maven2/org/slf4j/slf4j-api/2.0.13/slf4j-api-2.0.13-sources.jar
2025-08-13 11:40:09,392 [Worker-46: Download sources and javadoc] INFO  o.e.m.j.internal.DownloadSourcesJob - Downloaded sources for org.slf4j:slf4j-api:2.0.13
2025-08-13 11:40:10,186 [Worker-44: Building] WARN  o.a.m.s.f.DefaultMavenResourcesFiltering - Using platform encoding (UTF-8 actually) to copy filtered resources, i.e. build is platform dependent!
2025-08-13 11:40:10,189 [Worker-44: Building] INFO  o.a.m.s.f.DefaultMavenResourcesFiltering - Copying 0 resource from src\main\resources to target\classes
2025-08-13 11:40:10,195 [Worker-44: Building] WARN  o.a.m.s.f.DefaultMavenResourcesFiltering - Using platform encoding (UTF-8 actually) to copy filtered resources, i.e. build is platform dependent!
2025-08-13 11:40:10,197 [Worker-44: Building] INFO  o.a.m.s.f.DefaultMavenResourcesFiltering - Copying 0 resource from src\test\resources to target\test-classes
2025-08-13 11:40:10,197 [Worker-44: Building] INFO  o.e.m.w.i.f.ResourceFilteringBuildParticipant - Changed resources require a complete clean of filtered resources of java_web
2025-08-13 11:40:10,197 [Worker-44: Building] INFO  o.e.m.w.i.f.ResourceFilteringBuildParticipant - Executing resource filtering for java_web
2025-08-13 11:40:11,482 [Worker-45: Building] INFO  o.e.m.c.i.l.LifecycleMappingFactory - Using org.maven.ide.eclipse.wtp.WarLifecycleMapping lifecycle mapping for MavenProject: java_web:java_web:0.0.1-SNAPSHOT @ C:\lect_labs\labs_java\workspace\java_web\pom.xml.
2025-08-13 11:40:12,382 [Worker-45: Building] WARN  o.a.m.s.f.DefaultMavenResourcesFiltering - Using platform encoding (UTF-8 actually) to copy filtered resources, i.e. build is platform dependent!
2025-08-13 11:40:12,386 [Worker-45: Building] INFO  o.a.m.s.f.DefaultMavenResourcesFiltering - Copying 0 resource from src\main\resources to target\classes
2025-08-13 11:40:12,388 [Worker-45: Building] WARN  o.a.m.s.f.DefaultMavenResourcesFiltering - Using platform encoding (UTF-8 actually) to copy filtered resources, i.e. build is platform dependent!
2025-08-13 11:40:12,389 [Worker-45: Building] INFO  o.a.m.s.f.DefaultMavenResourcesFiltering - Copying 0 resource from src\test\resources to target\test-classes
2025-08-13 11:40:12,390 [Worker-45: Building] INFO  o.e.m.w.i.f.ResourceFilteringBuildParticipant - Changed resources require a complete clean of filtered resources of java_web
2025-08-13 11:40:12,390 [Worker-45: Building] INFO  o.e.m.w.i.f.ResourceFilteringBuildParticipant - Executing resource filtering for java_web
2025-08-13 11:40:17,530 [Worker-50: Building] INFO  o.e.m.c.i.l.LifecycleMappingFactory - Using org.maven.ide.eclipse.wtp.WarLifecycleMapping lifecycle mapping for MavenProject: java_web:java_web:0.0.1-SNAPSHOT @ C:\lect_labs\labs_java\workspace\java_web\pom.xml.
2025-08-13 11:40:18,258 [Worker-50: Building] WARN  o.a.m.s.f.DefaultMavenResourcesFiltering - Using platform encoding (UTF-8 actually) to copy filtered resources, i.e. build is platform dependent!
2025-08-13 11:40:18,262 [Worker-50: Building] INFO  o.a.m.s.f.DefaultMavenResourcesFiltering - Copying 0 resource from src\main\resources to target\classes
2025-08-13 11:40:18,266 [Worker-50: Building] WARN  o.a.m.s.f.DefaultMavenResourcesFiltering - Using platform encoding (UTF-8 actually) to copy filtered resources, i.e. build is platform dependent!
2025-08-13 11:40:18,268 [Worker-50: Building] INFO  o.a.m.s.f.DefaultMavenResourcesFiltering - Copying 0 resource from src\test\resources to target\test-classes
2025-08-13 11:40:18,269 [Worker-50: Building] INFO  o.e.m.w.i.f.ResourceFilteringBuildParticipant - Changed resources require a complete clean of filtered resources of java_web
2025-08-13 11:40:18,269 [Worker-50: Building] INFO  o.e.m.w.i.f.ResourceFilteringBuildParticipant - Executing resource filtering for java_web
2025-08-13 11:40:30,289 [Worker-42: Building] INFO  o.e.m.c.i.l.LifecycleMappingFactory - Using org.maven.ide.eclipse.wtp.WarLifecycleMapping lifecycle mapping for MavenProject: java_web:java_web:0.0.1-SNAPSHOT @ C:\lect_labs\labs_java\workspace\java_web\pom.xml.
2025-08-13 11:40:30,379 [Worker-42: Building] INFO  o.e.m.c.i.e.AbstractTransferListenerAdapter - Downloading https://repo.maven.apache.org/maven2/org/projectlombok/lombok/1.18.34/lombok-1.18.34.pom
2025-08-13 11:40:30,386 [Worker-42: Building] INFO  o.e.m.c.i.e.AbstractTransferListenerAdapter - Downloaded https://repo.maven.apache.org/maven2/org/projectlombok/lombok/1.18.34/lombok-1.18.34.pom
2025-08-13 11:40:30,420 [Worker-42: Building] INFO  o.e.m.c.i.e.AbstractTransferListenerAdapter - Downloading https://repo.maven.apache.org/maven2/org/aspectj/aspectjrt/1.9.19/aspectjrt-1.9.19.pom
2025-08-13 11:40:30,427 [Worker-42: Building] INFO  o.e.m.c.i.e.AbstractTransferListenerAdapter - Downloaded https://repo.maven.apache.org/maven2/org/aspectj/aspectjrt/1.9.19/aspectjrt-1.9.19.pom
2025-08-13 11:40:30,458 [Worker-42: Building] INFO  o.e.m.c.i.e.AbstractTransferListenerAdapter - Downloading https://repo.maven.apache.org/maven2/org/aspectj/aspectjweaver/1.9.19/aspectjweaver-1.9.19.pom
2025-08-13 11:40:30,466 [Worker-42: Building] INFO  o.e.m.c.i.e.AbstractTransferListenerAdapter - Downloaded https://repo.maven.apache.org/maven2/org/aspectj/aspectjweaver/1.9.19/aspectjweaver-1.9.19.pom
2025-08-13 11:40:30,511 [Worker-42: Building] INFO  o.e.m.c.i.e.AbstractTransferListenerAdapter - Downloading https://repo.maven.apache.org/maven2/org/projectlombok/lombok/1.18.34/lombok-1.18.34.jar
2025-08-13 11:40:30,653 [Worker-42: Building] INFO  o.e.m.c.i.e.AbstractTransferListenerAdapter - Downloaded https://repo.maven.apache.org/maven2/org/projectlombok/lombok/1.18.34/lombok-1.18.34.jar
2025-08-13 11:40:30,669 [BasicRepositoryConnector-repo.maven.apache.org-5-0] INFO  o.e.m.c.i.e.AbstractTransferListenerAdapter - Downloading https://repo.maven.apache.org/maven2/org/aspectj/aspectjrt/1.9.19/aspectjrt-1.9.19.jar
2025-08-13 11:40:30,677 [BasicRepositoryConnector-repo.maven.apache.org-5-0] INFO  o.e.m.c.i.e.AbstractTransferListenerAdapter - Downloaded https://repo.maven.apache.org/maven2/org/aspectj/aspectjrt/1.9.19/aspectjrt-1.9.19.jar
2025-08-13 11:40:30,695 [BasicRepositoryConnector-repo.maven.apache.org-5-1] INFO  o.e.m.c.i.e.AbstractTransferListenerAdapter - Downloading https://repo.maven.apache.org/maven2/org/aspectj/aspectjweaver/1.9.19/aspectjweaver-1.9.19.jar
2025-08-13 11:40:30,873 [BasicRepositoryConnector-repo.maven.apache.org-5-1] INFO  o.e.m.c.i.e.AbstractTransferListenerAdapter - Downloaded https://repo.maven.apache.org/maven2/org/aspectj/aspectjweaver/1.9.19/aspectjweaver-1.9.19.jar
2025-08-13 11:40:31,538 [Worker-42: Building] WARN  o.a.m.s.f.DefaultMavenResourcesFiltering - Using platform encoding (UTF-8 actually) to copy filtered resources, i.e. build is platform dependent!
2025-08-13 11:40:31,542 [Worker-42: Building] INFO  o.a.m.s.f.DefaultMavenResourcesFiltering - Copying 0 resource from src\main\resources to target\classes
2025-08-13 11:40:31,546 [Worker-42: Building] WARN  o.a.m.s.f.DefaultMavenResourcesFiltering - Using platform encoding (UTF-8 actually) to copy filtered resources, i.e. build is platform dependent!
2025-08-13 11:40:31,547 [Worker-42: Building] INFO  o.a.m.s.f.DefaultMavenResourcesFiltering - Copying 0 resource from src\test\resources to target\test-classes
2025-08-13 11:40:31,548 [Worker-42: Building] INFO  o.e.m.w.i.f.ResourceFilteringBuildParticipant - Changed resources require a complete clean of filtered resources of java_web
2025-08-13 11:40:31,548 [Worker-42: Building] INFO  o.e.m.w.i.f.ResourceFilteringBuildParticipant - Executing resource filtering for java_web
2025-08-13 11:40:32,593 [Worker-41: Download sources and javadoc] INFO  o.e.m.c.i.e.AbstractTransferListenerAdapter - Downloading https://repo.maven.apache.org/maven2/org/projectlombok/lombok/1.18.34/lombok-1.18.34-sources.jar
2025-08-13 11:40:32,695 [Worker-41: Download sources and javadoc] INFO  o.e.m.c.i.e.AbstractTransferListenerAdapter - Downloaded https://repo.maven.apache.org/maven2/org/projectlombok/lombok/1.18.34/lombok-1.18.34-sources.jar
2025-08-13 11:40:32,700 [Worker-41: Download sources and javadoc] INFO  o.e.m.j.internal.DownloadSourcesJob - Downloaded sources for org.projectlombok:lombok:1.18.34
2025-08-13 11:40:32,837 [Worker-41: Download sources and javadoc] INFO  o.e.m.c.i.e.AbstractTransferListenerAdapter - Downloading https://repo.maven.apache.org/maven2/org/aspectj/aspectjrt/1.9.19/aspectjrt-1.9.19-sources.jar
2025-08-13 11:40:32,898 [Worker-41: Download sources and javadoc] INFO  o.e.m.c.i.e.AbstractTransferListenerAdapter - Downloaded https://repo.maven.apache.org/maven2/org/aspectj/aspectjrt/1.9.19/aspectjrt-1.9.19-sources.jar
2025-08-13 11:40:32,904 [Worker-41: Download sources and javadoc] INFO  o.e.m.j.internal.DownloadSourcesJob - Downloaded sources for org.aspectj:aspectjrt:1.9.19
2025-08-13 11:40:32,989 [Worker-41: Download sources and javadoc] INFO  o.e.m.c.i.e.AbstractTransferListenerAdapter - Downloading https://repo.maven.apache.org/maven2/org/aspectj/aspectjweaver/1.9.19/aspectjweaver-1.9.19-sources.jar
2025-08-13 11:40:33,248 [Worker-48: Building] INFO  o.e.m.c.i.l.LifecycleMappingFactory - Using org.maven.ide.eclipse.wtp.WarLifecycleMapping lifecycle mapping for MavenProject: java_web:java_web:0.0.1-SNAPSHOT @ C:\lect_labs\labs_java\workspace\java_web\pom.xml.
2025-08-13 11:40:33,378 [Worker-41: Download sources and javadoc] INFO  o.e.m.c.i.e.AbstractTransferListenerAdapter - Downloaded https://repo.maven.apache.org/maven2/org/aspectj/aspectjweaver/1.9.19/aspectjweaver-1.9.19-sources.jar
2025-08-13 11:40:33,382 [Worker-41: Download sources and javadoc] INFO  o.e.m.j.internal.DownloadSourcesJob - Downloaded sources for org.aspectj:aspectjweaver:1.9.19
2025-08-13 11:40:34,012 [Worker-48: Building] WARN  o.a.m.s.f.DefaultMavenResourcesFiltering - Using platform encoding (UTF-8 actually) to copy filtered resources, i.e. build is platform dependent!
2025-08-13 11:40:34,015 [Worker-48: Building] INFO  o.a.m.s.f.DefaultMavenResourcesFiltering - Copying 0 resource from src\main\resources to target\classes
2025-08-13 11:40:34,018 [Worker-48: Building] WARN  o.a.m.s.f.DefaultMavenResourcesFiltering - Using platform encoding (UTF-8 actually) to copy filtered resources, i.e. build is platform dependent!
2025-08-13 11:40:34,019 [Worker-48: Building] INFO  o.a.m.s.f.DefaultMavenResourcesFiltering - Copying 0 resource from src\test\resources to target\test-classes
2025-08-13 11:40:34,020 [Worker-48: Building] INFO  o.e.m.w.i.f.ResourceFilteringBuildParticipant - Changed resources require a complete clean of filtered resources of java_web
2025-08-13 11:40:34,020 [Worker-48: Building] INFO  o.e.m.w.i.f.ResourceFilteringBuildParticipant - Executing resource filtering for java_web
2025-08-13 11:40:46,444 [Worker-51: Building] INFO  o.e.m.c.i.l.LifecycleMappingFactory - Using org.maven.ide.eclipse.wtp.WarLifecycleMapping lifecycle mapping for MavenProject: java_web:java_web:0.0.1-SNAPSHOT @ C:\lect_labs\labs_java\workspace\java_web\pom.xml.
2025-08-13 11:40:47,257 [Worker-51: Building] WARN  o.a.m.s.f.DefaultMavenResourcesFiltering - Using platform encoding (UTF-8 actually) to copy filtered resources, i.e. build is platform dependent!
2025-08-13 11:40:47,260 [Worker-51: Building] INFO  o.a.m.s.f.DefaultMavenResourcesFiltering - Copying 0 resource from src\main\resources to target\classes
2025-08-13 11:40:47,268 [Worker-51: Building] WARN  o.a.m.s.f.DefaultMavenResourcesFiltering - Using platform encoding (UTF-8 actually) to copy filtered resources, i.e. build is platform dependent!
2025-08-13 11:40:47,270 [Worker-51: Building] INFO  o.a.m.s.f.DefaultMavenResourcesFiltering - Copying 0 resource from src\test\resources to target\test-classes
2025-08-13 11:40:47,270 [Worker-51: Building] INFO  o.e.m.w.i.f.ResourceFilteringBuildParticipant - Changed resources require a complete clean of filtered resources of java_web
2025-08-13 11:40:47,270 [Worker-51: Building] INFO  o.e.m.w.i.f.ResourceFilteringBuildParticipant - Executing resource filtering for java_web
2025-08-13 11:40:53,194 [Worker-50: Building] INFO  o.e.m.c.i.l.LifecycleMappingFactory - Using org.maven.ide.eclipse.wtp.WarLifecycleMapping lifecycle mapping for MavenProject: java_web:java_web:0.0.1-SNAPSHOT @ C:\lect_labs\labs_java\workspace\java_web\pom.xml.
2025-08-13 11:40:53,335 [Worker-50: Building] INFO  o.e.m.c.i.e.AbstractTransferListenerAdapter - Downloading https://repo.maven.apache.org/maven2/com/oracle/database/jdbc/ojdbc8/21.3.0.0/ojdbc8-21.3.0.0.pom
2025-08-13 11:40:53,344 [Worker-50: Building] INFO  o.e.m.c.i.e.AbstractTransferListenerAdapter - Downloaded https://repo.maven.apache.org/maven2/com/oracle/database/jdbc/ojdbc8/21.3.0.0/ojdbc8-21.3.0.0.pom
2025-08-13 11:40:53,397 [Worker-50: Building] INFO  o.e.m.c.i.e.AbstractTransferListenerAdapter - Downloading https://repo.maven.apache.org/maven2/com/oracle/database/jdbc/ojdbc8/21.3.0.0/ojdbc8-21.3.0.0.jar
2025-08-13 11:40:53,654 [Worker-50: Building] INFO  o.e.m.c.i.e.AbstractTransferListenerAdapter - Downloaded https://repo.maven.apache.org/maven2/com/oracle/database/jdbc/ojdbc8/21.3.0.0/ojdbc8-21.3.0.0.jar
2025-08-13 11:40:54,326 [Worker-50: Building] WARN  o.a.m.s.f.DefaultMavenResourcesFiltering - Using platform encoding (UTF-8 actually) to copy filtered resources, i.e. build is platform dependent!
2025-08-13 11:40:54,331 [Worker-50: Building] INFO  o.a.m.s.f.DefaultMavenResourcesFiltering - Copying 0 resource from src\main\resources to target\classes
2025-08-13 11:40:54,334 [Worker-50: Building] WARN  o.a.m.s.f.DefaultMavenResourcesFiltering - Using platform encoding (UTF-8 actually) to copy filtered resources, i.e. build is platform dependent!
2025-08-13 11:40:54,336 [Worker-50: Building] INFO  o.a.m.s.f.DefaultMavenResourcesFiltering - Copying 0 resource from src\test\resources to target\test-classes
2025-08-13 11:40:54,336 [Worker-50: Building] INFO  o.e.m.w.i.f.ResourceFilteringBuildParticipant - Changed resources require a complete clean of filtered resources of java_web
2025-08-13 11:40:54,337 [Worker-50: Building] INFO  o.e.m.w.i.f.ResourceFilteringBuildParticipant - Executing resource filtering for java_web
2025-08-13 11:40:55,490 [Worker-45: Download sources and javadoc] INFO  o.e.m.c.i.e.AbstractTransferListenerAdapter - Downloading https://repo.maven.apache.org/maven2/com/oracle/database/jdbc/ojdbc8/21.3.0.0/ojdbc8-21.3.0.0-sources.jar
2025-08-13 11:40:55,497 [Worker-45: Download sources and javadoc] INFO  o.e.m.c.i.e.AbstractTransferListenerAdapter - Downloaded https://repo.maven.apache.org/maven2/com/oracle/database/jdbc/ojdbc8/21.3.0.0/ojdbc8-21.3.0.0-sources.jar
2025-08-13 11:40:55,503 [Worker-45: Download sources and javadoc] INFO  o.e.m.j.internal.DownloadSourcesJob - Downloaded sources for com.oracle.database.jdbc:ojdbc8:21.3.0.0
2025-08-13 11:41:19,879 [Worker-44: Building] INFO  o.e.m.c.i.l.LifecycleMappingFactory - Using org.maven.ide.eclipse.wtp.WarLifecycleMapping lifecycle mapping for MavenProject: java_web:java_web:0.0.1-SNAPSHOT @ C:\lect_labs\labs_java\workspace\java_web\pom.xml.
2025-08-13 11:41:20,613 [Worker-44: Building] WARN  o.a.m.s.f.DefaultMavenResourcesFiltering - Using platform encoding (UTF-8 actually) to copy filtered resources, i.e. build is platform dependent!
2025-08-13 11:41:20,616 [Worker-44: Building] INFO  o.a.m.s.f.DefaultMavenResourcesFiltering - Copying 0 resource from src\main\resources to target\classes
2025-08-13 11:41:20,620 [Worker-44: Building] WARN  o.a.m.s.f.DefaultMavenResourcesFiltering - Using platform encoding (UTF-8 actually) to copy filtered resources, i.e. build is platform dependent!
2025-08-13 11:41:20,622 [Worker-44: Building] INFO  o.a.m.s.f.DefaultMavenResourcesFiltering - Copying 0 resource from src\test\resources to target\test-classes
2025-08-13 11:41:20,622 [Worker-44: Building] INFO  o.e.m.w.i.f.ResourceFilteringBuildParticipant - Changed resources require a complete clean of filtered resources of java_web
2025-08-13 11:41:20,622 [Worker-44: Building] INFO  o.e.m.w.i.f.ResourceFilteringBuildParticipant - Executing resource filtering for java_web
2025-08-13 11:41:34,678 [Worker-41: Building] INFO  o.e.m.c.i.l.LifecycleMappingFactory - Using org.maven.ide.eclipse.wtp.WarLifecycleMapping lifecycle mapping for MavenProject: java_web:java_web:0.0.1-SNAPSHOT @ C:\lect_labs\labs_java\workspace\java_web\pom.xml.
2025-08-13 11:41:34,766 [Worker-41: Building] INFO  o.e.m.c.i.e.AbstractTransferListenerAdapter - Downloading https://repo.maven.apache.org/maven2/org/apache/commons/commons-dbcp2/2.9.0/commons-dbcp2-2.9.0.pom
2025-08-13 11:41:34,775 [Worker-41: Building] INFO  o.e.m.c.i.e.AbstractTransferListenerAdapter - Downloaded https://repo.maven.apache.org/maven2/org/apache/commons/commons-dbcp2/2.9.0/commons-dbcp2-2.9.0.pom
2025-08-13 11:41:34,794 [Worker-41: Building] INFO  o.e.m.c.i.e.AbstractTransferListenerAdapter - Downloading https://repo.maven.apache.org/maven2/org/apache/commons/commons-pool2/2.10.0/commons-pool2-2.10.0.pom
2025-08-13 11:41:34,804 [Worker-41: Building] INFO  o.e.m.c.i.e.AbstractTransferListenerAdapter - Downloaded https://repo.maven.apache.org/maven2/org/apache/commons/commons-pool2/2.10.0/commons-pool2-2.10.0.pom
2025-08-13 11:41:34,818 [Worker-41: Building] INFO  o.e.m.c.i.e.AbstractTransferListenerAdapter - Downloading https://repo.maven.apache.org/maven2/org/junit/junit-bom/5.8.0-M1/junit-bom-5.8.0-M1.pom
2025-08-13 11:41:34,824 [Worker-41: Building] INFO  o.e.m.c.i.e.AbstractTransferListenerAdapter - Downloaded https://repo.maven.apache.org/maven2/org/junit/junit-bom/5.8.0-M1/junit-bom-5.8.0-M1.pom
2025-08-13 11:41:34,838 [Worker-41: Building] INFO  o.e.m.c.i.e.AbstractTransferListenerAdapter - Downloading https://repo.maven.apache.org/maven2/commons-logging/commons-logging/1.2/commons-logging-1.2.pom
2025-08-13 11:41:34,850 [Worker-41: Building] INFO  o.e.m.c.i.e.AbstractTransferListenerAdapter - Downloaded https://repo.maven.apache.org/maven2/commons-logging/commons-logging/1.2/commons-logging-1.2.pom
2025-08-13 11:41:34,868 [Worker-41: Building] INFO  o.e.m.c.i.e.AbstractTransferListenerAdapter - Downloading https://repo.maven.apache.org/maven2/org/apache/commons/commons-parent/34/commons-parent-34.pom
2025-08-13 11:41:34,887 [Worker-41: Building] INFO  o.e.m.c.i.e.AbstractTransferListenerAdapter - Downloaded https://repo.maven.apache.org/maven2/org/apache/commons/commons-parent/34/commons-parent-34.pom
2025-08-13 11:41:34,937 [Worker-41: Building] INFO  o.e.m.c.i.e.AbstractTransferListenerAdapter - Downloading https://repo.maven.apache.org/maven2/org/apache/commons/commons-dbcp2/2.9.0/commons-dbcp2-2.9.0.jar
2025-08-13 11:41:34,968 [Worker-41: Building] INFO  o.e.m.c.i.e.AbstractTransferListenerAdapter - Downloaded https://repo.maven.apache.org/maven2/org/apache/commons/commons-dbcp2/2.9.0/commons-dbcp2-2.9.0.jar
2025-08-13 11:41:34,981 [BasicRepositoryConnector-repo.maven.apache.org-6-0] INFO  o.e.m.c.i.e.AbstractTransferListenerAdapter - Downloading https://repo.maven.apache.org/maven2/org/apache/commons/commons-pool2/2.10.0/commons-pool2-2.10.0.jar
2025-08-13 11:41:34,993 [BasicRepositoryConnector-repo.maven.apache.org-6-0] INFO  o.e.m.c.i.e.AbstractTransferListenerAdapter - Downloaded https://repo.maven.apache.org/maven2/org/apache/commons/commons-pool2/2.10.0/commons-pool2-2.10.0.jar
2025-08-13 11:41:35,009 [BasicRepositoryConnector-repo.maven.apache.org-6-1] INFO  o.e.m.c.i.e.AbstractTransferListenerAdapter - Downloading https://repo.maven.apache.org/maven2/commons-logging/commons-logging/1.2/commons-logging-1.2.jar
2025-08-13 11:41:35,028 [BasicRepositoryConnector-repo.maven.apache.org-6-1] INFO  o.e.m.c.i.e.AbstractTransferListenerAdapter - Downloaded https://repo.maven.apache.org/maven2/commons-logging/commons-logging/1.2/commons-logging-1.2.jar
2025-08-13 11:41:35,735 [Worker-41: Building] WARN  o.a.m.s.f.DefaultMavenResourcesFiltering - Using platform encoding (UTF-8 actually) to copy filtered resources, i.e. build is platform dependent!
2025-08-13 11:41:35,738 [Worker-41: Building] INFO  o.a.m.s.f.DefaultMavenResourcesFiltering - Copying 0 resource from src\main\resources to target\classes
2025-08-13 11:41:35,742 [Worker-41: Building] WARN  o.a.m.s.f.DefaultMavenResourcesFiltering - Using platform encoding (UTF-8 actually) to copy filtered resources, i.e. build is platform dependent!
2025-08-13 11:41:35,743 [Worker-41: Building] INFO  o.a.m.s.f.DefaultMavenResourcesFiltering - Copying 0 resource from src\test\resources to target\test-classes
2025-08-13 11:41:35,744 [Worker-41: Building] INFO  o.e.m.w.i.f.ResourceFilteringBuildParticipant - Changed resources require a complete clean of filtered resources of java_web
2025-08-13 11:41:35,744 [Worker-41: Building] INFO  o.e.m.w.i.f.ResourceFilteringBuildParticipant - Executing resource filtering for java_web
2025-08-13 11:41:36,705 [Worker-53: Download sources and javadoc] INFO  o.e.m.c.i.e.AbstractTransferListenerAdapter - Downloading https://repo.maven.apache.org/maven2/org/apache/commons/commons-dbcp2/2.9.0/commons-dbcp2-2.9.0-sources.jar
2025-08-13 11:41:36,742 [Worker-53: Download sources and javadoc] INFO  o.e.m.c.i.e.AbstractTransferListenerAdapter - Downloaded https://repo.maven.apache.org/maven2/org/apache/commons/commons-dbcp2/2.9.0/commons-dbcp2-2.9.0-sources.jar
2025-08-13 11:41:36,748 [Worker-53: Download sources and javadoc] INFO  o.e.m.j.internal.DownloadSourcesJob - Downloaded sources for org.apache.commons:commons-dbcp2:2.9.0
2025-08-13 11:41:36,784 [Worker-53: Download sources and javadoc] INFO  o.e.m.c.i.e.AbstractTransferListenerAdapter - Downloading https://repo.maven.apache.org/maven2/org/apache/commons/commons-pool2/2.10.0/commons-pool2-2.10.0-sources.jar
2025-08-13 11:41:36,817 [Worker-53: Download sources and javadoc] INFO  o.e.m.c.i.e.AbstractTransferListenerAdapter - Downloaded https://repo.maven.apache.org/maven2/org/apache/commons/commons-pool2/2.10.0/commons-pool2-2.10.0-sources.jar
2025-08-13 11:41:36,823 [Worker-53: Download sources and javadoc] INFO  o.e.m.j.internal.DownloadSourcesJob - Downloaded sources for org.apache.commons:commons-pool2:2.10.0
2025-08-13 11:41:36,897 [Worker-53: Download sources and javadoc] INFO  o.e.m.c.i.e.AbstractTransferListenerAdapter - Downloading https://repo.maven.apache.org/maven2/commons-logging/commons-logging/1.2/commons-logging-1.2-sources.jar
2025-08-13 11:41:36,910 [Worker-53: Download sources and javadoc] INFO  o.e.m.c.i.e.AbstractTransferListenerAdapter - Downloaded https://repo.maven.apache.org/maven2/commons-logging/commons-logging/1.2/commons-logging-1.2-sources.jar
2025-08-13 11:41:36,915 [Worker-53: Download sources and javadoc] INFO  o.e.m.j.internal.DownloadSourcesJob - Downloaded sources for commons-logging:commons-logging:1.2
2025-08-13 11:42:04,319 [Worker-51: Building] INFO  o.e.m.c.i.l.LifecycleMappingFactory - Using org.maven.ide.eclipse.wtp.WarLifecycleMapping lifecycle mapping for MavenProject: java_web:java_web:0.0.1-SNAPSHOT @ C:\lect_labs\labs_java\workspace\java_web\pom.xml.
2025-08-13 11:42:04,457 [Worker-51: Building] INFO  o.e.m.c.i.e.AbstractTransferListenerAdapter - Downloading https://repo.maven.apache.org/maven2/com/fasterxml/jackson/core/jackson-databind/2.14.3/jackson-databind-2.14.3.pom
2025-08-13 11:42:04,466 [Worker-51: Building] INFO  o.e.m.c.i.e.AbstractTransferListenerAdapter - Downloaded https://repo.maven.apache.org/maven2/com/fasterxml/jackson/core/jackson-databind/2.14.3/jackson-databind-2.14.3.pom
2025-08-13 11:42:04,499 [Worker-51: Building] INFO  o.e.m.c.i.e.AbstractTransferListenerAdapter - Downloading https://repo.maven.apache.org/maven2/com/fasterxml/jackson/jackson-base/2.14.3/jackson-base-2.14.3.pom
2025-08-13 11:42:04,512 [Worker-51: Building] INFO  o.e.m.c.i.e.AbstractTransferListenerAdapter - Downloaded https://repo.maven.apache.org/maven2/com/fasterxml/jackson/jackson-base/2.14.3/jackson-base-2.14.3.pom
2025-08-13 11:42:04,539 [Worker-51: Building] INFO  o.e.m.c.i.e.AbstractTransferListenerAdapter - Downloading https://repo.maven.apache.org/maven2/com/fasterxml/jackson/jackson-bom/2.14.3/jackson-bom-2.14.3.pom
2025-08-13 11:42:04,547 [Worker-51: Building] INFO  o.e.m.c.i.e.AbstractTransferListenerAdapter - Downloaded https://repo.maven.apache.org/maven2/com/fasterxml/jackson/jackson-bom/2.14.3/jackson-bom-2.14.3.pom
2025-08-13 11:42:04,577 [Worker-51: Building] INFO  o.e.m.c.i.e.AbstractTransferListenerAdapter - Downloading https://repo.maven.apache.org/maven2/com/fasterxml/jackson/jackson-parent/2.14/jackson-parent-2.14.pom
2025-08-13 11:42:04,583 [Worker-51: Building] INFO  o.e.m.c.i.e.AbstractTransferListenerAdapter - Downloaded https://repo.maven.apache.org/maven2/com/fasterxml/jackson/jackson-parent/2.14/jackson-parent-2.14.pom
2025-08-13 11:42:04,600 [Worker-51: Building] INFO  o.e.m.c.i.e.AbstractTransferListenerAdapter - Downloading https://repo.maven.apache.org/maven2/com/fasterxml/oss-parent/48/oss-parent-48.pom
2025-08-13 11:42:04,645 [Worker-51: Building] INFO  o.e.m.c.i.e.AbstractTransferListenerAdapter - Downloaded https://repo.maven.apache.org/maven2/com/fasterxml/oss-parent/48/oss-parent-48.pom
2025-08-13 11:42:04,694 [Worker-51: Building] INFO  o.e.m.c.i.e.AbstractTransferListenerAdapter - Downloading https://repo.maven.apache.org/maven2/com/fasterxml/jackson/core/jackson-annotations/2.14.3/jackson-annotations-2.14.3.pom
2025-08-13 11:42:04,703 [Worker-51: Building] INFO  o.e.m.c.i.e.AbstractTransferListenerAdapter - Downloaded https://repo.maven.apache.org/maven2/com/fasterxml/jackson/core/jackson-annotations/2.14.3/jackson-annotations-2.14.3.pom
2025-08-13 11:42:04,728 [Worker-51: Building] INFO  o.e.m.c.i.e.AbstractTransferListenerAdapter - Downloading https://repo.maven.apache.org/maven2/com/fasterxml/jackson/core/jackson-core/2.14.3/jackson-core-2.14.3.pom
2025-08-13 11:42:04,742 [Worker-51: Building] INFO  o.e.m.c.i.e.AbstractTransferListenerAdapter - Downloaded https://repo.maven.apache.org/maven2/com/fasterxml/jackson/core/jackson-core/2.14.3/jackson-core-2.14.3.pom
2025-08-13 11:42:04,772 [Worker-51: Building] INFO  o.e.m.c.i.e.AbstractTransferListenerAdapter - Downloading https://repo.maven.apache.org/maven2/commons-fileupload/commons-fileupload/1.5/commons-fileupload-1.5.pom
2025-08-13 11:42:04,780 [Worker-51: Building] INFO  o.e.m.c.i.e.AbstractTransferListenerAdapter - Downloaded https://repo.maven.apache.org/maven2/commons-fileupload/commons-fileupload/1.5/commons-fileupload-1.5.pom
2025-08-13 11:42:04,802 [Worker-51: Building] INFO  o.e.m.c.i.e.AbstractTransferListenerAdapter - Downloading https://repo.maven.apache.org/maven2/org/apache/commons/commons-parent/56/commons-parent-56.pom
2025-08-13 11:42:04,817 [Worker-51: Building] INFO  o.e.m.c.i.e.AbstractTransferListenerAdapter - Downloaded https://repo.maven.apache.org/maven2/org/apache/commons/commons-parent/56/commons-parent-56.pom
2025-08-13 11:42:04,877 [Worker-51: Building] INFO  o.e.m.c.i.e.AbstractTransferListenerAdapter - Downloading https://repo.maven.apache.org/maven2/org/junit/junit-bom/5.9.1/junit-bom-5.9.1.pom
2025-08-13 11:42:04,887 [Worker-51: Building] INFO  o.e.m.c.i.e.AbstractTransferListenerAdapter - Downloaded https://repo.maven.apache.org/maven2/org/junit/junit-bom/5.9.1/junit-bom-5.9.1.pom
2025-08-13 11:42:04,962 [Worker-51: Building] INFO  o.e.m.c.i.e.AbstractTransferListenerAdapter - Downloading https://repo.maven.apache.org/maven2/com/fasterxml/jackson/core/jackson-databind/2.14.3/jackson-databind-2.14.3.jar
2025-08-13 11:42:05,074 [Worker-51: Building] INFO  o.e.m.c.i.e.AbstractTransferListenerAdapter - Downloaded https://repo.maven.apache.org/maven2/com/fasterxml/jackson/core/jackson-databind/2.14.3/jackson-databind-2.14.3.jar
2025-08-13 11:42:05,105 [BasicRepositoryConnector-repo.maven.apache.org-7-0] INFO  o.e.m.c.i.e.AbstractTransferListenerAdapter - Downloading https://repo.maven.apache.org/maven2/com/fasterxml/jackson/core/jackson-annotations/2.14.3/jackson-annotations-2.14.3.jar
2025-08-13 11:42:05,125 [BasicRepositoryConnector-repo.maven.apache.org-7-0] INFO  o.e.m.c.i.e.AbstractTransferListenerAdapter - Downloaded https://repo.maven.apache.org/maven2/com/fasterxml/jackson/core/jackson-annotations/2.14.3/jackson-annotations-2.14.3.jar
2025-08-13 11:42:05,143 [BasicRepositoryConnector-repo.maven.apache.org-7-2] INFO  o.e.m.c.i.e.AbstractTransferListenerAdapter - Downloading https://repo.maven.apache.org/maven2/commons-fileupload/commons-fileupload/1.5/commons-fileupload-1.5.jar
2025-08-13 11:42:05,175 [BasicRepositoryConnector-repo.maven.apache.org-7-2] INFO  o.e.m.c.i.e.AbstractTransferListenerAdapter - Downloaded https://repo.maven.apache.org/maven2/commons-fileupload/commons-fileupload/1.5/commons-fileupload-1.5.jar
2025-08-13 11:42:05,197 [BasicRepositoryConnector-repo.maven.apache.org-7-1] INFO  o.e.m.c.i.e.AbstractTransferListenerAdapter - Downloading https://repo.maven.apache.org/maven2/com/fasterxml/jackson/core/jackson-core/2.14.3/jackson-core-2.14.3.jar
2025-08-13 11:42:05,294 [BasicRepositoryConnector-repo.maven.apache.org-7-1] INFO  o.e.m.c.i.e.AbstractTransferListenerAdapter - Downloaded https://repo.maven.apache.org/maven2/com/fasterxml/jackson/core/jackson-core/2.14.3/jackson-core-2.14.3.jar
2025-08-13 11:42:05,929 [Worker-51: Building] WARN  o.a.m.s.f.DefaultMavenResourcesFiltering - Using platform encoding (UTF-8 actually) to copy filtered resources, i.e. build is platform dependent!
2025-08-13 11:42:05,933 [Worker-51: Building] INFO  o.a.m.s.f.DefaultMavenResourcesFiltering - Copying 0 resource from src\main\resources to target\classes
2025-08-13 11:42:05,937 [Worker-51: Building] WARN  o.a.m.s.f.DefaultMavenResourcesFiltering - Using platform encoding (UTF-8 actually) to copy filtered resources, i.e. build is platform dependent!
2025-08-13 11:42:05,938 [Worker-51: Building] INFO  o.a.m.s.f.DefaultMavenResourcesFiltering - Copying 0 resource from src\test\resources to target\test-classes
2025-08-13 11:42:05,939 [Worker-51: Building] INFO  o.e.m.w.i.f.ResourceFilteringBuildParticipant - Changed resources require a complete clean of filtered resources of java_web
2025-08-13 11:42:05,939 [Worker-51: Building] INFO  o.e.m.w.i.f.ResourceFilteringBuildParticipant - Executing resource filtering for java_web
2025-08-13 11:42:06,863 [Worker-45: Download sources and javadoc] INFO  o.e.m.c.i.e.AbstractTransferListenerAdapter - Downloading https://repo.maven.apache.org/maven2/com/fasterxml/jackson/core/jackson-databind/2.14.3/jackson-databind-2.14.3-sources.jar
2025-08-13 11:42:07,035 [Worker-45: Download sources and javadoc] INFO  o.e.m.c.i.e.AbstractTransferListenerAdapter - Downloaded https://repo.maven.apache.org/maven2/com/fasterxml/jackson/core/jackson-databind/2.14.3/jackson-databind-2.14.3-sources.jar
2025-08-13 11:42:07,043 [Worker-45: Download sources and javadoc] INFO  o.e.m.j.internal.DownloadSourcesJob - Downloaded sources for com.fasterxml.jackson.core:jackson-databind:2.14.3
2025-08-13 11:42:07,092 [Worker-45: Download sources and javadoc] INFO  o.e.m.c.i.e.AbstractTransferListenerAdapter - Downloading https://repo.maven.apache.org/maven2/com/fasterxml/jackson/core/jackson-annotations/2.14.3/jackson-annotations-2.14.3-sources.jar
2025-08-13 11:42:07,102 [Worker-45: Download sources and javadoc] INFO  o.e.m.c.i.e.AbstractTransferListenerAdapter - Downloaded https://repo.maven.apache.org/maven2/com/fasterxml/jackson/core/jackson-annotations/2.14.3/jackson-annotations-2.14.3-sources.jar
2025-08-13 11:42:07,106 [Worker-45: Download sources and javadoc] INFO  o.e.m.j.internal.DownloadSourcesJob - Downloaded sources for com.fasterxml.jackson.core:jackson-annotations:2.14.3
2025-08-13 11:42:07,172 [Worker-45: Download sources and javadoc] INFO  o.e.m.c.i.e.AbstractTransferListenerAdapter - Downloading https://repo.maven.apache.org/maven2/com/fasterxml/jackson/core/jackson-core/2.14.3/jackson-core-2.14.3-sources.jar
2025-08-13 11:42:07,239 [Worker-45: Download sources and javadoc] INFO  o.e.m.c.i.e.AbstractTransferListenerAdapter - Downloaded https://repo.maven.apache.org/maven2/com/fasterxml/jackson/core/jackson-core/2.14.3/jackson-core-2.14.3-sources.jar
2025-08-13 11:42:07,245 [Worker-45: Download sources and javadoc] INFO  o.e.m.j.internal.DownloadSourcesJob - Downloaded sources for com.fasterxml.jackson.core:jackson-core:2.14.3
2025-08-13 11:42:07,360 [Worker-45: Download sources and javadoc] INFO  o.e.m.c.i.e.AbstractTransferListenerAdapter - Downloading https://repo.maven.apache.org/maven2/commons-fileupload/commons-fileupload/1.5/commons-fileupload-1.5-sources.jar
2025-08-13 11:42:07,403 [Worker-45: Download sources and javadoc] INFO  o.e.m.c.i.e.AbstractTransferListenerAdapter - Downloaded https://repo.maven.apache.org/maven2/commons-fileupload/commons-fileupload/1.5/commons-fileupload-1.5-sources.jar
2025-08-13 11:42:07,406 [Worker-45: Download sources and javadoc] INFO  o.e.m.j.internal.DownloadSourcesJob - Downloaded sources for commons-fileupload:commons-fileupload:1.5
2025-08-13 11:42:07,427 [Worker-43: Building] INFO  o.e.m.c.i.l.LifecycleMappingFactory - Using org.maven.ide.eclipse.wtp.WarLifecycleMapping lifecycle mapping for MavenProject: java_web:java_web:0.0.1-SNAPSHOT @ C:\lect_labs\labs_java\workspace\java_web\pom.xml.
2025-08-13 11:42:07,485 [Worker-45: Download sources and javadoc] INFO  o.e.m.c.i.e.AbstractTransferListenerAdapter - Downloading https://repo.maven.apache.org/maven2/commons-io/commons-io/2.11.0/commons-io-2.11.0-sources.jar
2025-08-13 11:42:07,546 [Worker-45: Download sources and javadoc] INFO  o.e.m.c.i.e.AbstractTransferListenerAdapter - Downloaded https://repo.maven.apache.org/maven2/commons-io/commons-io/2.11.0/commons-io-2.11.0-sources.jar
2025-08-13 11:42:07,552 [Worker-45: Download sources and javadoc] INFO  o.e.m.j.internal.DownloadSourcesJob - Downloaded sources for commons-io:commons-io:2.11.0
2025-08-13 11:42:08,220 [Worker-43: Building] WARN  o.a.m.s.f.DefaultMavenResourcesFiltering - Using platform encoding (UTF-8 actually) to copy filtered resources, i.e. build is platform dependent!
2025-08-13 11:42:08,224 [Worker-43: Building] INFO  o.a.m.s.f.DefaultMavenResourcesFiltering - Copying 0 resource from src\main\resources to target\classes
2025-08-13 11:42:08,228 [Worker-43: Building] WARN  o.a.m.s.f.DefaultMavenResourcesFiltering - Using platform encoding (UTF-8 actually) to copy filtered resources, i.e. build is platform dependent!
2025-08-13 11:42:08,229 [Worker-43: Building] INFO  o.a.m.s.f.DefaultMavenResourcesFiltering - Copying 0 resource from src\test\resources to target\test-classes
2025-08-13 11:42:08,230 [Worker-43: Building] INFO  o.e.m.w.i.f.ResourceFilteringBuildParticipant - Changed resources require a complete clean of filtered resources of java_web
2025-08-13 11:42:08,230 [Worker-43: Building] INFO  o.e.m.w.i.f.ResourceFilteringBuildParticipant - Executing resource filtering for java_web
2025-08-13 11:42:15,745 [Worker-44: Building] INFO  o.e.m.c.i.l.LifecycleMappingFactory - Using org.maven.ide.eclipse.wtp.WarLifecycleMapping lifecycle mapping for MavenProject: java_web:java_web:0.0.1-SNAPSHOT @ C:\lect_labs\labs_java\workspace\java_web\pom.xml.
2025-08-13 11:42:16,457 [Worker-44: Building] WARN  o.a.m.s.f.DefaultMavenResourcesFiltering - Using platform encoding (UTF-8 actually) to copy filtered resources, i.e. build is platform dependent!
2025-08-13 11:42:16,461 [Worker-44: Building] INFO  o.a.m.s.f.DefaultMavenResourcesFiltering - Copying 0 resource from src\main\resources to target\classes
2025-08-13 11:42:16,466 [Worker-44: Building] WARN  o.a.m.s.f.DefaultMavenResourcesFiltering - Using platform encoding (UTF-8 actually) to copy filtered resources, i.e. build is platform dependent!
2025-08-13 11:42:16,467 [Worker-44: Building] INFO  o.a.m.s.f.DefaultMavenResourcesFiltering - Copying 0 resource from src\test\resources to target\test-classes
2025-08-13 11:42:16,468 [Worker-44: Building] INFO  o.e.m.w.i.f.ResourceFilteringBuildParticipant - Changed resources require a complete clean of filtered resources of java_web
2025-08-13 11:42:16,468 [Worker-44: Building] INFO  o.e.m.w.i.f.ResourceFilteringBuildParticipant - Executing resource filtering for java_web
2025-08-13 11:42:46,367 [Worker-42: Building] INFO  o.e.m.c.i.l.LifecycleMappingFactory - Using org.maven.ide.eclipse.wtp.WarLifecycleMapping lifecycle mapping for MavenProject: java_web:java_web:0.0.1-SNAPSHOT @ C:\lect_labs\labs_java\workspace\java_web\pom.xml.
2025-08-13 11:42:46,535 [Worker-42: Building] INFO  o.e.m.c.i.e.AbstractTransferListenerAdapter - Downloading https://repo.maven.apache.org/maven2/org/thymeleaf/thymeleaf-spring5/3.0.15.RELEASE/thymeleaf-spring5-3.0.15.RELEASE.pom
2025-08-13 11:42:46,542 [Worker-42: Building] INFO  o.e.m.c.i.e.AbstractTransferListenerAdapter - Downloaded https://repo.maven.apache.org/maven2/org/thymeleaf/thymeleaf-spring5/3.0.15.RELEASE/thymeleaf-spring5-3.0.15.RELEASE.pom
2025-08-13 11:42:46,605 [Worker-42: Building] INFO  o.e.m.c.i.e.AbstractTransferListenerAdapter - Downloading https://repo.maven.apache.org/maven2/org/thymeleaf/thymeleaf/3.0.15.RELEASE/thymeleaf-3.0.15.RELEASE.pom
2025-08-13 11:42:46,618 [Worker-42: Building] INFO  o.e.m.c.i.e.AbstractTransferListenerAdapter - Downloaded https://repo.maven.apache.org/maven2/org/thymeleaf/thymeleaf/3.0.15.RELEASE/thymeleaf-3.0.15.RELEASE.pom
2025-08-13 11:42:46,640 [Worker-42: Building] INFO  o.e.m.c.i.e.AbstractTransferListenerAdapter - Downloading https://repo.maven.apache.org/maven2/org/attoparser/attoparser/2.0.5.RELEASE/attoparser-2.0.5.RELEASE.pom
2025-08-13 11:42:46,646 [Worker-42: Building] INFO  o.e.m.c.i.e.AbstractTransferListenerAdapter - Downloaded https://repo.maven.apache.org/maven2/org/attoparser/attoparser/2.0.5.RELEASE/attoparser-2.0.5.RELEASE.pom
2025-08-13 11:42:46,678 [Worker-42: Building] INFO  o.e.m.c.i.e.AbstractTransferListenerAdapter - Downloading https://repo.maven.apache.org/maven2/org/unbescape/unbescape/1.1.6.RELEASE/unbescape-1.1.6.RELEASE.pom
2025-08-13 11:42:46,686 [Worker-42: Building] INFO  o.e.m.c.i.e.AbstractTransferListenerAdapter - Downloaded https://repo.maven.apache.org/maven2/org/unbescape/unbescape/1.1.6.RELEASE/unbescape-1.1.6.RELEASE.pom
2025-08-13 11:42:46,726 [Worker-42: Building] INFO  o.e.m.c.i.e.AbstractTransferListenerAdapter - Downloading https://repo.maven.apache.org/maven2/nz/net/ultraq/thymeleaf/thymeleaf-layout-dialect/3.0.0/thymeleaf-layout-dialect-3.0.0.pom
2025-08-13 11:42:46,735 [Worker-42: Building] INFO  o.e.m.c.i.e.AbstractTransferListenerAdapter - Downloaded https://repo.maven.apache.org/maven2/nz/net/ultraq/thymeleaf/thymeleaf-layout-dialect/3.0.0/thymeleaf-layout-dialect-3.0.0.pom
2025-08-13 11:42:46,760 [Worker-42: Building] INFO  o.e.m.c.i.e.AbstractTransferListenerAdapter - Downloading https://repo.maven.apache.org/maven2/org/codehaus/groovy/groovy/3.0.8/groovy-3.0.8.pom
2025-08-13 11:42:46,770 [Worker-42: Building] INFO  o.e.m.c.i.e.AbstractTransferListenerAdapter - Downloaded https://repo.maven.apache.org/maven2/org/codehaus/groovy/groovy/3.0.8/groovy-3.0.8.pom
2025-08-13 11:42:46,794 [Worker-42: Building] INFO  o.e.m.c.i.e.AbstractTransferListenerAdapter - Downloading https://repo.maven.apache.org/maven2/nz/net/ultraq/extensions/groovy-extensions/1.1.0/groovy-extensions-1.1.0.pom
2025-08-13 11:42:46,799 [Worker-42: Building] INFO  o.e.m.c.i.e.AbstractTransferListenerAdapter - Downloaded https://repo.maven.apache.org/maven2/nz/net/ultraq/extensions/groovy-extensions/1.1.0/groovy-extensions-1.1.0.pom
2025-08-13 11:42:46,825 [Worker-42: Building] INFO  o.e.m.c.i.e.AbstractTransferListenerAdapter - Downloading https://repo.maven.apache.org/maven2/nz/net/ultraq/thymeleaf/thymeleaf-expression-processor/3.0.0/thymeleaf-expression-processor-3.0.0.pom
2025-08-13 11:42:46,830 [Worker-42: Building] INFO  o.e.m.c.i.e.AbstractTransferListenerAdapter - Downloaded https://repo.maven.apache.org/maven2/nz/net/ultraq/thymeleaf/thymeleaf-expression-processor/3.0.0/thymeleaf-expression-processor-3.0.0.pom
2025-08-13 11:42:46,849 [Worker-42: Building] INFO  o.e.m.c.i.e.AbstractTransferListenerAdapter - Downloading https://repo.maven.apache.org/maven2/org/thymeleaf/thymeleaf/3.0.12.RELEASE/thymeleaf-3.0.12.RELEASE.pom
2025-08-13 11:42:46,855 [Worker-42: Building] INFO  o.e.m.c.i.e.AbstractTransferListenerAdapter - Downloaded https://repo.maven.apache.org/maven2/org/thymeleaf/thymeleaf/3.0.12.RELEASE/thymeleaf-3.0.12.RELEASE.pom
2025-08-13 11:42:46,875 [Worker-42: Building] INFO  o.e.m.c.i.e.AbstractTransferListenerAdapter - Downloading https://repo.maven.apache.org/maven2/ognl/ognl/3.1.26/ognl-3.1.26.pom
2025-08-13 11:42:46,879 [Worker-42: Building] INFO  o.e.m.c.i.e.AbstractTransferListenerAdapter - Downloaded https://repo.maven.apache.org/maven2/ognl/ognl/3.1.26/ognl-3.1.26.pom
2025-08-13 11:42:46,913 [Worker-42: Building] INFO  o.e.m.c.i.e.AbstractTransferListenerAdapter - Downloading https://repo.maven.apache.org/maven2/org/javassist/javassist/3.20.0-GA/javassist-3.20.0-GA.pom
2025-08-13 11:42:46,918 [Worker-42: Building] INFO  o.e.m.c.i.e.AbstractTransferListenerAdapter - Downloaded https://repo.maven.apache.org/maven2/org/javassist/javassist/3.20.0-GA/javassist-3.20.0-GA.pom
2025-08-13 11:42:46,930 [Worker-42: Building] WARN  o.a.m.r.i.DefaultArtifactDescriptorReader - 1 problem was encountered while building the effective model for org.javassist:javassist:jar:3.20.0-GA during dependency collection step for project (use -X to see details)
2025-08-13 11:42:47,008 [Worker-42: Building] INFO  o.e.m.c.i.e.AbstractTransferListenerAdapter - Downloading https://repo.maven.apache.org/maven2/org/thymeleaf/thymeleaf-spring5/3.0.15.RELEASE/thymeleaf-spring5-3.0.15.RELEASE.jar
2025-08-13 11:42:47,082 [Worker-42: Building] INFO  o.e.m.c.i.e.AbstractTransferListenerAdapter - Downloaded https://repo.maven.apache.org/maven2/org/thymeleaf/thymeleaf-spring5/3.0.15.RELEASE/thymeleaf-spring5-3.0.15.RELEASE.jar
2025-08-13 11:42:47,157 [BasicRepositoryConnector-repo.maven.apache.org-8-1] INFO  o.e.m.c.i.e.AbstractTransferListenerAdapter - Downloading https://repo.maven.apache.org/maven2/org/attoparser/attoparser/2.0.5.RELEASE/attoparser-2.0.5.RELEASE.jar
2025-08-13 11:42:47,253 [BasicRepositoryConnector-repo.maven.apache.org-8-2] INFO  o.e.m.c.i.e.AbstractTransferListenerAdapter - Downloading https://repo.maven.apache.org/maven2/org/unbescape/unbescape/1.1.6.RELEASE/unbescape-1.1.6.RELEASE.jar
2025-08-13 11:42:47,254 [BasicRepositoryConnector-repo.maven.apache.org-8-0] INFO  o.e.m.c.i.e.AbstractTransferListenerAdapter - Downloading https://repo.maven.apache.org/maven2/org/thymeleaf/thymeleaf/3.0.15.RELEASE/thymeleaf-3.0.15.RELEASE.jar
2025-08-13 11:42:47,256 [BasicRepositoryConnector-repo.maven.apache.org-8-4] INFO  o.e.m.c.i.e.AbstractTransferListenerAdapter - Downloading https://repo.maven.apache.org/maven2/org/codehaus/groovy/groovy/3.0.8/groovy-3.0.8.jar
2025-08-13 11:42:47,267 [BasicRepositoryConnector-repo.maven.apache.org-8-3] INFO  o.e.m.c.i.e.AbstractTransferListenerAdapter - Downloading https://repo.maven.apache.org/maven2/nz/net/ultraq/thymeleaf/thymeleaf-layout-dialect/3.0.0/thymeleaf-layout-dialect-3.0.0.jar
2025-08-13 11:42:47,280 [BasicRepositoryConnector-repo.maven.apache.org-8-1] INFO  o.e.m.c.i.e.AbstractTransferListenerAdapter - Downloaded https://repo.maven.apache.org/maven2/org/attoparser/attoparser/2.0.5.RELEASE/attoparser-2.0.5.RELEASE.jar
2025-08-13 11:42:47,349 [BasicRepositoryConnector-repo.maven.apache.org-8-1] INFO  o.e.m.c.i.e.AbstractTransferListenerAdapter - Downloading https://repo.maven.apache.org/maven2/nz/net/ultraq/extensions/groovy-extensions/1.1.0/groovy-extensions-1.1.0.jar
2025-08-13 11:42:47,356 [BasicRepositoryConnector-repo.maven.apache.org-8-2] INFO  o.e.m.c.i.e.AbstractTransferListenerAdapter - Downloaded https://repo.maven.apache.org/maven2/org/unbescape/unbescape/1.1.6.RELEASE/unbescape-1.1.6.RELEASE.jar
2025-08-13 11:42:47,357 [BasicRepositoryConnector-repo.maven.apache.org-8-1] INFO  o.e.m.c.i.e.AbstractTransferListenerAdapter - Downloaded https://repo.maven.apache.org/maven2/nz/net/ultraq/extensions/groovy-extensions/1.1.0/groovy-extensions-1.1.0.jar
2025-08-13 11:42:47,436 [BasicRepositoryConnector-repo.maven.apache.org-8-2] INFO  o.e.m.c.i.e.AbstractTransferListenerAdapter - Downloading https://repo.maven.apache.org/maven2/nz/net/ultraq/thymeleaf/thymeleaf-expression-processor/3.0.0/thymeleaf-expression-processor-3.0.0.jar
2025-08-13 11:42:47,444 [BasicRepositoryConnector-repo.maven.apache.org-8-2] INFO  o.e.m.c.i.e.AbstractTransferListenerAdapter - Downloaded https://repo.maven.apache.org/maven2/nz/net/ultraq/thymeleaf/thymeleaf-expression-processor/3.0.0/thymeleaf-expression-processor-3.0.0.jar
2025-08-13 11:42:47,457 [BasicRepositoryConnector-repo.maven.apache.org-8-3] INFO  o.e.m.c.i.e.AbstractTransferListenerAdapter - Downloaded https://repo.maven.apache.org/maven2/nz/net/ultraq/thymeleaf/thymeleaf-layout-dialect/3.0.0/thymeleaf-layout-dialect-3.0.0.jar
2025-08-13 11:42:47,504 [BasicRepositoryConnector-repo.maven.apache.org-8-0] INFO  o.e.m.c.i.e.AbstractTransferListenerAdapter - Downloaded https://repo.maven.apache.org/maven2/org/thymeleaf/thymeleaf/3.0.15.RELEASE/thymeleaf-3.0.15.RELEASE.jar
2025-08-13 11:42:48,317 [BasicRepositoryConnector-repo.maven.apache.org-8-4] INFO  o.e.m.c.i.e.AbstractTransferListenerAdapter - Downloaded https://repo.maven.apache.org/maven2/org/codehaus/groovy/groovy/3.0.8/groovy-3.0.8.jar
2025-08-13 11:42:49,197 [Worker-42: Building] WARN  o.a.m.s.f.DefaultMavenResourcesFiltering - Using platform encoding (UTF-8 actually) to copy filtered resources, i.e. build is platform dependent!
2025-08-13 11:42:49,201 [Worker-42: Building] INFO  o.a.m.s.f.DefaultMavenResourcesFiltering - Copying 0 resource from src\main\resources to target\classes
2025-08-13 11:42:49,219 [Worker-42: Building] WARN  o.a.m.s.f.DefaultMavenResourcesFiltering - Using platform encoding (UTF-8 actually) to copy filtered resources, i.e. build is platform dependent!
2025-08-13 11:42:49,220 [Worker-42: Building] INFO  o.a.m.s.f.DefaultMavenResourcesFiltering - Copying 0 resource from src\test\resources to target\test-classes
2025-08-13 11:42:49,320 [Worker-42: Building] INFO  o.e.m.w.i.f.ResourceFilteringBuildParticipant - Changed resources require a complete clean of filtered resources of java_web
2025-08-13 11:42:49,321 [Worker-42: Building] INFO  o.e.m.w.i.f.ResourceFilteringBuildParticipant - Executing resource filtering for java_web
2025-08-13 11:42:50,207 [Worker-42: Download sources and javadoc] INFO  o.e.m.c.i.e.AbstractTransferListenerAdapter - Downloading https://repo.maven.apache.org/maven2/org/thymeleaf/thymeleaf-spring5/3.0.15.RELEASE/thymeleaf-spring5-3.0.15.RELEASE-sources.jar
2025-08-13 11:42:50,261 [Worker-42: Download sources and javadoc] INFO  o.e.m.c.i.e.AbstractTransferListenerAdapter - Downloaded https://repo.maven.apache.org/maven2/org/thymeleaf/thymeleaf-spring5/3.0.15.RELEASE/thymeleaf-spring5-3.0.15.RELEASE-sources.jar
2025-08-13 11:42:50,265 [Worker-42: Download sources and javadoc] INFO  o.e.m.j.internal.DownloadSourcesJob - Downloaded sources for org.thymeleaf:thymeleaf-spring5:3.0.15.RELEASE
2025-08-13 11:42:50,299 [Worker-42: Download sources and javadoc] INFO  o.e.m.c.i.e.AbstractTransferListenerAdapter - Downloading https://repo.maven.apache.org/maven2/org/thymeleaf/thymeleaf/3.0.15.RELEASE/thymeleaf-3.0.15.RELEASE-sources.jar
2025-08-13 11:42:50,368 [Worker-42: Download sources and javadoc] INFO  o.e.m.c.i.e.AbstractTransferListenerAdapter - Downloaded https://repo.maven.apache.org/maven2/org/thymeleaf/thymeleaf/3.0.15.RELEASE/thymeleaf-3.0.15.RELEASE-sources.jar
2025-08-13 11:42:50,373 [Worker-42: Download sources and javadoc] INFO  o.e.m.j.internal.DownloadSourcesJob - Downloaded sources for org.thymeleaf:thymeleaf:3.0.15.RELEASE
2025-08-13 11:42:50,438 [Worker-42: Download sources and javadoc] INFO  o.e.m.c.i.e.AbstractTransferListenerAdapter - Downloading https://repo.maven.apache.org/maven2/org/attoparser/attoparser/2.0.5.RELEASE/attoparser-2.0.5.RELEASE-sources.jar
2025-08-13 11:42:50,459 [Worker-42: Download sources and javadoc] INFO  o.e.m.c.i.e.AbstractTransferListenerAdapter - Downloaded https://repo.maven.apache.org/maven2/org/attoparser/attoparser/2.0.5.RELEASE/attoparser-2.0.5.RELEASE-sources.jar
2025-08-13 11:42:50,465 [Worker-42: Download sources and javadoc] INFO  o.e.m.j.internal.DownloadSourcesJob - Downloaded sources for org.attoparser:attoparser:2.0.5.RELEASE
2025-08-13 11:42:50,522 [Worker-42: Download sources and javadoc] INFO  o.e.m.c.i.e.AbstractTransferListenerAdapter - Downloading https://repo.maven.apache.org/maven2/org/unbescape/unbescape/1.1.6.RELEASE/unbescape-1.1.6.RELEASE-sources.jar
2025-08-13 11:42:50,565 [Worker-42: Download sources and javadoc] INFO  o.e.m.c.i.e.AbstractTransferListenerAdapter - Downloaded https://repo.maven.apache.org/maven2/org/unbescape/unbescape/1.1.6.RELEASE/unbescape-1.1.6.RELEASE-sources.jar
2025-08-13 11:42:50,570 [Worker-42: Download sources and javadoc] INFO  o.e.m.j.internal.DownloadSourcesJob - Downloaded sources for org.unbescape:unbescape:1.1.6.RELEASE
2025-08-13 11:42:50,622 [Worker-42: Download sources and javadoc] INFO  o.e.m.c.i.e.AbstractTransferListenerAdapter - Downloading https://repo.maven.apache.org/maven2/nz/net/ultraq/thymeleaf/thymeleaf-layout-dialect/3.0.0/thymeleaf-layout-dialect-3.0.0-sources.jar
2025-08-13 11:42:50,648 [Worker-42: Download sources and javadoc] INFO  o.e.m.c.i.e.AbstractTransferListenerAdapter - Downloaded https://repo.maven.apache.org/maven2/nz/net/ultraq/thymeleaf/thymeleaf-layout-dialect/3.0.0/thymeleaf-layout-dialect-3.0.0-sources.jar
2025-08-13 11:42:50,653 [Worker-42: Download sources and javadoc] INFO  o.e.m.j.internal.DownloadSourcesJob - Downloaded sources for nz.net.ultraq.thymeleaf:thymeleaf-layout-dialect:3.0.0
2025-08-13 11:42:50,853 [Worker-42: Download sources and javadoc] INFO  o.e.m.c.i.e.AbstractTransferListenerAdapter - Downloading https://repo.maven.apache.org/maven2/org/codehaus/groovy/groovy/3.0.8/groovy-3.0.8-sources.jar
2025-08-13 11:42:50,977 [Worker-42: Download sources and javadoc] INFO  o.e.m.c.i.e.AbstractTransferListenerAdapter - Downloaded https://repo.maven.apache.org/maven2/org/codehaus/groovy/groovy/3.0.8/groovy-3.0.8-sources.jar
2025-08-13 11:42:50,981 [Worker-42: Download sources and javadoc] INFO  o.e.m.j.internal.DownloadSourcesJob - Downloaded sources for org.codehaus.groovy:groovy:3.0.8
2025-08-13 11:42:51,024 [Worker-42: Download sources and javadoc] INFO  o.e.m.c.i.e.AbstractTransferListenerAdapter - Downloading https://repo.maven.apache.org/maven2/nz/net/ultraq/extensions/groovy-extensions/1.1.0/groovy-extensions-1.1.0-sources.jar
2025-08-13 11:42:51,029 [Worker-42: Download sources and javadoc] INFO  o.e.m.c.i.e.AbstractTransferListenerAdapter - Downloaded https://repo.maven.apache.org/maven2/nz/net/ultraq/extensions/groovy-extensions/1.1.0/groovy-extensions-1.1.0-sources.jar
2025-08-13 11:42:51,034 [Worker-42: Download sources and javadoc] INFO  o.e.m.j.internal.DownloadSourcesJob - Downloaded sources for nz.net.ultraq.extensions:groovy-extensions:1.1.0
2025-08-13 11:42:51,075 [Worker-42: Download sources and javadoc] INFO  o.e.m.c.i.e.AbstractTransferListenerAdapter - Downloading https://repo.maven.apache.org/maven2/nz/net/ultraq/thymeleaf/thymeleaf-expression-processor/3.0.0/thymeleaf-expression-processor-3.0.0-sources.jar
2025-08-13 11:42:51,081 [Worker-42: Download sources and javadoc] INFO  o.e.m.c.i.e.AbstractTransferListenerAdapter - Downloaded https://repo.maven.apache.org/maven2/nz/net/ultraq/thymeleaf/thymeleaf-expression-processor/3.0.0/thymeleaf-expression-processor-3.0.0-sources.jar
2025-08-13 11:42:51,088 [Worker-42: Download sources and javadoc] INFO  o.e.m.j.internal.DownloadSourcesJob - Downloaded sources for nz.net.ultraq.thymeleaf:thymeleaf-expression-processor:3.0.0
2025-08-13 11:42:53,814 [Worker-52: Building] INFO  o.e.m.c.i.l.LifecycleMappingFactory - Using org.maven.ide.eclipse.wtp.WarLifecycleMapping lifecycle mapping for MavenProject: java_web:java_web:0.0.1-SNAPSHOT @ C:\lect_labs\labs_java\workspace\java_web\pom.xml.
2025-08-13 11:42:53,909 [Worker-52: Building] WARN  o.a.m.r.i.DefaultArtifactDescriptorReader - 1 problem was encountered while building the effective model for org.javassist:javassist:jar:3.20.0-GA during dependency collection step for project (use -X to see details)
2025-08-13 11:42:54,550 [Worker-52: Building] WARN  o.a.m.s.f.DefaultMavenResourcesFiltering - Using platform encoding (UTF-8 actually) to copy filtered resources, i.e. build is platform dependent!
2025-08-13 11:42:54,553 [Worker-52: Building] INFO  o.a.m.s.f.DefaultMavenResourcesFiltering - Copying 0 resource from src\main\resources to target\classes
2025-08-13 11:42:54,557 [Worker-52: Building] WARN  o.a.m.s.f.DefaultMavenResourcesFiltering - Using platform encoding (UTF-8 actually) to copy filtered resources, i.e. build is platform dependent!
2025-08-13 11:42:54,558 [Worker-52: Building] INFO  o.a.m.s.f.DefaultMavenResourcesFiltering - Copying 0 resource from src\test\resources to target\test-classes
2025-08-13 11:42:54,559 [Worker-52: Building] INFO  o.e.m.w.i.f.ResourceFilteringBuildParticipant - Changed resources require a complete clean of filtered resources of java_web
2025-08-13 11:42:54,559 [Worker-52: Building] INFO  o.e.m.w.i.f.ResourceFilteringBuildParticipant - Executing resource filtering for java_web
2025-08-13 11:43:20,513 [Worker-43: Building] INFO  o.e.m.c.i.l.LifecycleMappingFactory - Using org.maven.ide.eclipse.wtp.WarLifecycleMapping lifecycle mapping for MavenProject: java_web:java_web:0.0.1-SNAPSHOT @ C:\lect_labs\labs_java\workspace\java_web\pom.xml.
2025-08-13 11:43:20,616 [Worker-43: Building] WARN  o.a.m.r.i.DefaultArtifactDescriptorReader - 1 problem was encountered while building the effective model for org.javassist:javassist:jar:3.20.0-GA during dependency collection step for project (use -X to see details)
2025-08-13 11:43:20,693 [Worker-43: Building] INFO  o.e.m.c.i.e.AbstractTransferListenerAdapter - Downloading https://repo.maven.apache.org/maven2/jakarta/servlet/jsp/jakarta.servlet.jsp-api/3.1.1/jakarta.servlet.jsp-api-3.1.1.pom
2025-08-13 11:43:20,699 [Worker-43: Building] INFO  o.e.m.c.i.e.AbstractTransferListenerAdapter - Downloaded https://repo.maven.apache.org/maven2/jakarta/servlet/jsp/jakarta.servlet.jsp-api/3.1.1/jakarta.servlet.jsp-api-3.1.1.pom
2025-08-13 11:43:20,732 [Worker-43: Building] INFO  o.e.m.c.i.e.AbstractTransferListenerAdapter - Downloading https://repo.maven.apache.org/maven2/org/eclipse/ee4j/project/1.0.6/project-1.0.6.pom
2025-08-13 11:43:20,746 [Worker-43: Building] INFO  o.e.m.c.i.e.AbstractTransferListenerAdapter - Downloaded https://repo.maven.apache.org/maven2/org/eclipse/ee4j/project/1.0.6/project-1.0.6.pom
2025-08-13 11:43:20,767 [Worker-43: Building] INFO  o.e.m.c.i.e.AbstractTransferListenerAdapter - Downloading https://repo.maven.apache.org/maven2/jakarta/servlet/jsp/jstl/jakarta.servlet.jsp.jstl-api/3.0.0/jakarta.servlet.jsp.jstl-api-3.0.0.pom
2025-08-13 11:43:20,773 [Worker-43: Building] INFO  o.e.m.c.i.e.AbstractTransferListenerAdapter - Downloaded https://repo.maven.apache.org/maven2/jakarta/servlet/jsp/jstl/jakarta.servlet.jsp.jstl-api/3.0.0/jakarta.servlet.jsp.jstl-api-3.0.0.pom
2025-08-13 11:43:20,795 [Worker-43: Building] INFO  o.e.m.c.i.e.AbstractTransferListenerAdapter - Downloading https://repo.maven.apache.org/maven2/jakarta/servlet/jakarta.servlet-api/6.0.0/jakarta.servlet-api-6.0.0.pom
2025-08-13 11:43:20,806 [Worker-43: Building] INFO  o.e.m.c.i.e.AbstractTransferListenerAdapter - Downloaded https://repo.maven.apache.org/maven2/jakarta/servlet/jakarta.servlet-api/6.0.0/jakarta.servlet-api-6.0.0.pom
2025-08-13 11:43:20,852 [Worker-43: Building] INFO  o.e.m.c.i.e.AbstractTransferListenerAdapter - Downloading https://repo.maven.apache.org/maven2/org/eclipse/ee4j/project/1.0.7/project-1.0.7.pom
2025-08-13 11:43:20,867 [Worker-43: Building] INFO  o.e.m.c.i.e.AbstractTransferListenerAdapter - Downloaded https://repo.maven.apache.org/maven2/org/eclipse/ee4j/project/1.0.7/project-1.0.7.pom
2025-08-13 11:43:20,919 [Worker-43: Building] INFO  o.e.m.c.i.e.AbstractTransferListenerAdapter - Downloading https://repo.maven.apache.org/maven2/jakarta/el/jakarta.el-api/5.0.0/jakarta.el-api-5.0.0.pom
2025-08-13 11:43:20,926 [Worker-43: Building] INFO  o.e.m.c.i.e.AbstractTransferListenerAdapter - Downloaded https://repo.maven.apache.org/maven2/jakarta/el/jakarta.el-api/5.0.0/jakarta.el-api-5.0.0.pom
2025-08-13 11:43:20,966 [Worker-43: Building] INFO  o.e.m.c.i.e.AbstractTransferListenerAdapter - Downloading https://repo.maven.apache.org/maven2/org/glassfish/web/jakarta.servlet.jsp.jstl/3.0.1/jakarta.servlet.jsp.jstl-3.0.1.pom
2025-08-13 11:43:20,985 [Worker-43: Building] INFO  o.e.m.c.i.e.AbstractTransferListenerAdapter - Downloaded https://repo.maven.apache.org/maven2/org/glassfish/web/jakarta.servlet.jsp.jstl/3.0.1/jakarta.servlet.jsp.jstl-3.0.1.pom
2025-08-13 11:43:21,071 [Worker-43: Building] INFO  o.e.m.c.i.e.AbstractTransferListenerAdapter - Downloading https://repo.maven.apache.org/maven2/jakarta/servlet/jsp/jakarta.servlet.jsp-api/3.1.1/jakarta.servlet.jsp-api-3.1.1.jar
2025-08-13 11:43:21,088 [Worker-43: Building] INFO  o.e.m.c.i.e.AbstractTransferListenerAdapter - Downloaded https://repo.maven.apache.org/maven2/jakarta/servlet/jsp/jakarta.servlet.jsp-api/3.1.1/jakarta.servlet.jsp-api-3.1.1.jar
2025-08-13 11:43:21,104 [BasicRepositoryConnector-repo.maven.apache.org-9-0] INFO  o.e.m.c.i.e.AbstractTransferListenerAdapter - Downloading https://repo.maven.apache.org/maven2/jakarta/servlet/jsp/jstl/jakarta.servlet.jsp.jstl-api/3.0.0/jakarta.servlet.jsp.jstl-api-3.0.0.jar
2025-08-13 11:43:21,112 [BasicRepositoryConnector-repo.maven.apache.org-9-0] INFO  o.e.m.c.i.e.AbstractTransferListenerAdapter - Downloaded https://repo.maven.apache.org/maven2/jakarta/servlet/jsp/jstl/jakarta.servlet.jsp.jstl-api/3.0.0/jakarta.servlet.jsp.jstl-api-3.0.0.jar
2025-08-13 11:43:21,127 [BasicRepositoryConnector-repo.maven.apache.org-9-1] INFO  o.e.m.c.i.e.AbstractTransferListenerAdapter - Downloading https://repo.maven.apache.org/maven2/jakarta/servlet/jakarta.servlet-api/6.0.0/jakarta.servlet-api-6.0.0.jar
2025-08-13 11:43:21,145 [BasicRepositoryConnector-repo.maven.apache.org-9-2] INFO  o.e.m.c.i.e.AbstractTransferListenerAdapter - Downloading https://repo.maven.apache.org/maven2/jakarta/el/jakarta.el-api/5.0.0/jakarta.el-api-5.0.0.jar
2025-08-13 11:43:21,154 [BasicRepositoryConnector-repo.maven.apache.org-9-3] INFO  o.e.m.c.i.e.AbstractTransferListenerAdapter - Downloading https://repo.maven.apache.org/maven2/org/glassfish/web/jakarta.servlet.jsp.jstl/3.0.1/jakarta.servlet.jsp.jstl-3.0.1.jar
2025-08-13 11:43:21,164 [BasicRepositoryConnector-repo.maven.apache.org-9-2] INFO  o.e.m.c.i.e.AbstractTransferListenerAdapter - Downloaded https://repo.maven.apache.org/maven2/jakarta/el/jakarta.el-api/5.0.0/jakarta.el-api-5.0.0.jar
2025-08-13 11:43:21,167 [BasicRepositoryConnector-repo.maven.apache.org-9-1] INFO  o.e.m.c.i.e.AbstractTransferListenerAdapter - Downloaded https://repo.maven.apache.org/maven2/jakarta/servlet/jakarta.servlet-api/6.0.0/jakarta.servlet-api-6.0.0.jar
2025-08-13 11:43:21,296 [BasicRepositoryConnector-repo.maven.apache.org-9-3] INFO  o.e.m.c.i.e.AbstractTransferListenerAdapter - Downloaded https://repo.maven.apache.org/maven2/org/glassfish/web/jakarta.servlet.jsp.jstl/3.0.1/jakarta.servlet.jsp.jstl-3.0.1.jar
2025-08-13 11:43:22,000 [Worker-43: Building] WARN  o.a.m.s.f.DefaultMavenResourcesFiltering - Using platform encoding (UTF-8 actually) to copy filtered resources, i.e. build is platform dependent!
2025-08-13 11:43:22,005 [Worker-43: Building] INFO  o.a.m.s.f.DefaultMavenResourcesFiltering - Copying 0 resource from src\main\resources to target\classes
2025-08-13 11:43:22,010 [Worker-43: Building] WARN  o.a.m.s.f.DefaultMavenResourcesFiltering - Using platform encoding (UTF-8 actually) to copy filtered resources, i.e. build is platform dependent!
2025-08-13 11:43:22,011 [Worker-43: Building] INFO  o.a.m.s.f.DefaultMavenResourcesFiltering - Copying 0 resource from src\test\resources to target\test-classes
2025-08-13 11:43:22,012 [Worker-43: Building] INFO  o.e.m.w.i.f.ResourceFilteringBuildParticipant - Changed resources require a complete clean of filtered resources of java_web
2025-08-13 11:43:22,012 [Worker-43: Building] INFO  o.e.m.w.i.f.ResourceFilteringBuildParticipant - Executing resource filtering for java_web
2025-08-13 11:43:23,013 [Worker-44: Download sources and javadoc] INFO  o.e.m.c.i.e.AbstractTransferListenerAdapter - Downloading https://repo.maven.apache.org/maven2/jakarta/servlet/jsp/jakarta.servlet.jsp-api/3.1.1/jakarta.servlet.jsp-api-3.1.1-sources.jar
2025-08-13 11:43:23,070 [Worker-44: Download sources and javadoc] INFO  o.e.m.c.i.e.AbstractTransferListenerAdapter - Downloaded https://repo.maven.apache.org/maven2/jakarta/servlet/jsp/jakarta.servlet.jsp-api/3.1.1/jakarta.servlet.jsp-api-3.1.1-sources.jar
2025-08-13 11:43:23,076 [Worker-44: Download sources and javadoc] INFO  o.e.m.j.internal.DownloadSourcesJob - Downloaded sources for jakarta.servlet.jsp:jakarta.servlet.jsp-api:3.1.1
2025-08-13 11:43:23,147 [Worker-44: Download sources and javadoc] INFO  o.e.m.c.i.e.AbstractTransferListenerAdapter - Downloading https://repo.maven.apache.org/maven2/jakarta/servlet/jsp/jstl/jakarta.servlet.jsp.jstl-api/3.0.0/jakarta.servlet.jsp.jstl-api-3.0.0-sources.jar
2025-08-13 11:43:23,175 [Worker-44: Download sources and javadoc] INFO  o.e.m.c.i.e.AbstractTransferListenerAdapter - Downloaded https://repo.maven.apache.org/maven2/jakarta/servlet/jsp/jstl/jakarta.servlet.jsp.jstl-api/3.0.0/jakarta.servlet.jsp.jstl-api-3.0.0-sources.jar
2025-08-13 11:43:23,184 [Worker-44: Download sources and javadoc] INFO  o.e.m.j.internal.DownloadSourcesJob - Downloaded sources for jakarta.servlet.jsp.jstl:jakarta.servlet.jsp.jstl-api:3.0.0
2025-08-13 11:43:23,238 [Worker-44: Download sources and javadoc] INFO  o.e.m.c.i.e.AbstractTransferListenerAdapter - Downloading https://repo.maven.apache.org/maven2/jakarta/servlet/jakarta.servlet-api/6.0.0/jakarta.servlet-api-6.0.0-sources.jar
2025-08-13 11:43:23,282 [Worker-44: Download sources and javadoc] INFO  o.e.m.c.i.e.AbstractTransferListenerAdapter - Downloaded https://repo.maven.apache.org/maven2/jakarta/servlet/jakarta.servlet-api/6.0.0/jakarta.servlet-api-6.0.0-sources.jar
2025-08-13 11:43:23,286 [Worker-44: Download sources and javadoc] INFO  o.e.m.j.internal.DownloadSourcesJob - Downloaded sources for jakarta.servlet:jakarta.servlet-api:6.0.0
2025-08-13 11:43:23,332 [Worker-44: Download sources and javadoc] INFO  o.e.m.c.i.e.AbstractTransferListenerAdapter - Downloading https://repo.maven.apache.org/maven2/jakarta/el/jakarta.el-api/5.0.0/jakarta.el-api-5.0.0-sources.jar
2025-08-13 11:43:23,367 [Worker-44: Download sources and javadoc] INFO  o.e.m.c.i.e.AbstractTransferListenerAdapter - Downloaded https://repo.maven.apache.org/maven2/jakarta/el/jakarta.el-api/5.0.0/jakarta.el-api-5.0.0-sources.jar
2025-08-13 11:43:23,376 [Worker-44: Download sources and javadoc] INFO  o.e.m.j.internal.DownloadSourcesJob - Downloaded sources for jakarta.el:jakarta.el-api:5.0.0
2025-08-13 11:43:23,446 [Worker-44: Download sources and javadoc] INFO  o.e.m.c.i.e.AbstractTransferListenerAdapter - Downloading https://repo.maven.apache.org/maven2/org/glassfish/web/jakarta.servlet.jsp.jstl/3.0.1/jakarta.servlet.jsp.jstl-3.0.1-sources.jar
2025-08-13 11:43:23,517 [Worker-44: Download sources and javadoc] INFO  o.e.m.c.i.e.AbstractTransferListenerAdapter - Downloaded https://repo.maven.apache.org/maven2/org/glassfish/web/jakarta.servlet.jsp.jstl/3.0.1/jakarta.servlet.jsp.jstl-3.0.1-sources.jar
2025-08-13 11:43:23,522 [Worker-44: Download sources and javadoc] INFO  o.e.m.j.internal.DownloadSourcesJob - Downloaded sources for org.glassfish.web:jakarta.servlet.jsp.jstl:3.0.1
2025-08-13 11:45:43,936 [Worker-49: Updating Maven Project] INFO  o.e.m.c.i.p.ProjectConfigurationManager - Update started
2025-08-13 11:45:44,166 [Worker-49: Updating Maven Project] INFO  o.e.m.c.i.l.LifecycleMappingFactory - Using org.maven.ide.eclipse.wtp.WarLifecycleMapping lifecycle mapping for MavenProject: java_web:java_web:0.0.1-SNAPSHOT @ C:\lect_labs\labs_java\workspace\java_web\pom.xml.
2025-08-13 11:45:44,281 [Worker-49: Updating Maven Project] WARN  o.a.m.r.i.DefaultArtifactDescriptorReader - 1 problem was encountered while building the effective model for org.javassist:javassist:jar:3.20.0-GA during dependency collection step for project (use -X to see details)
2025-08-13 11:45:45,215 [Worker-49: Updating Maven Project] INFO  o.e.m.j.i.AbstractJavaProjectConfigurator - Adding source folder /java_web/src/main/java
2025-08-13 11:45:45,216 [Worker-49: Updating Maven Project] INFO  o.e.m.j.i.AbstractJavaProjectConfigurator - Adding resource folder /java_web/src/main/resources
2025-08-13 11:45:45,217 [Worker-49: Updating Maven Project] INFO  o.e.m.j.i.AbstractJavaProjectConfigurator - Adding source folder /java_web/src/test/java
2025-08-13 11:45:45,217 [Worker-49: Updating Maven Project] INFO  o.e.m.j.i.AbstractJavaProjectConfigurator - Adding resource folder /java_web/src/test/resources
2025-08-13 11:45:45,760 [Worker-49: Updating Maven Project] INFO  o.e.m.w.i.f.ResourceFilteringBuildParticipant - Cleaning filtered folder for java_web
2025-08-13 11:45:45,792 [Worker-49: Updating Maven Project] INFO  o.e.m.c.i.p.ProjectConfigurationManager - Update completed for 1 poms: local refresh takes 0.00 sec, refresh facades takes 1.00 sec, update config takes 0.00 sec 
2025-08-13 11:45:46,298 [Worker-53: Building] WARN  o.a.m.s.f.DefaultMavenResourcesFiltering - Using platform encoding (UTF-8 actually) to copy filtered resources, i.e. build is platform dependent!
2025-08-13 11:45:46,302 [Worker-53: Building] INFO  o.a.m.s.f.DefaultMavenResourcesFiltering - Copying 0 resource from src\main\resources to target\classes
2025-08-13 11:45:46,308 [Worker-53: Building] WARN  o.a.m.s.f.DefaultMavenResourcesFiltering - Using platform encoding (UTF-8 actually) to copy filtered resources, i.e. build is platform dependent!
2025-08-13 11:45:46,309 [Worker-53: Building] INFO  o.a.m.s.f.DefaultMavenResourcesFiltering - Copying 0 resource from src\test\resources to target\test-classes
2025-08-13 11:45:46,310 [Worker-53: Building] INFO  o.e.m.w.i.f.ResourceFilteringBuildParticipant - Changed resources require a complete clean of filtered resources of java_web
2025-08-13 11:45:46,310 [Worker-53: Building] INFO  o.e.m.w.i.f.ResourceFilteringBuildParticipant - Executing resource filtering for java_web
2025-08-13 11:53:30,768 [Worker-45: Updating Maven Project] INFO  o.e.m.c.i.p.ProjectConfigurationManager - Update started
2025-08-13 11:53:30,987 [Worker-45: Updating Maven Project] INFO  o.e.m.c.i.l.LifecycleMappingFactory - Using org.maven.ide.eclipse.wtp.WarLifecycleMapping lifecycle mapping for MavenProject: java_web:java_web:0.0.1-SNAPSHOT @ C:\lect_labs\labs_java\workspace\java_web\pom.xml.
2025-08-13 11:53:31,095 [Worker-45: Updating Maven Project] WARN  o.a.m.r.i.DefaultArtifactDescriptorReader - 1 problem was encountered while building the effective model for org.javassist:javassist:jar:3.20.0-GA during dependency collection step for project (use -X to see details)
2025-08-13 11:53:31,877 [Worker-45: Updating Maven Project] INFO  o.e.m.j.i.AbstractJavaProjectConfigurator - Adding source folder /java_web/src/main/java
2025-08-13 11:53:31,877 [Worker-45: Updating Maven Project] INFO  o.e.m.j.i.AbstractJavaProjectConfigurator - Adding resource folder /java_web/src/main/resources
2025-08-13 11:53:31,879 [Worker-45: Updating Maven Project] INFO  o.e.m.j.i.AbstractJavaProjectConfigurator - Adding source folder /java_web/src/test/java
2025-08-13 11:53:31,880 [Worker-45: Updating Maven Project] INFO  o.e.m.j.i.AbstractJavaProjectConfigurator - Adding resource folder /java_web/src/test/resources
2025-08-13 11:53:32,167 [Worker-45: Updating Maven Project] INFO  o.e.m.w.i.f.ResourceFilteringBuildParticipant - Cleaning filtered folder for java_web
2025-08-13 11:53:32,195 [Worker-45: Updating Maven Project] INFO  o.e.m.c.i.p.ProjectConfigurationManager - Update completed for 1 poms: local refresh takes 0.00 sec, refresh facades takes 0.00 sec, update config takes 0.00 sec 
2025-08-13 11:53:32,505 [Worker-43: Building] WARN  o.a.m.s.f.DefaultMavenResourcesFiltering - Using platform encoding (UTF-8 actually) to copy filtered resources, i.e. build is platform dependent!
2025-08-13 11:53:32,507 [Worker-43: Building] INFO  o.a.m.s.f.DefaultMavenResourcesFiltering - Copying 0 resource from src\main\resources to target\classes
2025-08-13 11:53:32,512 [Worker-43: Building] WARN  o.a.m.s.f.DefaultMavenResourcesFiltering - Using platform encoding (UTF-8 actually) to copy filtered resources, i.e. build is platform dependent!
2025-08-13 11:53:32,513 [Worker-43: Building] INFO  o.a.m.s.f.DefaultMavenResourcesFiltering - Copying 0 resource from src\test\resources to target\test-classes
2025-08-13 11:53:32,514 [Worker-43: Building] INFO  o.e.m.w.i.f.ResourceFilteringBuildParticipant - Changed resources require a complete clean of filtered resources of java_web
2025-08-13 11:53:32,514 [Worker-43: Building] INFO  o.e.m.w.i.f.ResourceFilteringBuildParticipant - Executing resource filtering for java_web
2025-08-13 12:07:14,373 [Worker-51: Building] INFO  o.e.m.c.i.l.LifecycleMappingFactory - Using org.maven.ide.eclipse.wtp.WarLifecycleMapping lifecycle mapping for MavenProject: java_web:java_web:0.0.1-SNAPSHOT @ C:\lect_labs\labs_java\workspace\java_web\pom.xml.
2025-08-13 12:07:14,439 [Worker-51: Building] INFO  o.e.m.c.i.e.AbstractTransferListenerAdapter - Downloading https://repo.maven.apache.org/maven2/org/springframework/spring-jdbc/6.2.9/spring-jdbc-6.2.9.pom
2025-08-13 12:07:14,445 [Worker-51: Building] INFO  o.e.m.c.i.e.AbstractTransferListenerAdapter - Downloaded https://repo.maven.apache.org/maven2/org/springframework/spring-jdbc/6.2.9/spring-jdbc-6.2.9.pom
2025-08-13 12:07:14,457 [Worker-51: Building] INFO  o.e.m.c.i.e.AbstractTransferListenerAdapter - Downloading https://repo.maven.apache.org/maven2/org/springframework/spring-beans/6.2.9/spring-beans-6.2.9.pom
2025-08-13 12:07:14,462 [Worker-51: Building] INFO  o.e.m.c.i.e.AbstractTransferListenerAdapter - Downloaded https://repo.maven.apache.org/maven2/org/springframework/spring-beans/6.2.9/spring-beans-6.2.9.pom
2025-08-13 12:07:14,478 [Worker-51: Building] INFO  o.e.m.c.i.e.AbstractTransferListenerAdapter - Downloading https://repo.maven.apache.org/maven2/org/springframework/spring-core/6.2.9/spring-core-6.2.9.pom
2025-08-13 12:07:14,484 [Worker-51: Building] INFO  o.e.m.c.i.e.AbstractTransferListenerAdapter - Downloaded https://repo.maven.apache.org/maven2/org/springframework/spring-core/6.2.9/spring-core-6.2.9.pom
2025-08-13 12:07:14,507 [Worker-51: Building] INFO  o.e.m.c.i.e.AbstractTransferListenerAdapter - Downloading https://repo.maven.apache.org/maven2/org/springframework/spring-jcl/6.2.9/spring-jcl-6.2.9.pom
2025-08-13 12:07:14,513 [Worker-51: Building] INFO  o.e.m.c.i.e.AbstractTransferListenerAdapter - Downloaded https://repo.maven.apache.org/maven2/org/springframework/spring-jcl/6.2.9/spring-jcl-6.2.9.pom
2025-08-13 12:07:14,530 [Worker-51: Building] INFO  o.e.m.c.i.e.AbstractTransferListenerAdapter - Downloading https://repo.maven.apache.org/maven2/org/springframework/spring-tx/6.2.9/spring-tx-6.2.9.pom
2025-08-13 12:07:14,538 [Worker-51: Building] INFO  o.e.m.c.i.e.AbstractTransferListenerAdapter - Downloaded https://repo.maven.apache.org/maven2/org/springframework/spring-tx/6.2.9/spring-tx-6.2.9.pom
2025-08-13 12:07:14,765 [Worker-51: Building] WARN  o.a.m.r.i.DefaultArtifactDescriptorReader - 1 problem was encountered while building the effective model for org.javassist:javassist:jar:3.20.0-GA during dependency collection step for project (use -X to see details)
2025-08-13 12:07:14,878 [Worker-51: Building] INFO  o.e.m.c.i.e.AbstractTransferListenerAdapter - Downloading https://repo.maven.apache.org/maven2/org/springframework/spring-jdbc/6.2.9/spring-jdbc-6.2.9.jar
2025-08-13 12:07:14,918 [Worker-51: Building] INFO  o.e.m.c.i.e.AbstractTransferListenerAdapter - Downloaded https://repo.maven.apache.org/maven2/org/springframework/spring-jdbc/6.2.9/spring-jdbc-6.2.9.jar
2025-08-13 12:07:14,938 [BasicRepositoryConnector-repo.maven.apache.org-10-0] INFO  o.e.m.c.i.e.AbstractTransferListenerAdapter - Downloading https://repo.maven.apache.org/maven2/org/springframework/spring-tx/6.2.9/spring-tx-6.2.9.jar
2025-08-13 12:07:14,952 [BasicRepositoryConnector-repo.maven.apache.org-10-0] INFO  o.e.m.c.i.e.AbstractTransferListenerAdapter - Downloaded https://repo.maven.apache.org/maven2/org/springframework/spring-tx/6.2.9/spring-tx-6.2.9.jar
2025-08-13 12:07:15,977 [Worker-51: Building] WARN  o.a.m.s.f.DefaultMavenResourcesFiltering - Using platform encoding (UTF-8 actually) to copy filtered resources, i.e. build is platform dependent!
2025-08-13 12:07:15,982 [Worker-51: Building] INFO  o.a.m.s.f.DefaultMavenResourcesFiltering - Copying 0 resource from src\main\resources to target\classes
2025-08-13 12:07:15,985 [Worker-51: Building] WARN  o.a.m.s.f.DefaultMavenResourcesFiltering - Using platform encoding (UTF-8 actually) to copy filtered resources, i.e. build is platform dependent!
2025-08-13 12:07:15,988 [Worker-51: Building] INFO  o.a.m.s.f.DefaultMavenResourcesFiltering - Copying 0 resource from src\test\resources to target\test-classes
2025-08-13 12:07:15,989 [Worker-51: Building] INFO  o.e.m.w.i.f.ResourceFilteringBuildParticipant - Changed resources require a complete clean of filtered resources of java_web
2025-08-13 12:07:15,989 [Worker-51: Building] INFO  o.e.m.w.i.f.ResourceFilteringBuildParticipant - Executing resource filtering for java_web
2025-08-13 12:07:16,824 [Worker-54: Download sources and javadoc] INFO  o.e.m.c.i.e.AbstractTransferListenerAdapter - Downloading https://repo.maven.apache.org/maven2/org/springframework/spring-jdbc/6.2.9/spring-jdbc-6.2.9-sources.jar
2025-08-13 12:07:16,876 [Worker-54: Download sources and javadoc] INFO  o.e.m.c.i.e.AbstractTransferListenerAdapter - Downloaded https://repo.maven.apache.org/maven2/org/springframework/spring-jdbc/6.2.9/spring-jdbc-6.2.9-sources.jar
2025-08-13 12:07:16,882 [Worker-54: Download sources and javadoc] INFO  o.e.m.j.internal.DownloadSourcesJob - Downloaded sources for org.springframework:spring-jdbc:6.2.9
2025-08-13 12:07:16,934 [Worker-54: Download sources and javadoc] INFO  o.e.m.c.i.e.AbstractTransferListenerAdapter - Downloading https://repo.maven.apache.org/maven2/org/springframework/spring-tx/6.2.9/spring-tx-6.2.9-sources.jar
2025-08-13 12:07:16,979 [Worker-54: Download sources and javadoc] INFO  o.e.m.c.i.e.AbstractTransferListenerAdapter - Downloaded https://repo.maven.apache.org/maven2/org/springframework/spring-tx/6.2.9/spring-tx-6.2.9-sources.jar
2025-08-13 12:07:16,985 [Worker-54: Download sources and javadoc] INFO  o.e.m.j.internal.DownloadSourcesJob - Downloaded sources for org.springframework:spring-tx:6.2.9
2025-08-13 12:07:27,356 [Worker-50: Building] INFO  o.e.m.c.i.l.LifecycleMappingFactory - Using org.maven.ide.eclipse.wtp.WarLifecycleMapping lifecycle mapping for MavenProject: java_web:java_web:0.0.1-SNAPSHOT @ C:\lect_labs\labs_java\workspace\java_web\pom.xml.
2025-08-13 12:07:27,512 [Worker-50: Building] WARN  o.a.m.r.i.DefaultArtifactDescriptorReader - 1 problem was encountered while building the effective model for org.javassist:javassist:jar:3.20.0-GA during dependency collection step for project (use -X to see details)
2025-08-13 12:07:28,397 [Worker-50: Building] WARN  o.a.m.s.f.DefaultMavenResourcesFiltering - Using platform encoding (UTF-8 actually) to copy filtered resources, i.e. build is platform dependent!
2025-08-13 12:07:28,399 [Worker-50: Building] INFO  o.a.m.s.f.DefaultMavenResourcesFiltering - Copying 0 resource from src\main\resources to target\classes
2025-08-13 12:07:28,403 [Worker-50: Building] WARN  o.a.m.s.f.DefaultMavenResourcesFiltering - Using platform encoding (UTF-8 actually) to copy filtered resources, i.e. build is platform dependent!
2025-08-13 12:07:28,405 [Worker-50: Building] INFO  o.a.m.s.f.DefaultMavenResourcesFiltering - Copying 0 resource from src\test\resources to target\test-classes
2025-08-13 12:07:28,405 [Worker-50: Building] INFO  o.e.m.w.i.f.ResourceFilteringBuildParticipant - Changed resources require a complete clean of filtered resources of java_web
2025-08-13 12:07:28,405 [Worker-50: Building] INFO  o.e.m.w.i.f.ResourceFilteringBuildParticipant - Executing resource filtering for java_web
2025-08-13 12:07:35,599 [Worker-56: Building] INFO  o.e.m.c.i.l.LifecycleMappingFactory - Using org.maven.ide.eclipse.wtp.WarLifecycleMapping lifecycle mapping for MavenProject: java_web:java_web:0.0.1-SNAPSHOT @ C:\lect_labs\labs_java\workspace\java_web\pom.xml.
2025-08-13 12:07:35,655 [Worker-56: Building] INFO  o.e.m.c.i.e.AbstractTransferListenerAdapter - Downloading https://repo.maven.apache.org/maven2/org/springframework/spring-jdbc/6.0.23/spring-jdbc-6.0.23.pom
2025-08-13 12:07:35,667 [Worker-56: Building] INFO  o.e.m.c.i.e.AbstractTransferListenerAdapter - Downloaded https://repo.maven.apache.org/maven2/org/springframework/spring-jdbc/6.0.23/spring-jdbc-6.0.23.pom
2025-08-13 12:07:35,698 [Worker-56: Building] INFO  o.e.m.c.i.e.AbstractTransferListenerAdapter - Downloading https://repo.maven.apache.org/maven2/org/springframework/spring-tx/6.0.23/spring-tx-6.0.23.pom
2025-08-13 12:07:35,705 [Worker-56: Building] INFO  o.e.m.c.i.e.AbstractTransferListenerAdapter - Downloaded https://repo.maven.apache.org/maven2/org/springframework/spring-tx/6.0.23/spring-tx-6.0.23.pom
2025-08-13 12:07:35,811 [Worker-56: Building] WARN  o.a.m.r.i.DefaultArtifactDescriptorReader - 1 problem was encountered while building the effective model for org.javassist:javassist:jar:3.20.0-GA during dependency collection step for project (use -X to see details)
2025-08-13 12:07:35,916 [Worker-56: Building] INFO  o.e.m.c.i.e.AbstractTransferListenerAdapter - Downloading https://repo.maven.apache.org/maven2/org/springframework/spring-jdbc/6.0.23/spring-jdbc-6.0.23.jar
2025-08-13 12:07:35,985 [Worker-56: Building] INFO  o.e.m.c.i.e.AbstractTransferListenerAdapter - Downloaded https://repo.maven.apache.org/maven2/org/springframework/spring-jdbc/6.0.23/spring-jdbc-6.0.23.jar
2025-08-13 12:07:35,998 [BasicRepositoryConnector-repo.maven.apache.org-11-0] INFO  o.e.m.c.i.e.AbstractTransferListenerAdapter - Downloading https://repo.maven.apache.org/maven2/org/springframework/spring-tx/6.0.23/spring-tx-6.0.23.jar
2025-08-13 12:07:36,011 [BasicRepositoryConnector-repo.maven.apache.org-11-0] INFO  o.e.m.c.i.e.AbstractTransferListenerAdapter - Downloaded https://repo.maven.apache.org/maven2/org/springframework/spring-tx/6.0.23/spring-tx-6.0.23.jar
2025-08-13 12:07:36,908 [Worker-56: Building] WARN  o.a.m.s.f.DefaultMavenResourcesFiltering - Using platform encoding (UTF-8 actually) to copy filtered resources, i.e. build is platform dependent!
2025-08-13 12:07:36,912 [Worker-56: Building] INFO  o.a.m.s.f.DefaultMavenResourcesFiltering - Copying 0 resource from src\main\resources to target\classes
2025-08-13 12:07:36,915 [Worker-56: Building] WARN  o.a.m.s.f.DefaultMavenResourcesFiltering - Using platform encoding (UTF-8 actually) to copy filtered resources, i.e. build is platform dependent!
2025-08-13 12:07:36,916 [Worker-56: Building] INFO  o.a.m.s.f.DefaultMavenResourcesFiltering - Copying 0 resource from src\test\resources to target\test-classes
2025-08-13 12:07:36,973 [Worker-56: Building] INFO  o.e.m.w.i.f.ResourceFilteringBuildParticipant - Changed resources require a complete clean of filtered resources of java_web
2025-08-13 12:07:36,973 [Worker-56: Building] INFO  o.e.m.w.i.f.ResourceFilteringBuildParticipant - Executing resource filtering for java_web
2025-08-13 12:07:37,785 [Worker-49: Download sources and javadoc] INFO  o.e.m.c.i.e.AbstractTransferListenerAdapter - Downloading https://repo.maven.apache.org/maven2/org/springframework/spring-jdbc/6.0.23/spring-jdbc-6.0.23-sources.jar
2025-08-13 12:07:37,852 [Worker-49: Download sources and javadoc] INFO  o.e.m.c.i.e.AbstractTransferListenerAdapter - Downloaded https://repo.maven.apache.org/maven2/org/springframework/spring-jdbc/6.0.23/spring-jdbc-6.0.23-sources.jar
2025-08-13 12:07:37,858 [Worker-49: Download sources and javadoc] INFO  o.e.m.j.internal.DownloadSourcesJob - Downloaded sources for org.springframework:spring-jdbc:6.0.23
2025-08-13 12:07:37,896 [Worker-49: Download sources and javadoc] INFO  o.e.m.c.i.e.AbstractTransferListenerAdapter - Downloading https://repo.maven.apache.org/maven2/org/springframework/spring-tx/6.0.23/spring-tx-6.0.23-sources.jar
2025-08-13 12:07:37,931 [Worker-49: Download sources and javadoc] INFO  o.e.m.c.i.e.AbstractTransferListenerAdapter - Downloaded https://repo.maven.apache.org/maven2/org/springframework/spring-tx/6.0.23/spring-tx-6.0.23-sources.jar
2025-08-13 12:07:37,938 [Worker-49: Download sources and javadoc] INFO  o.e.m.j.internal.DownloadSourcesJob - Downloaded sources for org.springframework:spring-tx:6.0.23
2025-08-13 12:08:44,498 [Worker-52: Updating Maven Project] INFO  o.e.m.c.i.p.ProjectConfigurationManager - Update started
2025-08-13 12:08:44,721 [Worker-52: Updating Maven Project] INFO  o.e.m.c.i.l.LifecycleMappingFactory - Using org.maven.ide.eclipse.wtp.WarLifecycleMapping lifecycle mapping for MavenProject: java_web:java_web:0.0.1-SNAPSHOT @ C:\lect_labs\labs_java\workspace\java_web\pom.xml.
2025-08-13 12:08:44,829 [Worker-52: Updating Maven Project] WARN  o.a.m.r.i.DefaultArtifactDescriptorReader - 1 problem was encountered while building the effective model for org.javassist:javassist:jar:3.20.0-GA during dependency collection step for project (use -X to see details)
2025-08-13 12:08:45,703 [Worker-52: Updating Maven Project] INFO  o.e.m.j.i.AbstractJavaProjectConfigurator - Adding source folder /java_web/src/main/java
2025-08-13 12:08:45,704 [Worker-52: Updating Maven Project] INFO  o.e.m.j.i.AbstractJavaProjectConfigurator - Adding resource folder /java_web/src/main/resources
2025-08-13 12:08:45,704 [Worker-52: Updating Maven Project] INFO  o.e.m.j.i.AbstractJavaProjectConfigurator - Adding source folder /java_web/src/test/java
2025-08-13 12:08:45,705 [Worker-52: Updating Maven Project] INFO  o.e.m.j.i.AbstractJavaProjectConfigurator - Adding resource folder /java_web/src/test/resources
2025-08-13 12:08:46,021 [Worker-52: Updating Maven Project] INFO  o.e.m.w.i.f.ResourceFilteringBuildParticipant - Cleaning filtered folder for java_web
2025-08-13 12:08:46,056 [Worker-52: Updating Maven Project] INFO  o.e.m.c.i.p.ProjectConfigurationManager - Update completed for 1 poms: local refresh takes 0.00 sec, refresh facades takes 1.00 sec, update config takes 0.00 sec 
2025-08-13 12:08:46,391 [Worker-49: Building] WARN  o.a.m.s.f.DefaultMavenResourcesFiltering - Using platform encoding (UTF-8 actually) to copy filtered resources, i.e. build is platform dependent!
2025-08-13 12:08:46,392 [Worker-49: Building] INFO  o.a.m.s.f.DefaultMavenResourcesFiltering - Copying 0 resource from src\main\resources to target\classes
2025-08-13 12:08:46,396 [Worker-49: Building] WARN  o.a.m.s.f.DefaultMavenResourcesFiltering - Using platform encoding (UTF-8 actually) to copy filtered resources, i.e. build is platform dependent!
2025-08-13 12:08:46,397 [Worker-49: Building] INFO  o.a.m.s.f.DefaultMavenResourcesFiltering - Copying 0 resource from src\test\resources to target\test-classes
2025-08-13 12:08:46,397 [Worker-49: Building] INFO  o.e.m.w.i.f.ResourceFilteringBuildParticipant - Changed resources require a complete clean of filtered resources of java_web
2025-08-13 12:08:46,397 [Worker-49: Building] INFO  o.e.m.w.i.f.ResourceFilteringBuildParticipant - Executing resource filtering for java_web
2025-08-13 12:10:51,216 [Worker-56: Cleaning all projects] INFO  o.e.m.w.i.f.ResourceFilteringBuildParticipant - Cleaning filtered folder for java_web
2025-08-13 12:10:51,468 [Worker-52: Building] WARN  o.a.m.s.f.DefaultMavenResourcesFiltering - Using platform encoding (UTF-8 actually) to copy filtered resources, i.e. build is platform dependent!
2025-08-13 12:10:51,470 [Worker-52: Building] INFO  o.a.m.s.f.DefaultMavenResourcesFiltering - Copying 0 resource from src\main\resources to target\classes
2025-08-13 12:10:51,472 [Worker-52: Building] WARN  o.a.m.s.f.DefaultMavenResourcesFiltering - Using platform encoding (UTF-8 actually) to copy filtered resources, i.e. build is platform dependent!
2025-08-13 12:10:51,474 [Worker-52: Building] INFO  o.a.m.s.f.DefaultMavenResourcesFiltering - Copying 0 resource from src\test\resources to target\test-classes
2025-08-13 12:10:51,474 [Worker-52: Building] INFO  o.e.m.w.i.f.ResourceFilteringBuildParticipant - Changed resources require a complete clean of filtered resources of java_web
2025-08-13 12:10:51,474 [Worker-52: Building] INFO  o.e.m.w.i.f.ResourceFilteringBuildParticipant - Executing resource filtering for java_web
2025-08-13 12:20:27,122 [Worker-50: Building] WARN  o.a.m.s.f.DefaultMavenResourcesFiltering - Using platform encoding (UTF-8 actually) to copy filtered resources, i.e. build is platform dependent!
2025-08-13 12:20:27,126 [Worker-50: Building] INFO  o.a.m.s.f.DefaultMavenResourcesFiltering - Copying 0 resource from src\main\resources to target\classes
2025-08-13 12:20:27,128 [Worker-50: Building] WARN  o.a.m.s.f.DefaultMavenResourcesFiltering - Using platform encoding (UTF-8 actually) to copy filtered resources, i.e. build is platform dependent!
2025-08-13 12:20:27,131 [Worker-50: Building] INFO  o.a.m.s.f.DefaultMavenResourcesFiltering - Copying 0 resource from src\test\resources to target\test-classes
2025-08-13 12:20:40,666 [Worker-56: Building] WARN  o.a.m.s.f.DefaultMavenResourcesFiltering - Using platform encoding (UTF-8 actually) to copy filtered resources, i.e. build is platform dependent!
2025-08-13 12:20:40,668 [Worker-56: Building] INFO  o.a.m.s.f.DefaultMavenResourcesFiltering - Copying 0 resource from src\main\resources to target\classes
2025-08-13 12:20:40,672 [Worker-56: Building] WARN  o.a.m.s.f.DefaultMavenResourcesFiltering - Using platform encoding (UTF-8 actually) to copy filtered resources, i.e. build is platform dependent!
2025-08-13 12:20:40,678 [Worker-56: Building] INFO  o.a.m.s.f.DefaultMavenResourcesFiltering - Copying 0 resource from src\test\resources to target\test-classes
2025-08-13 12:21:39,288 [Worker-52: Building] WARN  o.a.m.s.f.DefaultMavenResourcesFiltering - Using platform encoding (UTF-8 actually) to copy filtered resources, i.e. build is platform dependent!
2025-08-13 12:21:39,292 [Worker-52: Building] INFO  o.a.m.s.f.DefaultMavenResourcesFiltering - Copying 0 resource from src\main\resources to target\classes
2025-08-13 12:21:39,294 [Worker-52: Building] WARN  o.a.m.s.f.DefaultMavenResourcesFiltering - Using platform encoding (UTF-8 actually) to copy filtered resources, i.e. build is platform dependent!
2025-08-13 12:21:39,296 [Worker-52: Building] INFO  o.a.m.s.f.DefaultMavenResourcesFiltering - Copying 0 resource from src\test\resources to target\test-classes
2025-08-13 12:21:41,401 [Worker-52: Building] WARN  o.a.m.s.f.DefaultMavenResourcesFiltering - Using platform encoding (UTF-8 actually) to copy filtered resources, i.e. build is platform dependent!
2025-08-13 12:21:41,403 [Worker-52: Building] INFO  o.a.m.s.f.DefaultMavenResourcesFiltering - Copying 0 resource from src\main\resources to target\classes
2025-08-13 12:21:41,406 [Worker-52: Building] WARN  o.a.m.s.f.DefaultMavenResourcesFiltering - Using platform encoding (UTF-8 actually) to copy filtered resources, i.e. build is platform dependent!
2025-08-13 12:21:41,408 [Worker-52: Building] INFO  o.a.m.s.f.DefaultMavenResourcesFiltering - Copying 0 resource from src\test\resources to target\test-classes
2025-08-13 12:22:02,651 [Worker-52: Building] WARN  o.a.m.s.f.DefaultMavenResourcesFiltering - Using platform encoding (UTF-8 actually) to copy filtered resources, i.e. build is platform dependent!
2025-08-13 12:22:02,653 [Worker-52: Building] INFO  o.a.m.s.f.DefaultMavenResourcesFiltering - Copying 0 resource from src\main\resources to target\classes
2025-08-13 12:22:02,657 [Worker-52: Building] WARN  o.a.m.s.f.DefaultMavenResourcesFiltering - Using platform encoding (UTF-8 actually) to copy filtered resources, i.e. build is platform dependent!
2025-08-13 12:22:02,661 [Worker-52: Building] INFO  o.a.m.s.f.DefaultMavenResourcesFiltering - Copying 0 resource from src\test\resources to target\test-classes
2025-08-13 12:22:05,096 [Worker-43: Building] WARN  o.a.m.s.f.DefaultMavenResourcesFiltering - Using platform encoding (UTF-8 actually) to copy filtered resources, i.e. build is platform dependent!
2025-08-13 12:22:05,097 [Worker-43: Building] INFO  o.a.m.s.f.DefaultMavenResourcesFiltering - Copying 0 resource from src\main\resources to target\classes
2025-08-13 12:22:05,101 [Worker-43: Building] WARN  o.a.m.s.f.DefaultMavenResourcesFiltering - Using platform encoding (UTF-8 actually) to copy filtered resources, i.e. build is platform dependent!
2025-08-13 12:22:05,103 [Worker-43: Building] INFO  o.a.m.s.f.DefaultMavenResourcesFiltering - Copying 0 resource from src\test\resources to target\test-classes
2025-08-13 12:22:16,605 [Worker-45: Building] WARN  o.a.m.s.f.DefaultMavenResourcesFiltering - Using platform encoding (UTF-8 actually) to copy filtered resources, i.e. build is platform dependent!
2025-08-13 12:22:16,607 [Worker-45: Building] INFO  o.a.m.s.f.DefaultMavenResourcesFiltering - Copying 0 resource from src\main\resources to target\classes
2025-08-13 12:22:16,611 [Worker-45: Building] WARN  o.a.m.s.f.DefaultMavenResourcesFiltering - Using platform encoding (UTF-8 actually) to copy filtered resources, i.e. build is platform dependent!
2025-08-13 12:22:16,613 [Worker-45: Building] INFO  o.a.m.s.f.DefaultMavenResourcesFiltering - Copying 0 resource from src\test\resources to target\test-classes
2025-08-13 12:22:24,948 [Worker-52: Building] WARN  o.a.m.s.f.DefaultMavenResourcesFiltering - Using platform encoding (UTF-8 actually) to copy filtered resources, i.e. build is platform dependent!
2025-08-13 12:22:24,949 [Worker-52: Building] INFO  o.a.m.s.f.DefaultMavenResourcesFiltering - Copying 0 resource from src\main\resources to target\classes
2025-08-13 12:22:24,953 [Worker-52: Building] WARN  o.a.m.s.f.DefaultMavenResourcesFiltering - Using platform encoding (UTF-8 actually) to copy filtered resources, i.e. build is platform dependent!
2025-08-13 12:22:24,955 [Worker-52: Building] INFO  o.a.m.s.f.DefaultMavenResourcesFiltering - Copying 0 resource from src\test\resources to target\test-classes
2025-08-13 12:22:41,751 [Worker-54: Building] WARN  o.a.m.s.f.DefaultMavenResourcesFiltering - Using platform encoding (UTF-8 actually) to copy filtered resources, i.e. build is platform dependent!
2025-08-13 12:22:41,753 [Worker-54: Building] INFO  o.a.m.s.f.DefaultMavenResourcesFiltering - Copying 0 resource from src\main\resources to target\classes
2025-08-13 12:22:41,756 [Worker-54: Building] WARN  o.a.m.s.f.DefaultMavenResourcesFiltering - Using platform encoding (UTF-8 actually) to copy filtered resources, i.e. build is platform dependent!
2025-08-13 12:22:41,764 [Worker-54: Building] INFO  o.a.m.s.f.DefaultMavenResourcesFiltering - Copying 0 resource from src\test\resources to target\test-classes
2025-08-13 12:22:58,473 [Worker-48: Building] WARN  o.a.m.s.f.DefaultMavenResourcesFiltering - Using platform encoding (UTF-8 actually) to copy filtered resources, i.e. build is platform dependent!
2025-08-13 12:22:58,475 [Worker-48: Building] INFO  o.a.m.s.f.DefaultMavenResourcesFiltering - Copying 0 resource from src\main\resources to target\classes
2025-08-13 12:22:58,478 [Worker-48: Building] WARN  o.a.m.s.f.DefaultMavenResourcesFiltering - Using platform encoding (UTF-8 actually) to copy filtered resources, i.e. build is platform dependent!
2025-08-13 12:22:58,479 [Worker-48: Building] INFO  o.a.m.s.f.DefaultMavenResourcesFiltering - Copying 0 resource from src\test\resources to target\test-classes
2025-08-13 12:23:01,840 [Worker-46: Building] WARN  o.a.m.s.f.DefaultMavenResourcesFiltering - Using platform encoding (UTF-8 actually) to copy filtered resources, i.e. build is platform dependent!
2025-08-13 12:23:01,844 [Worker-46: Building] INFO  o.a.m.s.f.DefaultMavenResourcesFiltering - Copying 0 resource from src\main\resources to target\classes
2025-08-13 12:23:01,846 [Worker-46: Building] WARN  o.a.m.s.f.DefaultMavenResourcesFiltering - Using platform encoding (UTF-8 actually) to copy filtered resources, i.e. build is platform dependent!
2025-08-13 12:23:01,847 [Worker-46: Building] INFO  o.a.m.s.f.DefaultMavenResourcesFiltering - Copying 0 resource from src\test\resources to target\test-classes
2025-08-13 14:18:39,628 [Worker-58: Building] WARN  o.a.m.s.f.DefaultMavenResourcesFiltering - Using platform encoding (UTF-8 actually) to copy filtered resources, i.e. build is platform dependent!
2025-08-13 14:18:39,632 [Worker-58: Building] INFO  o.a.m.s.f.DefaultMavenResourcesFiltering - Copying 0 resource from src\main\resources to target\classes
2025-08-13 14:18:39,635 [Worker-58: Building] WARN  o.a.m.s.f.DefaultMavenResourcesFiltering - Using platform encoding (UTF-8 actually) to copy filtered resources, i.e. build is platform dependent!
2025-08-13 14:18:39,636 [Worker-58: Building] INFO  o.a.m.s.f.DefaultMavenResourcesFiltering - Copying 0 resource from src\test\resources to target\test-classes
2025-08-13 14:19:03,728 [Worker-56: Building] WARN  o.a.m.s.f.DefaultMavenResourcesFiltering - Using platform encoding (UTF-8 actually) to copy filtered resources, i.e. build is platform dependent!
2025-08-13 14:19:03,729 [Worker-56: Building] INFO  o.a.m.s.f.DefaultMavenResourcesFiltering - Copying 0 resource from src\main\resources to target\classes
2025-08-13 14:19:03,731 [Worker-56: Building] WARN  o.a.m.s.f.DefaultMavenResourcesFiltering - Using platform encoding (UTF-8 actually) to copy filtered resources, i.e. build is platform dependent!
2025-08-13 14:19:03,732 [Worker-56: Building] INFO  o.a.m.s.f.DefaultMavenResourcesFiltering - Copying 0 resource from src\test\resources to target\test-classes
2025-08-13 14:19:12,873 [Worker-53: Building] WARN  o.a.m.s.f.DefaultMavenResourcesFiltering - Using platform encoding (UTF-8 actually) to copy filtered resources, i.e. build is platform dependent!
2025-08-13 14:19:12,874 [Worker-53: Building] INFO  o.a.m.s.f.DefaultMavenResourcesFiltering - Copying 0 resource from src\main\resources to target\classes
2025-08-13 14:19:12,877 [Worker-53: Building] WARN  o.a.m.s.f.DefaultMavenResourcesFiltering - Using platform encoding (UTF-8 actually) to copy filtered resources, i.e. build is platform dependent!
2025-08-13 14:19:12,878 [Worker-53: Building] INFO  o.a.m.s.f.DefaultMavenResourcesFiltering - Copying 0 resource from src\test\resources to target\test-classes
2025-08-13 14:19:19,172 [Worker-49: Building] WARN  o.a.m.s.f.DefaultMavenResourcesFiltering - Using platform encoding (UTF-8 actually) to copy filtered resources, i.e. build is platform dependent!
2025-08-13 14:19:19,173 [Worker-49: Building] INFO  o.a.m.s.f.DefaultMavenResourcesFiltering - Copying 0 resource from src\main\resources to target\classes
2025-08-13 14:19:19,176 [Worker-49: Building] WARN  o.a.m.s.f.DefaultMavenResourcesFiltering - Using platform encoding (UTF-8 actually) to copy filtered resources, i.e. build is platform dependent!
2025-08-13 14:19:19,177 [Worker-49: Building] INFO  o.a.m.s.f.DefaultMavenResourcesFiltering - Copying 0 resource from src\test\resources to target\test-classes
2025-08-13 14:19:20,432 [Worker-56: Building] WARN  o.a.m.s.f.DefaultMavenResourcesFiltering - Using platform encoding (UTF-8 actually) to copy filtered resources, i.e. build is platform dependent!
2025-08-13 14:19:20,433 [Worker-56: Building] INFO  o.a.m.s.f.DefaultMavenResourcesFiltering - Copying 0 resource from src\main\resources to target\classes
2025-08-13 14:19:20,434 [Worker-56: Building] WARN  o.a.m.s.f.DefaultMavenResourcesFiltering - Using platform encoding (UTF-8 actually) to copy filtered resources, i.e. build is platform dependent!
2025-08-13 14:19:20,435 [Worker-56: Building] INFO  o.a.m.s.f.DefaultMavenResourcesFiltering - Copying 0 resource from src\test\resources to target\test-classes
2025-08-13 14:19:25,991 [Worker-55: Building] WARN  o.a.m.s.f.DefaultMavenResourcesFiltering - Using platform encoding (UTF-8 actually) to copy filtered resources, i.e. build is platform dependent!
2025-08-13 14:19:25,993 [Worker-55: Building] INFO  o.a.m.s.f.DefaultMavenResourcesFiltering - Copying 0 resource from src\main\resources to target\classes
2025-08-13 14:19:25,995 [Worker-55: Building] WARN  o.a.m.s.f.DefaultMavenResourcesFiltering - Using platform encoding (UTF-8 actually) to copy filtered resources, i.e. build is platform dependent!
2025-08-13 14:19:25,996 [Worker-55: Building] INFO  o.a.m.s.f.DefaultMavenResourcesFiltering - Copying 0 resource from src\test\resources to target\test-classes
2025-08-13 14:19:29,979 [Worker-53: Building] WARN  o.a.m.s.f.DefaultMavenResourcesFiltering - Using platform encoding (UTF-8 actually) to copy filtered resources, i.e. build is platform dependent!
2025-08-13 14:19:29,980 [Worker-53: Building] INFO  o.a.m.s.f.DefaultMavenResourcesFiltering - Copying 0 resource from src\main\resources to target\classes
2025-08-13 14:19:29,981 [Worker-53: Building] WARN  o.a.m.s.f.DefaultMavenResourcesFiltering - Using platform encoding (UTF-8 actually) to copy filtered resources, i.e. build is platform dependent!
2025-08-13 14:19:29,982 [Worker-53: Building] INFO  o.a.m.s.f.DefaultMavenResourcesFiltering - Copying 0 resource from src\test\resources to target\test-classes
2025-08-13 14:19:32,252 [Worker-41: Building] WARN  o.a.m.s.f.DefaultMavenResourcesFiltering - Using platform encoding (UTF-8 actually) to copy filtered resources, i.e. build is platform dependent!
2025-08-13 14:19:32,253 [Worker-41: Building] INFO  o.a.m.s.f.DefaultMavenResourcesFiltering - Copying 0 resource from src\main\resources to target\classes
2025-08-13 14:19:32,255 [Worker-41: Building] WARN  o.a.m.s.f.DefaultMavenResourcesFiltering - Using platform encoding (UTF-8 actually) to copy filtered resources, i.e. build is platform dependent!
2025-08-13 14:19:32,255 [Worker-41: Building] INFO  o.a.m.s.f.DefaultMavenResourcesFiltering - Copying 0 resource from src\test\resources to target\test-classes
2025-08-13 14:21:54,324 [Worker-58: Building] WARN  o.a.m.s.f.DefaultMavenResourcesFiltering - Using platform encoding (UTF-8 actually) to copy filtered resources, i.e. build is platform dependent!
2025-08-13 14:21:54,326 [Worker-58: Building] INFO  o.a.m.s.f.DefaultMavenResourcesFiltering - Copying 0 resource from src\main\resources to target\classes
2025-08-13 14:21:54,326 [Worker-58: Building] WARN  o.a.m.s.f.DefaultMavenResourcesFiltering - Using platform encoding (UTF-8 actually) to copy filtered resources, i.e. build is platform dependent!
2025-08-13 14:21:54,330 [Worker-58: Building] INFO  o.a.m.s.f.DefaultMavenResourcesFiltering - Copying 0 resource from src\test\resources to target\test-classes
2025-08-13 14:22:59,834 [Worker-41: Building] WARN  o.a.m.s.f.DefaultMavenResourcesFiltering - Using platform encoding (UTF-8 actually) to copy filtered resources, i.e. build is platform dependent!
2025-08-13 14:22:59,836 [Worker-41: Building] INFO  o.a.m.s.f.DefaultMavenResourcesFiltering - Copying 0 resource from src\main\resources to target\classes
2025-08-13 14:22:59,837 [Worker-41: Building] WARN  o.a.m.s.f.DefaultMavenResourcesFiltering - Using platform encoding (UTF-8 actually) to copy filtered resources, i.e. build is platform dependent!
2025-08-13 14:22:59,838 [Worker-41: Building] INFO  o.a.m.s.f.DefaultMavenResourcesFiltering - Copying 0 resource from src\test\resources to target\test-classes
2025-08-13 14:24:00,701 [Worker-58: Building] WARN  o.a.m.s.f.DefaultMavenResourcesFiltering - Using platform encoding (UTF-8 actually) to copy filtered resources, i.e. build is platform dependent!
2025-08-13 14:24:00,703 [Worker-58: Building] INFO  o.a.m.s.f.DefaultMavenResourcesFiltering - Copying 0 resource from src\main\resources to target\classes
2025-08-13 14:24:00,704 [Worker-58: Building] WARN  o.a.m.s.f.DefaultMavenResourcesFiltering - Using platform encoding (UTF-8 actually) to copy filtered resources, i.e. build is platform dependent!
2025-08-13 14:24:00,705 [Worker-58: Building] INFO  o.a.m.s.f.DefaultMavenResourcesFiltering - Copying 0 resource from src\test\resources to target\test-classes
2025-08-13 14:24:45,749 [Worker-41: Building] WARN  o.a.m.s.f.DefaultMavenResourcesFiltering - Using platform encoding (UTF-8 actually) to copy filtered resources, i.e. build is platform dependent!
2025-08-13 14:24:45,750 [Worker-41: Building] INFO  o.a.m.s.f.DefaultMavenResourcesFiltering - Copying 0 resource from src\main\resources to target\classes
2025-08-13 14:24:45,751 [Worker-41: Building] WARN  o.a.m.s.f.DefaultMavenResourcesFiltering - Using platform encoding (UTF-8 actually) to copy filtered resources, i.e. build is platform dependent!
2025-08-13 14:24:45,752 [Worker-41: Building] INFO  o.a.m.s.f.DefaultMavenResourcesFiltering - Copying 0 resource from src\test\resources to target\test-classes
2025-08-13 14:24:48,517 [Worker-49: Building] WARN  o.a.m.s.f.DefaultMavenResourcesFiltering - Using platform encoding (UTF-8 actually) to copy filtered resources, i.e. build is platform dependent!
2025-08-13 14:24:48,517 [Worker-49: Building] INFO  o.a.m.s.f.DefaultMavenResourcesFiltering - Copying 0 resource from src\main\resources to target\classes
2025-08-13 14:24:48,518 [Worker-49: Building] WARN  o.a.m.s.f.DefaultMavenResourcesFiltering - Using platform encoding (UTF-8 actually) to copy filtered resources, i.e. build is platform dependent!
2025-08-13 14:24:48,518 [Worker-49: Building] INFO  o.a.m.s.f.DefaultMavenResourcesFiltering - Copying 0 resource from src\test\resources to target\test-classes
2025-08-13 14:25:06,685 [Worker-55: Building] WARN  o.a.m.s.f.DefaultMavenResourcesFiltering - Using platform encoding (UTF-8 actually) to copy filtered resources, i.e. build is platform dependent!
2025-08-13 14:25:06,686 [Worker-55: Building] INFO  o.a.m.s.f.DefaultMavenResourcesFiltering - Copying 0 resource from src\main\resources to target\classes
2025-08-13 14:25:06,687 [Worker-55: Building] WARN  o.a.m.s.f.DefaultMavenResourcesFiltering - Using platform encoding (UTF-8 actually) to copy filtered resources, i.e. build is platform dependent!
2025-08-13 14:25:06,688 [Worker-55: Building] INFO  o.a.m.s.f.DefaultMavenResourcesFiltering - Copying 0 resource from src\test\resources to target\test-classes
2025-08-13 14:28:14,996 [Worker-49: Building] WARN  o.a.m.s.f.DefaultMavenResourcesFiltering - Using platform encoding (UTF-8 actually) to copy filtered resources, i.e. build is platform dependent!
2025-08-13 14:28:14,997 [Worker-49: Building] INFO  o.a.m.s.f.DefaultMavenResourcesFiltering - Copying 0 resource from src\main\resources to target\classes
2025-08-13 14:28:14,998 [Worker-49: Building] WARN  o.a.m.s.f.DefaultMavenResourcesFiltering - Using platform encoding (UTF-8 actually) to copy filtered resources, i.e. build is platform dependent!
2025-08-13 14:28:15,000 [Worker-49: Building] INFO  o.a.m.s.f.DefaultMavenResourcesFiltering - Copying 0 resource from src\test\resources to target\test-classes
2025-08-13 14:28:23,882 [Worker-55: Building] WARN  o.a.m.s.f.DefaultMavenResourcesFiltering - Using platform encoding (UTF-8 actually) to copy filtered resources, i.e. build is platform dependent!
2025-08-13 14:28:23,883 [Worker-55: Building] INFO  o.a.m.s.f.DefaultMavenResourcesFiltering - Copying 0 resource from src\main\resources to target\classes
2025-08-13 14:28:23,885 [Worker-55: Building] WARN  o.a.m.s.f.DefaultMavenResourcesFiltering - Using platform encoding (UTF-8 actually) to copy filtered resources, i.e. build is platform dependent!
2025-08-13 14:28:23,885 [Worker-55: Building] INFO  o.a.m.s.f.DefaultMavenResourcesFiltering - Copying 0 resource from src\test\resources to target\test-classes
2025-08-13 14:28:40,357 [Worker-49: Building] WARN  o.a.m.s.f.DefaultMavenResourcesFiltering - Using platform encoding (UTF-8 actually) to copy filtered resources, i.e. build is platform dependent!
2025-08-13 14:28:40,358 [Worker-49: Building] INFO  o.a.m.s.f.DefaultMavenResourcesFiltering - Copying 0 resource from src\main\resources to target\classes
2025-08-13 14:28:40,359 [Worker-49: Building] WARN  o.a.m.s.f.DefaultMavenResourcesFiltering - Using platform encoding (UTF-8 actually) to copy filtered resources, i.e. build is platform dependent!
2025-08-13 14:28:40,359 [Worker-49: Building] INFO  o.a.m.s.f.DefaultMavenResourcesFiltering - Copying 0 resource from src\test\resources to target\test-classes
2025-08-13 14:29:19,182 [Worker-55: Building] WARN  o.a.m.s.f.DefaultMavenResourcesFiltering - Using platform encoding (UTF-8 actually) to copy filtered resources, i.e. build is platform dependent!
2025-08-13 14:29:19,182 [Worker-55: Building] INFO  o.a.m.s.f.DefaultMavenResourcesFiltering - Copying 0 resource from src\main\resources to target\classes
2025-08-13 14:29:19,184 [Worker-55: Building] WARN  o.a.m.s.f.DefaultMavenResourcesFiltering - Using platform encoding (UTF-8 actually) to copy filtered resources, i.e. build is platform dependent!
2025-08-13 14:29:19,185 [Worker-55: Building] INFO  o.a.m.s.f.DefaultMavenResourcesFiltering - Copying 0 resource from src\test\resources to target\test-classes
2025-08-13 14:29:54,415 [Worker-55: Building] WARN  o.a.m.s.f.DefaultMavenResourcesFiltering - Using platform encoding (UTF-8 actually) to copy filtered resources, i.e. build is platform dependent!
2025-08-13 14:29:54,417 [Worker-55: Building] INFO  o.a.m.s.f.DefaultMavenResourcesFiltering - Copying 0 resource from src\main\resources to target\classes
2025-08-13 14:29:54,418 [Worker-55: Building] WARN  o.a.m.s.f.DefaultMavenResourcesFiltering - Using platform encoding (UTF-8 actually) to copy filtered resources, i.e. build is platform dependent!
2025-08-13 14:29:54,419 [Worker-55: Building] INFO  o.a.m.s.f.DefaultMavenResourcesFiltering - Copying 0 resource from src\test\resources to target\test-classes
2025-08-13 14:30:12,531 [Worker-59: Building] WARN  o.a.m.s.f.DefaultMavenResourcesFiltering - Using platform encoding (UTF-8 actually) to copy filtered resources, i.e. build is platform dependent!
2025-08-13 14:30:12,532 [Worker-59: Building] INFO  o.a.m.s.f.DefaultMavenResourcesFiltering - Copying 0 resource from src\main\resources to target\classes
2025-08-13 14:30:12,533 [Worker-59: Building] WARN  o.a.m.s.f.DefaultMavenResourcesFiltering - Using platform encoding (UTF-8 actually) to copy filtered resources, i.e. build is platform dependent!
2025-08-13 14:30:12,535 [Worker-59: Building] INFO  o.a.m.s.f.DefaultMavenResourcesFiltering - Copying 0 resource from src\test\resources to target\test-classes
2025-08-13 14:31:46,264 [Worker-49: Building] WARN  o.a.m.s.f.DefaultMavenResourcesFiltering - Using platform encoding (UTF-8 actually) to copy filtered resources, i.e. build is platform dependent!
2025-08-13 14:31:46,265 [Worker-49: Building] INFO  o.a.m.s.f.DefaultMavenResourcesFiltering - Copying 0 resource from src\main\resources to target\classes
2025-08-13 14:31:46,267 [Worker-49: Building] WARN  o.a.m.s.f.DefaultMavenResourcesFiltering - Using platform encoding (UTF-8 actually) to copy filtered resources, i.e. build is platform dependent!
2025-08-13 14:31:46,268 [Worker-49: Building] INFO  o.a.m.s.f.DefaultMavenResourcesFiltering - Copying 0 resource from src\test\resources to target\test-classes
2025-08-13 14:34:55,209 [Worker-56: Building] WARN  o.a.m.s.f.DefaultMavenResourcesFiltering - Using platform encoding (UTF-8 actually) to copy filtered resources, i.e. build is platform dependent!
2025-08-13 14:34:55,211 [Worker-56: Building] INFO  o.a.m.s.f.DefaultMavenResourcesFiltering - Copying 0 resource from src\main\resources to target\classes
2025-08-13 14:34:55,213 [Worker-56: Building] WARN  o.a.m.s.f.DefaultMavenResourcesFiltering - Using platform encoding (UTF-8 actually) to copy filtered resources, i.e. build is platform dependent!
2025-08-13 14:34:55,214 [Worker-56: Building] INFO  o.a.m.s.f.DefaultMavenResourcesFiltering - Copying 0 resource from src\test\resources to target\test-classes
2025-08-13 14:36:21,115 [Worker-45: Building] WARN  o.a.m.s.f.DefaultMavenResourcesFiltering - Using platform encoding (UTF-8 actually) to copy filtered resources, i.e. build is platform dependent!
2025-08-13 14:36:21,116 [Worker-45: Building] INFO  o.a.m.s.f.DefaultMavenResourcesFiltering - Copying 0 resource from src\main\resources to target\classes
2025-08-13 14:36:21,117 [Worker-45: Building] WARN  o.a.m.s.f.DefaultMavenResourcesFiltering - Using platform encoding (UTF-8 actually) to copy filtered resources, i.e. build is platform dependent!
2025-08-13 14:36:21,118 [Worker-45: Building] INFO  o.a.m.s.f.DefaultMavenResourcesFiltering - Copying 0 resource from src\test\resources to target\test-classes
2025-08-13 14:36:30,203 [Worker-45: Building] WARN  o.a.m.s.f.DefaultMavenResourcesFiltering - Using platform encoding (UTF-8 actually) to copy filtered resources, i.e. build is platform dependent!
2025-08-13 14:36:30,205 [Worker-45: Building] INFO  o.a.m.s.f.DefaultMavenResourcesFiltering - Copying 0 resource from src\main\resources to target\classes
2025-08-13 14:36:30,206 [Worker-45: Building] WARN  o.a.m.s.f.DefaultMavenResourcesFiltering - Using platform encoding (UTF-8 actually) to copy filtered resources, i.e. build is platform dependent!
2025-08-13 14:36:30,207 [Worker-45: Building] INFO  o.a.m.s.f.DefaultMavenResourcesFiltering - Copying 0 resource from src\test\resources to target\test-classes
2025-08-13 14:51:58,257 [Worker-45: Building] WARN  o.a.m.s.f.DefaultMavenResourcesFiltering - Using platform encoding (UTF-8 actually) to copy filtered resources, i.e. build is platform dependent!
2025-08-13 14:51:58,258 [Worker-45: Building] INFO  o.a.m.s.f.DefaultMavenResourcesFiltering - Copying 0 resource from src\main\resources to target\classes
2025-08-13 14:51:58,260 [Worker-45: Building] WARN  o.a.m.s.f.DefaultMavenResourcesFiltering - Using platform encoding (UTF-8 actually) to copy filtered resources, i.e. build is platform dependent!
2025-08-13 14:51:58,262 [Worker-45: Building] INFO  o.a.m.s.f.DefaultMavenResourcesFiltering - Copying 0 resource from src\test\resources to target\test-classes
2025-08-13 14:52:22,962 [Worker-53: Building] WARN  o.a.m.s.f.DefaultMavenResourcesFiltering - Using platform encoding (UTF-8 actually) to copy filtered resources, i.e. build is platform dependent!
2025-08-13 14:52:22,962 [Worker-53: Building] INFO  o.a.m.s.f.DefaultMavenResourcesFiltering - Copying 0 resource from src\main\resources to target\classes
2025-08-13 14:52:22,963 [Worker-53: Building] WARN  o.a.m.s.f.DefaultMavenResourcesFiltering - Using platform encoding (UTF-8 actually) to copy filtered resources, i.e. build is platform dependent!
2025-08-13 14:52:22,964 [Worker-53: Building] INFO  o.a.m.s.f.DefaultMavenResourcesFiltering - Copying 0 resource from src\test\resources to target\test-classes
2025-08-13 14:52:45,820 [Worker-49: Building] WARN  o.a.m.s.f.DefaultMavenResourcesFiltering - Using platform encoding (UTF-8 actually) to copy filtered resources, i.e. build is platform dependent!
2025-08-13 14:52:45,821 [Worker-49: Building] INFO  o.a.m.s.f.DefaultMavenResourcesFiltering - Copying 0 resource from src\main\resources to target\classes
2025-08-13 14:52:45,823 [Worker-49: Building] WARN  o.a.m.s.f.DefaultMavenResourcesFiltering - Using platform encoding (UTF-8 actually) to copy filtered resources, i.e. build is platform dependent!
2025-08-13 14:52:45,824 [Worker-49: Building] INFO  o.a.m.s.f.DefaultMavenResourcesFiltering - Copying 0 resource from src\test\resources to target\test-classes
2025-08-13 14:53:34,121 [Worker-53: Building] WARN  o.a.m.s.f.DefaultMavenResourcesFiltering - Using platform encoding (UTF-8 actually) to copy filtered resources, i.e. build is platform dependent!
2025-08-13 14:53:34,136 [Worker-53: Building] INFO  o.a.m.s.f.DefaultMavenResourcesFiltering - Copying 0 resource from src\main\resources to target\classes
2025-08-13 14:53:34,139 [Worker-53: Building] WARN  o.a.m.s.f.DefaultMavenResourcesFiltering - Using platform encoding (UTF-8 actually) to copy filtered resources, i.e. build is platform dependent!
2025-08-13 14:53:34,140 [Worker-53: Building] INFO  o.a.m.s.f.DefaultMavenResourcesFiltering - Copying 0 resource from src\test\resources to target\test-classes
2025-08-13 14:54:34,193 [Worker-55: Building] WARN  o.a.m.s.f.DefaultMavenResourcesFiltering - Using platform encoding (UTF-8 actually) to copy filtered resources, i.e. build is platform dependent!
2025-08-13 14:54:34,195 [Worker-55: Building] INFO  o.a.m.s.f.DefaultMavenResourcesFiltering - Copying 0 resource from src\main\resources to target\classes
2025-08-13 14:54:34,196 [Worker-55: Building] WARN  o.a.m.s.f.DefaultMavenResourcesFiltering - Using platform encoding (UTF-8 actually) to copy filtered resources, i.e. build is platform dependent!
2025-08-13 14:54:34,197 [Worker-55: Building] INFO  o.a.m.s.f.DefaultMavenResourcesFiltering - Copying 0 resource from src\test\resources to target\test-classes
2025-08-13 14:55:24,735 [Worker-45: Building] WARN  o.a.m.s.f.DefaultMavenResourcesFiltering - Using platform encoding (UTF-8 actually) to copy filtered resources, i.e. build is platform dependent!
2025-08-13 14:55:24,736 [Worker-45: Building] INFO  o.a.m.s.f.DefaultMavenResourcesFiltering - Copying 0 resource from src\main\resources to target\classes
2025-08-13 14:55:24,737 [Worker-45: Building] WARN  o.a.m.s.f.DefaultMavenResourcesFiltering - Using platform encoding (UTF-8 actually) to copy filtered resources, i.e. build is platform dependent!
2025-08-13 14:55:24,738 [Worker-45: Building] INFO  o.a.m.s.f.DefaultMavenResourcesFiltering - Copying 0 resource from src\test\resources to target\test-classes
2025-08-13 14:55:50,640 [Worker-56: Building] WARN  o.a.m.s.f.DefaultMavenResourcesFiltering - Using platform encoding (UTF-8 actually) to copy filtered resources, i.e. build is platform dependent!
2025-08-13 14:55:50,641 [Worker-56: Building] INFO  o.a.m.s.f.DefaultMavenResourcesFiltering - Copying 0 resource from src\main\resources to target\classes
2025-08-13 14:55:50,642 [Worker-56: Building] WARN  o.a.m.s.f.DefaultMavenResourcesFiltering - Using platform encoding (UTF-8 actually) to copy filtered resources, i.e. build is platform dependent!
2025-08-13 14:55:50,643 [Worker-56: Building] INFO  o.a.m.s.f.DefaultMavenResourcesFiltering - Copying 0 resource from src\test\resources to target\test-classes
2025-08-13 14:56:08,593 [Worker-53: Building] WARN  o.a.m.s.f.DefaultMavenResourcesFiltering - Using platform encoding (UTF-8 actually) to copy filtered resources, i.e. build is platform dependent!
2025-08-13 14:56:08,594 [Worker-53: Building] INFO  o.a.m.s.f.DefaultMavenResourcesFiltering - Copying 0 resource from src\main\resources to target\classes
2025-08-13 14:56:08,596 [Worker-53: Building] WARN  o.a.m.s.f.DefaultMavenResourcesFiltering - Using platform encoding (UTF-8 actually) to copy filtered resources, i.e. build is platform dependent!
2025-08-13 14:56:08,598 [Worker-53: Building] INFO  o.a.m.s.f.DefaultMavenResourcesFiltering - Copying 0 resource from src\test\resources to target\test-classes
2025-08-13 14:56:24,498 [Worker-45: Building] WARN  o.a.m.s.f.DefaultMavenResourcesFiltering - Using platform encoding (UTF-8 actually) to copy filtered resources, i.e. build is platform dependent!
2025-08-13 14:56:24,499 [Worker-45: Building] INFO  o.a.m.s.f.DefaultMavenResourcesFiltering - Copying 0 resource from src\main\resources to target\classes
2025-08-13 14:56:24,499 [Worker-45: Building] WARN  o.a.m.s.f.DefaultMavenResourcesFiltering - Using platform encoding (UTF-8 actually) to copy filtered resources, i.e. build is platform dependent!
2025-08-13 14:56:24,500 [Worker-45: Building] INFO  o.a.m.s.f.DefaultMavenResourcesFiltering - Copying 0 resource from src\test\resources to target\test-classes
2025-08-13 14:56:27,589 [Worker-45: Building] WARN  o.a.m.s.f.DefaultMavenResourcesFiltering - Using platform encoding (UTF-8 actually) to copy filtered resources, i.e. build is platform dependent!
2025-08-13 14:56:27,590 [Worker-45: Building] INFO  o.a.m.s.f.DefaultMavenResourcesFiltering - Copying 0 resource from src\main\resources to target\classes
2025-08-13 14:56:27,591 [Worker-45: Building] WARN  o.a.m.s.f.DefaultMavenResourcesFiltering - Using platform encoding (UTF-8 actually) to copy filtered resources, i.e. build is platform dependent!
2025-08-13 14:56:27,592 [Worker-45: Building] INFO  o.a.m.s.f.DefaultMavenResourcesFiltering - Copying 0 resource from src\test\resources to target\test-classes
2025-08-13 14:56:48,579 [Worker-56: Building] WARN  o.a.m.s.f.DefaultMavenResourcesFiltering - Using platform encoding (UTF-8 actually) to copy filtered resources, i.e. build is platform dependent!
2025-08-13 14:56:48,580 [Worker-56: Building] INFO  o.a.m.s.f.DefaultMavenResourcesFiltering - Copying 0 resource from src\main\resources to target\classes
2025-08-13 14:56:48,582 [Worker-56: Building] WARN  o.a.m.s.f.DefaultMavenResourcesFiltering - Using platform encoding (UTF-8 actually) to copy filtered resources, i.e. build is platform dependent!
2025-08-13 14:56:48,583 [Worker-56: Building] INFO  o.a.m.s.f.DefaultMavenResourcesFiltering - Copying 0 resource from src\test\resources to target\test-classes
2025-08-13 14:57:07,660 [Worker-49: Building] WARN  o.a.m.s.f.DefaultMavenResourcesFiltering - Using platform encoding (UTF-8 actually) to copy filtered resources, i.e. build is platform dependent!
2025-08-13 14:57:07,661 [Worker-49: Building] INFO  o.a.m.s.f.DefaultMavenResourcesFiltering - Copying 0 resource from src\main\resources to target\classes
2025-08-13 14:57:07,662 [Worker-49: Building] WARN  o.a.m.s.f.DefaultMavenResourcesFiltering - Using platform encoding (UTF-8 actually) to copy filtered resources, i.e. build is platform dependent!
2025-08-13 14:57:07,662 [Worker-49: Building] INFO  o.a.m.s.f.DefaultMavenResourcesFiltering - Copying 0 resource from src\test\resources to target\test-classes
2025-08-13 14:57:54,949 [Worker-55: Building] WARN  o.a.m.s.f.DefaultMavenResourcesFiltering - Using platform encoding (UTF-8 actually) to copy filtered resources, i.e. build is platform dependent!
2025-08-13 14:57:54,950 [Worker-55: Building] INFO  o.a.m.s.f.DefaultMavenResourcesFiltering - Copying 0 resource from src\main\resources to target\classes
2025-08-13 14:57:54,951 [Worker-55: Building] WARN  o.a.m.s.f.DefaultMavenResourcesFiltering - Using platform encoding (UTF-8 actually) to copy filtered resources, i.e. build is platform dependent!
2025-08-13 14:57:54,952 [Worker-55: Building] INFO  o.a.m.s.f.DefaultMavenResourcesFiltering - Copying 0 resource from src\test\resources to target\test-classes
2025-08-13 15:21:59,898 [Worker-56: Building] WARN  o.a.m.s.f.DefaultMavenResourcesFiltering - Using platform encoding (UTF-8 actually) to copy filtered resources, i.e. build is platform dependent!
2025-08-13 15:21:59,900 [Worker-56: Building] INFO  o.a.m.s.f.DefaultMavenResourcesFiltering - Copying 0 resource from src\main\resources to target\classes
2025-08-13 15:21:59,902 [Worker-56: Building] WARN  o.a.m.s.f.DefaultMavenResourcesFiltering - Using platform encoding (UTF-8 actually) to copy filtered resources, i.e. build is platform dependent!
2025-08-13 15:21:59,905 [Worker-56: Building] INFO  o.a.m.s.f.DefaultMavenResourcesFiltering - Copying 0 resource from src\test\resources to target\test-classes
2025-08-13 15:22:29,372 [Worker-49: Building] WARN  o.a.m.s.f.DefaultMavenResourcesFiltering - Using platform encoding (UTF-8 actually) to copy filtered resources, i.e. build is platform dependent!
2025-08-13 15:22:29,373 [Worker-49: Building] INFO  o.a.m.s.f.DefaultMavenResourcesFiltering - Copying 0 resource from src\main\resources to target\classes
2025-08-13 15:22:29,375 [Worker-49: Building] WARN  o.a.m.s.f.DefaultMavenResourcesFiltering - Using platform encoding (UTF-8 actually) to copy filtered resources, i.e. build is platform dependent!
2025-08-13 15:22:29,376 [Worker-49: Building] INFO  o.a.m.s.f.DefaultMavenResourcesFiltering - Copying 0 resource from src\test\resources to target\test-classes
2025-08-13 15:22:46,849 [Worker-55: Building] WARN  o.a.m.s.f.DefaultMavenResourcesFiltering - Using platform encoding (UTF-8 actually) to copy filtered resources, i.e. build is platform dependent!
2025-08-13 15:22:46,850 [Worker-55: Building] INFO  o.a.m.s.f.DefaultMavenResourcesFiltering - Copying 0 resource from src\main\resources to target\classes
2025-08-13 15:22:46,851 [Worker-55: Building] WARN  o.a.m.s.f.DefaultMavenResourcesFiltering - Using platform encoding (UTF-8 actually) to copy filtered resources, i.e. build is platform dependent!
2025-08-13 15:22:46,852 [Worker-55: Building] INFO  o.a.m.s.f.DefaultMavenResourcesFiltering - Copying 0 resource from src\test\resources to target\test-classes
2025-08-13 15:24:14,993 [Worker-49: Building] WARN  o.a.m.s.f.DefaultMavenResourcesFiltering - Using platform encoding (UTF-8 actually) to copy filtered resources, i.e. build is platform dependent!
2025-08-13 15:24:14,995 [Worker-49: Building] INFO  o.a.m.s.f.DefaultMavenResourcesFiltering - Copying 0 resource from src\main\resources to target\classes
2025-08-13 15:24:14,996 [Worker-49: Building] WARN  o.a.m.s.f.DefaultMavenResourcesFiltering - Using platform encoding (UTF-8 actually) to copy filtered resources, i.e. build is platform dependent!
2025-08-13 15:24:14,997 [Worker-49: Building] INFO  o.a.m.s.f.DefaultMavenResourcesFiltering - Copying 0 resource from src\test\resources to target\test-classes
2025-08-13 15:24:17,256 [Worker-55: Building] WARN  o.a.m.s.f.DefaultMavenResourcesFiltering - Using platform encoding (UTF-8 actually) to copy filtered resources, i.e. build is platform dependent!
2025-08-13 15:24:17,256 [Worker-55: Building] INFO  o.a.m.s.f.DefaultMavenResourcesFiltering - Copying 0 resource from src\main\resources to target\classes
2025-08-13 15:24:17,257 [Worker-55: Building] WARN  o.a.m.s.f.DefaultMavenResourcesFiltering - Using platform encoding (UTF-8 actually) to copy filtered resources, i.e. build is platform dependent!
2025-08-13 15:24:17,258 [Worker-55: Building] INFO  o.a.m.s.f.DefaultMavenResourcesFiltering - Copying 0 resource from src\test\resources to target\test-classes
2025-08-13 15:24:43,778 [Worker-53: Building] WARN  o.a.m.s.f.DefaultMavenResourcesFiltering - Using platform encoding (UTF-8 actually) to copy filtered resources, i.e. build is platform dependent!
2025-08-13 15:24:43,779 [Worker-53: Building] INFO  o.a.m.s.f.DefaultMavenResourcesFiltering - Copying 0 resource from src\main\resources to target\classes
2025-08-13 15:24:43,780 [Worker-53: Building] WARN  o.a.m.s.f.DefaultMavenResourcesFiltering - Using platform encoding (UTF-8 actually) to copy filtered resources, i.e. build is platform dependent!
2025-08-13 15:24:43,781 [Worker-53: Building] INFO  o.a.m.s.f.DefaultMavenResourcesFiltering - Copying 0 resource from src\test\resources to target\test-classes
2025-08-13 15:25:13,244 [Worker-45: Building] WARN  o.a.m.s.f.DefaultMavenResourcesFiltering - Using platform encoding (UTF-8 actually) to copy filtered resources, i.e. build is platform dependent!
2025-08-13 15:25:13,245 [Worker-45: Building] INFO  o.a.m.s.f.DefaultMavenResourcesFiltering - Copying 0 resource from src\main\resources to target\classes
2025-08-13 15:25:13,245 [Worker-45: Building] WARN  o.a.m.s.f.DefaultMavenResourcesFiltering - Using platform encoding (UTF-8 actually) to copy filtered resources, i.e. build is platform dependent!
2025-08-13 15:25:13,247 [Worker-45: Building] INFO  o.a.m.s.f.DefaultMavenResourcesFiltering - Copying 0 resource from src\test\resources to target\test-classes
2025-08-13 15:25:46,498 [Worker-55: Building] WARN  o.a.m.s.f.DefaultMavenResourcesFiltering - Using platform encoding (UTF-8 actually) to copy filtered resources, i.e. build is platform dependent!
2025-08-13 15:25:46,499 [Worker-55: Building] INFO  o.a.m.s.f.DefaultMavenResourcesFiltering - Copying 0 resource from src\main\resources to target\classes
2025-08-13 15:25:46,501 [Worker-55: Building] WARN  o.a.m.s.f.DefaultMavenResourcesFiltering - Using platform encoding (UTF-8 actually) to copy filtered resources, i.e. build is platform dependent!
2025-08-13 15:25:46,502 [Worker-55: Building] INFO  o.a.m.s.f.DefaultMavenResourcesFiltering - Copying 0 resource from src\test\resources to target\test-classes
2025-08-13 15:25:51,520 [Worker-56: Building] WARN  o.a.m.s.f.DefaultMavenResourcesFiltering - Using platform encoding (UTF-8 actually) to copy filtered resources, i.e. build is platform dependent!
2025-08-13 15:25:51,521 [Worker-56: Building] INFO  o.a.m.s.f.DefaultMavenResourcesFiltering - Copying 0 resource from src\main\resources to target\classes
2025-08-13 15:25:51,523 [Worker-56: Building] WARN  o.a.m.s.f.DefaultMavenResourcesFiltering - Using platform encoding (UTF-8 actually) to copy filtered resources, i.e. build is platform dependent!
2025-08-13 15:25:51,524 [Worker-56: Building] INFO  o.a.m.s.f.DefaultMavenResourcesFiltering - Copying 0 resource from src\test\resources to target\test-classes
2025-08-13 15:25:56,690 [Worker-49: Building] WARN  o.a.m.s.f.DefaultMavenResourcesFiltering - Using platform encoding (UTF-8 actually) to copy filtered resources, i.e. build is platform dependent!
2025-08-13 15:25:56,691 [Worker-49: Building] INFO  o.a.m.s.f.DefaultMavenResourcesFiltering - Copying 0 resource from src\main\resources to target\classes
2025-08-13 15:25:56,692 [Worker-49: Building] WARN  o.a.m.s.f.DefaultMavenResourcesFiltering - Using platform encoding (UTF-8 actually) to copy filtered resources, i.e. build is platform dependent!
2025-08-13 15:25:56,693 [Worker-49: Building] INFO  o.a.m.s.f.DefaultMavenResourcesFiltering - Copying 0 resource from src\test\resources to target\test-classes
2025-08-13 15:26:29,914 [Worker-56: Building] WARN  o.a.m.s.f.DefaultMavenResourcesFiltering - Using platform encoding (UTF-8 actually) to copy filtered resources, i.e. build is platform dependent!
2025-08-13 15:26:29,915 [Worker-56: Building] INFO  o.a.m.s.f.DefaultMavenResourcesFiltering - Copying 0 resource from src\main\resources to target\classes
2025-08-13 15:26:29,917 [Worker-56: Building] WARN  o.a.m.s.f.DefaultMavenResourcesFiltering - Using platform encoding (UTF-8 actually) to copy filtered resources, i.e. build is platform dependent!
2025-08-13 15:26:29,918 [Worker-56: Building] INFO  o.a.m.s.f.DefaultMavenResourcesFiltering - Copying 0 resource from src\test\resources to target\test-classes
2025-08-13 15:26:48,025 [Worker-49: Building] WARN  o.a.m.s.f.DefaultMavenResourcesFiltering - Using platform encoding (UTF-8 actually) to copy filtered resources, i.e. build is platform dependent!
2025-08-13 15:26:48,026 [Worker-49: Building] INFO  o.a.m.s.f.DefaultMavenResourcesFiltering - Copying 0 resource from src\main\resources to target\classes
2025-08-13 15:26:48,027 [Worker-49: Building] WARN  o.a.m.s.f.DefaultMavenResourcesFiltering - Using platform encoding (UTF-8 actually) to copy filtered resources, i.e. build is platform dependent!
2025-08-13 15:26:48,027 [Worker-49: Building] INFO  o.a.m.s.f.DefaultMavenResourcesFiltering - Copying 0 resource from src\test\resources to target\test-classes
2025-08-13 15:26:51,557 [Worker-56: Building] WARN  o.a.m.s.f.DefaultMavenResourcesFiltering - Using platform encoding (UTF-8 actually) to copy filtered resources, i.e. build is platform dependent!
2025-08-13 15:26:51,558 [Worker-56: Building] INFO  o.a.m.s.f.DefaultMavenResourcesFiltering - Copying 0 resource from src\main\resources to target\classes
2025-08-13 15:26:51,559 [Worker-56: Building] WARN  o.a.m.s.f.DefaultMavenResourcesFiltering - Using platform encoding (UTF-8 actually) to copy filtered resources, i.e. build is platform dependent!
2025-08-13 15:26:51,559 [Worker-56: Building] INFO  o.a.m.s.f.DefaultMavenResourcesFiltering - Copying 0 resource from src\test\resources to target\test-classes
2025-08-13 15:27:00,949 [Worker-53: Building] WARN  o.a.m.s.f.DefaultMavenResourcesFiltering - Using platform encoding (UTF-8 actually) to copy filtered resources, i.e. build is platform dependent!
2025-08-13 15:27:00,950 [Worker-53: Building] INFO  o.a.m.s.f.DefaultMavenResourcesFiltering - Copying 0 resource from src\main\resources to target\classes
2025-08-13 15:27:00,954 [Worker-53: Building] WARN  o.a.m.s.f.DefaultMavenResourcesFiltering - Using platform encoding (UTF-8 actually) to copy filtered resources, i.e. build is platform dependent!
2025-08-13 15:27:00,955 [Worker-53: Building] INFO  o.a.m.s.f.DefaultMavenResourcesFiltering - Copying 0 resource from src\test\resources to target\test-classes
2025-08-13 15:27:37,161 [Worker-49: Building] WARN  o.a.m.s.f.DefaultMavenResourcesFiltering - Using platform encoding (UTF-8 actually) to copy filtered resources, i.e. build is platform dependent!
2025-08-13 15:27:37,162 [Worker-49: Building] INFO  o.a.m.s.f.DefaultMavenResourcesFiltering - Copying 0 resource from src\main\resources to target\classes
2025-08-13 15:27:37,163 [Worker-49: Building] WARN  o.a.m.s.f.DefaultMavenResourcesFiltering - Using platform encoding (UTF-8 actually) to copy filtered resources, i.e. build is platform dependent!
2025-08-13 15:27:37,164 [Worker-49: Building] INFO  o.a.m.s.f.DefaultMavenResourcesFiltering - Copying 0 resource from src\test\resources to target\test-classes
2025-08-13 15:27:46,525 [Worker-55: Building] WARN  o.a.m.s.f.DefaultMavenResourcesFiltering - Using platform encoding (UTF-8 actually) to copy filtered resources, i.e. build is platform dependent!
2025-08-13 15:27:46,527 [Worker-55: Building] INFO  o.a.m.s.f.DefaultMavenResourcesFiltering - Copying 0 resource from src\main\resources to target\classes
2025-08-13 15:27:46,528 [Worker-55: Building] WARN  o.a.m.s.f.DefaultMavenResourcesFiltering - Using platform encoding (UTF-8 actually) to copy filtered resources, i.e. build is platform dependent!
2025-08-13 15:27:46,529 [Worker-55: Building] INFO  o.a.m.s.f.DefaultMavenResourcesFiltering - Copying 0 resource from src\test\resources to target\test-classes
2025-08-13 15:27:49,754 [Worker-53: Building] WARN  o.a.m.s.f.DefaultMavenResourcesFiltering - Using platform encoding (UTF-8 actually) to copy filtered resources, i.e. build is platform dependent!
2025-08-13 15:27:49,755 [Worker-53: Building] INFO  o.a.m.s.f.DefaultMavenResourcesFiltering - Copying 0 resource from src\main\resources to target\classes
2025-08-13 15:27:49,756 [Worker-53: Building] WARN  o.a.m.s.f.DefaultMavenResourcesFiltering - Using platform encoding (UTF-8 actually) to copy filtered resources, i.e. build is platform dependent!
2025-08-13 15:27:49,757 [Worker-53: Building] INFO  o.a.m.s.f.DefaultMavenResourcesFiltering - Copying 0 resource from src\test\resources to target\test-classes
2025-08-13 15:28:09,697 [Worker-56: Building] WARN  o.a.m.s.f.DefaultMavenResourcesFiltering - Using platform encoding (UTF-8 actually) to copy filtered resources, i.e. build is platform dependent!
2025-08-13 15:28:09,698 [Worker-56: Building] INFO  o.a.m.s.f.DefaultMavenResourcesFiltering - Copying 0 resource from src\main\resources to target\classes
2025-08-13 15:28:09,699 [Worker-56: Building] WARN  o.a.m.s.f.DefaultMavenResourcesFiltering - Using platform encoding (UTF-8 actually) to copy filtered resources, i.e. build is platform dependent!
2025-08-13 15:28:09,700 [Worker-56: Building] INFO  o.a.m.s.f.DefaultMavenResourcesFiltering - Copying 0 resource from src\test\resources to target\test-classes
2025-08-13 15:28:11,917 [Worker-53: Building] WARN  o.a.m.s.f.DefaultMavenResourcesFiltering - Using platform encoding (UTF-8 actually) to copy filtered resources, i.e. build is platform dependent!
2025-08-13 15:28:11,918 [Worker-53: Building] INFO  o.a.m.s.f.DefaultMavenResourcesFiltering - Copying 0 resource from src\main\resources to target\classes
2025-08-13 15:28:11,919 [Worker-53: Building] WARN  o.a.m.s.f.DefaultMavenResourcesFiltering - Using platform encoding (UTF-8 actually) to copy filtered resources, i.e. build is platform dependent!
2025-08-13 15:28:11,920 [Worker-53: Building] INFO  o.a.m.s.f.DefaultMavenResourcesFiltering - Copying 0 resource from src\test\resources to target\test-classes
2025-08-13 15:28:13,973 [Worker-53: Building] WARN  o.a.m.s.f.DefaultMavenResourcesFiltering - Using platform encoding (UTF-8 actually) to copy filtered resources, i.e. build is platform dependent!
2025-08-13 15:28:13,974 [Worker-53: Building] INFO  o.a.m.s.f.DefaultMavenResourcesFiltering - Copying 0 resource from src\main\resources to target\classes
2025-08-13 15:28:13,976 [Worker-53: Building] WARN  o.a.m.s.f.DefaultMavenResourcesFiltering - Using platform encoding (UTF-8 actually) to copy filtered resources, i.e. build is platform dependent!
2025-08-13 15:28:13,977 [Worker-53: Building] INFO  o.a.m.s.f.DefaultMavenResourcesFiltering - Copying 0 resource from src\test\resources to target\test-classes
2025-08-13 15:28:17,429 [Worker-45: Building] WARN  o.a.m.s.f.DefaultMavenResourcesFiltering - Using platform encoding (UTF-8 actually) to copy filtered resources, i.e. build is platform dependent!
2025-08-13 15:28:17,430 [Worker-45: Building] INFO  o.a.m.s.f.DefaultMavenResourcesFiltering - Copying 0 resource from src\main\resources to target\classes
2025-08-13 15:28:17,431 [Worker-45: Building] WARN  o.a.m.s.f.DefaultMavenResourcesFiltering - Using platform encoding (UTF-8 actually) to copy filtered resources, i.e. build is platform dependent!
2025-08-13 15:28:17,433 [Worker-45: Building] INFO  o.a.m.s.f.DefaultMavenResourcesFiltering - Copying 0 resource from src\test\resources to target\test-classes
2025-08-13 15:29:01,115 [Worker-55: Building] WARN  o.a.m.s.f.DefaultMavenResourcesFiltering - Using platform encoding (UTF-8 actually) to copy filtered resources, i.e. build is platform dependent!
2025-08-13 15:29:01,115 [Worker-55: Building] INFO  o.a.m.s.f.DefaultMavenResourcesFiltering - Copying 0 resource from src\main\resources to target\classes
2025-08-13 15:29:01,117 [Worker-55: Building] WARN  o.a.m.s.f.DefaultMavenResourcesFiltering - Using platform encoding (UTF-8 actually) to copy filtered resources, i.e. build is platform dependent!
2025-08-13 15:29:01,118 [Worker-55: Building] INFO  o.a.m.s.f.DefaultMavenResourcesFiltering - Copying 0 resource from src\test\resources to target\test-classes
2025-08-13 15:29:05,551 [Worker-53: Building] WARN  o.a.m.s.f.DefaultMavenResourcesFiltering - Using platform encoding (UTF-8 actually) to copy filtered resources, i.e. build is platform dependent!
2025-08-13 15:29:05,552 [Worker-53: Building] INFO  o.a.m.s.f.DefaultMavenResourcesFiltering - Copying 0 resource from src\main\resources to target\classes
2025-08-13 15:29:05,552 [Worker-53: Building] WARN  o.a.m.s.f.DefaultMavenResourcesFiltering - Using platform encoding (UTF-8 actually) to copy filtered resources, i.e. build is platform dependent!
2025-08-13 15:29:05,554 [Worker-53: Building] INFO  o.a.m.s.f.DefaultMavenResourcesFiltering - Copying 0 resource from src\test\resources to target\test-classes
2025-08-13 15:29:09,857 [Worker-56: Building] WARN  o.a.m.s.f.DefaultMavenResourcesFiltering - Using platform encoding (UTF-8 actually) to copy filtered resources, i.e. build is platform dependent!
2025-08-13 15:29:09,858 [Worker-56: Building] INFO  o.a.m.s.f.DefaultMavenResourcesFiltering - Copying 0 resource from src\main\resources to target\classes
2025-08-13 15:29:09,859 [Worker-56: Building] WARN  o.a.m.s.f.DefaultMavenResourcesFiltering - Using platform encoding (UTF-8 actually) to copy filtered resources, i.e. build is platform dependent!
2025-08-13 15:29:09,860 [Worker-56: Building] INFO  o.a.m.s.f.DefaultMavenResourcesFiltering - Copying 0 resource from src\test\resources to target\test-classes
2025-08-13 15:29:29,856 [Worker-53: Building] WARN  o.a.m.s.f.DefaultMavenResourcesFiltering - Using platform encoding (UTF-8 actually) to copy filtered resources, i.e. build is platform dependent!
2025-08-13 15:29:29,857 [Worker-53: Building] INFO  o.a.m.s.f.DefaultMavenResourcesFiltering - Copying 0 resource from src\main\resources to target\classes
2025-08-13 15:29:29,858 [Worker-53: Building] WARN  o.a.m.s.f.DefaultMavenResourcesFiltering - Using platform encoding (UTF-8 actually) to copy filtered resources, i.e. build is platform dependent!
2025-08-13 15:29:29,859 [Worker-53: Building] INFO  o.a.m.s.f.DefaultMavenResourcesFiltering - Copying 0 resource from src\test\resources to target\test-classes
2025-08-13 15:29:31,914 [Worker-45: Building] WARN  o.a.m.s.f.DefaultMavenResourcesFiltering - Using platform encoding (UTF-8 actually) to copy filtered resources, i.e. build is platform dependent!
2025-08-13 15:29:31,916 [Worker-45: Building] INFO  o.a.m.s.f.DefaultMavenResourcesFiltering - Copying 0 resource from src\main\resources to target\classes
2025-08-13 15:29:31,917 [Worker-45: Building] WARN  o.a.m.s.f.DefaultMavenResourcesFiltering - Using platform encoding (UTF-8 actually) to copy filtered resources, i.e. build is platform dependent!
2025-08-13 15:29:31,919 [Worker-45: Building] INFO  o.a.m.s.f.DefaultMavenResourcesFiltering - Copying 0 resource from src\test\resources to target\test-classes
2025-08-13 15:29:42,244 [Worker-56: Building] WARN  o.a.m.s.f.DefaultMavenResourcesFiltering - Using platform encoding (UTF-8 actually) to copy filtered resources, i.e. build is platform dependent!
2025-08-13 15:29:42,245 [Worker-56: Building] INFO  o.a.m.s.f.DefaultMavenResourcesFiltering - Copying 0 resource from src\main\resources to target\classes
2025-08-13 15:29:42,246 [Worker-56: Building] WARN  o.a.m.s.f.DefaultMavenResourcesFiltering - Using platform encoding (UTF-8 actually) to copy filtered resources, i.e. build is platform dependent!
2025-08-13 15:29:42,247 [Worker-56: Building] INFO  o.a.m.s.f.DefaultMavenResourcesFiltering - Copying 0 resource from src\test\resources to target\test-classes
2025-08-13 15:30:14,120 [Worker-53: Building] WARN  o.a.m.s.f.DefaultMavenResourcesFiltering - Using platform encoding (UTF-8 actually) to copy filtered resources, i.e. build is platform dependent!
2025-08-13 15:30:14,121 [Worker-53: Building] INFO  o.a.m.s.f.DefaultMavenResourcesFiltering - Copying 0 resource from src\main\resources to target\classes
2025-08-13 15:30:14,122 [Worker-53: Building] WARN  o.a.m.s.f.DefaultMavenResourcesFiltering - Using platform encoding (UTF-8 actually) to copy filtered resources, i.e. build is platform dependent!
2025-08-13 15:30:14,123 [Worker-53: Building] INFO  o.a.m.s.f.DefaultMavenResourcesFiltering - Copying 0 resource from src\test\resources to target\test-classes
2025-08-13 15:30:40,743 [Worker-55: Building] WARN  o.a.m.s.f.DefaultMavenResourcesFiltering - Using platform encoding (UTF-8 actually) to copy filtered resources, i.e. build is platform dependent!
2025-08-13 15:30:40,744 [Worker-55: Building] INFO  o.a.m.s.f.DefaultMavenResourcesFiltering - Copying 0 resource from src\main\resources to target\classes
2025-08-13 15:30:40,745 [Worker-55: Building] WARN  o.a.m.s.f.DefaultMavenResourcesFiltering - Using platform encoding (UTF-8 actually) to copy filtered resources, i.e. build is platform dependent!
2025-08-13 15:30:40,746 [Worker-55: Building] INFO  o.a.m.s.f.DefaultMavenResourcesFiltering - Copying 0 resource from src\test\resources to target\test-classes
2025-08-13 15:31:26,001 [Worker-55: Building] WARN  o.a.m.s.f.DefaultMavenResourcesFiltering - Using platform encoding (UTF-8 actually) to copy filtered resources, i.e. build is platform dependent!
2025-08-13 15:31:26,002 [Worker-55: Building] INFO  o.a.m.s.f.DefaultMavenResourcesFiltering - Copying 0 resource from src\main\resources to target\classes
2025-08-13 15:31:26,003 [Worker-55: Building] WARN  o.a.m.s.f.DefaultMavenResourcesFiltering - Using platform encoding (UTF-8 actually) to copy filtered resources, i.e. build is platform dependent!
2025-08-13 15:31:26,004 [Worker-55: Building] INFO  o.a.m.s.f.DefaultMavenResourcesFiltering - Copying 0 resource from src\test\resources to target\test-classes
2025-08-13 15:31:47,108 [Worker-56: Building] WARN  o.a.m.s.f.DefaultMavenResourcesFiltering - Using platform encoding (UTF-8 actually) to copy filtered resources, i.e. build is platform dependent!
2025-08-13 15:31:47,109 [Worker-56: Building] INFO  o.a.m.s.f.DefaultMavenResourcesFiltering - Copying 0 resource from src\main\resources to target\classes
2025-08-13 15:31:47,110 [Worker-56: Building] WARN  o.a.m.s.f.DefaultMavenResourcesFiltering - Using platform encoding (UTF-8 actually) to copy filtered resources, i.e. build is platform dependent!
2025-08-13 15:31:47,111 [Worker-56: Building] INFO  o.a.m.s.f.DefaultMavenResourcesFiltering - Copying 0 resource from src\test\resources to target\test-classes
2025-08-13 15:32:14,614 [Worker-55: Building] WARN  o.a.m.s.f.DefaultMavenResourcesFiltering - Using platform encoding (UTF-8 actually) to copy filtered resources, i.e. build is platform dependent!
2025-08-13 15:32:14,614 [Worker-55: Building] INFO  o.a.m.s.f.DefaultMavenResourcesFiltering - Copying 0 resource from src\main\resources to target\classes
2025-08-13 15:32:14,616 [Worker-55: Building] WARN  o.a.m.s.f.DefaultMavenResourcesFiltering - Using platform encoding (UTF-8 actually) to copy filtered resources, i.e. build is platform dependent!
2025-08-13 15:32:14,617 [Worker-55: Building] INFO  o.a.m.s.f.DefaultMavenResourcesFiltering - Copying 0 resource from src\test\resources to target\test-classes
2025-08-13 15:32:26,711 [Worker-55: Building] WARN  o.a.m.s.f.DefaultMavenResourcesFiltering - Using platform encoding (UTF-8 actually) to copy filtered resources, i.e. build is platform dependent!
2025-08-13 15:32:26,713 [Worker-55: Building] INFO  o.a.m.s.f.DefaultMavenResourcesFiltering - Copying 0 resource from src\main\resources to target\classes
2025-08-13 15:32:26,714 [Worker-55: Building] WARN  o.a.m.s.f.DefaultMavenResourcesFiltering - Using platform encoding (UTF-8 actually) to copy filtered resources, i.e. build is platform dependent!
2025-08-13 15:32:26,716 [Worker-55: Building] INFO  o.a.m.s.f.DefaultMavenResourcesFiltering - Copying 0 resource from src\test\resources to target\test-classes
2025-08-13 15:32:33,636 [Worker-49: Building] WARN  o.a.m.s.f.DefaultMavenResourcesFiltering - Using platform encoding (UTF-8 actually) to copy filtered resources, i.e. build is platform dependent!
2025-08-13 15:32:33,637 [Worker-49: Building] INFO  o.a.m.s.f.DefaultMavenResourcesFiltering - Copying 0 resource from src\main\resources to target\classes
2025-08-13 15:32:33,638 [Worker-49: Building] WARN  o.a.m.s.f.DefaultMavenResourcesFiltering - Using platform encoding (UTF-8 actually) to copy filtered resources, i.e. build is platform dependent!
2025-08-13 15:32:33,639 [Worker-49: Building] INFO  o.a.m.s.f.DefaultMavenResourcesFiltering - Copying 0 resource from src\test\resources to target\test-classes
2025-08-13 15:32:52,946 [Worker-55: Building] WARN  o.a.m.s.f.DefaultMavenResourcesFiltering - Using platform encoding (UTF-8 actually) to copy filtered resources, i.e. build is platform dependent!
2025-08-13 15:32:52,948 [Worker-55: Building] INFO  o.a.m.s.f.DefaultMavenResourcesFiltering - Copying 0 resource from src\main\resources to target\classes
2025-08-13 15:32:52,949 [Worker-55: Building] WARN  o.a.m.s.f.DefaultMavenResourcesFiltering - Using platform encoding (UTF-8 actually) to copy filtered resources, i.e. build is platform dependent!
2025-08-13 15:32:52,950 [Worker-55: Building] INFO  o.a.m.s.f.DefaultMavenResourcesFiltering - Copying 0 resource from src\test\resources to target\test-classes
2025-08-13 15:35:00,468 [Worker-49: Building] WARN  o.a.m.s.f.DefaultMavenResourcesFiltering - Using platform encoding (UTF-8 actually) to copy filtered resources, i.e. build is platform dependent!
2025-08-13 15:35:00,469 [Worker-49: Building] INFO  o.a.m.s.f.DefaultMavenResourcesFiltering - Copying 0 resource from src\main\resources to target\classes
2025-08-13 15:35:00,470 [Worker-49: Building] WARN  o.a.m.s.f.DefaultMavenResourcesFiltering - Using platform encoding (UTF-8 actually) to copy filtered resources, i.e. build is platform dependent!
2025-08-13 15:35:00,471 [Worker-49: Building] INFO  o.a.m.s.f.DefaultMavenResourcesFiltering - Copying 0 resource from src\test\resources to target\test-classes
2025-08-13 15:40:16,319 [Worker-41: Building] WARN  o.a.m.s.f.DefaultMavenResourcesFiltering - Using platform encoding (UTF-8 actually) to copy filtered resources, i.e. build is platform dependent!
2025-08-13 15:40:16,321 [Worker-41: Building] INFO  o.a.m.s.f.DefaultMavenResourcesFiltering - Copying 0 resource from src\main\resources to target\classes
2025-08-13 15:40:16,324 [Worker-41: Building] WARN  o.a.m.s.f.DefaultMavenResourcesFiltering - Using platform encoding (UTF-8 actually) to copy filtered resources, i.e. build is platform dependent!
2025-08-13 15:40:16,325 [Worker-41: Building] INFO  o.a.m.s.f.DefaultMavenResourcesFiltering - Copying 0 resource from src\test\resources to target\test-classes
2025-08-13 15:40:59,139 [Worker-56: Building] WARN  o.a.m.s.f.DefaultMavenResourcesFiltering - Using platform encoding (UTF-8 actually) to copy filtered resources, i.e. build is platform dependent!
2025-08-13 15:40:59,140 [Worker-56: Building] INFO  o.a.m.s.f.DefaultMavenResourcesFiltering - Copying 0 resource from src\main\resources to target\classes
2025-08-13 15:40:59,141 [Worker-56: Building] WARN  o.a.m.s.f.DefaultMavenResourcesFiltering - Using platform encoding (UTF-8 actually) to copy filtered resources, i.e. build is platform dependent!
2025-08-13 15:40:59,141 [Worker-56: Building] INFO  o.a.m.s.f.DefaultMavenResourcesFiltering - Copying 0 resource from src\test\resources to target\test-classes
2025-08-13 15:41:20,099 [Worker-45: Building] WARN  o.a.m.s.f.DefaultMavenResourcesFiltering - Using platform encoding (UTF-8 actually) to copy filtered resources, i.e. build is platform dependent!
2025-08-13 15:41:20,100 [Worker-45: Building] INFO  o.a.m.s.f.DefaultMavenResourcesFiltering - Copying 0 resource from src\main\resources to target\classes
2025-08-13 15:41:20,102 [Worker-45: Building] WARN  o.a.m.s.f.DefaultMavenResourcesFiltering - Using platform encoding (UTF-8 actually) to copy filtered resources, i.e. build is platform dependent!
2025-08-13 15:41:20,103 [Worker-45: Building] INFO  o.a.m.s.f.DefaultMavenResourcesFiltering - Copying 0 resource from src\test\resources to target\test-classes
2025-08-13 15:41:40,651 [Worker-53: Building] WARN  o.a.m.s.f.DefaultMavenResourcesFiltering - Using platform encoding (UTF-8 actually) to copy filtered resources, i.e. build is platform dependent!
2025-08-13 15:41:40,652 [Worker-53: Building] INFO  o.a.m.s.f.DefaultMavenResourcesFiltering - Copying 0 resource from src\main\resources to target\classes
2025-08-13 15:41:40,653 [Worker-53: Building] WARN  o.a.m.s.f.DefaultMavenResourcesFiltering - Using platform encoding (UTF-8 actually) to copy filtered resources, i.e. build is platform dependent!
2025-08-13 15:41:40,654 [Worker-53: Building] INFO  o.a.m.s.f.DefaultMavenResourcesFiltering - Copying 0 resource from src\test\resources to target\test-classes
2025-08-13 15:41:55,227 [Worker-55: Building] WARN  o.a.m.s.f.DefaultMavenResourcesFiltering - Using platform encoding (UTF-8 actually) to copy filtered resources, i.e. build is platform dependent!
2025-08-13 15:41:55,228 [Worker-55: Building] INFO  o.a.m.s.f.DefaultMavenResourcesFiltering - Copying 0 resource from src\main\resources to target\classes
2025-08-13 15:41:55,229 [Worker-55: Building] WARN  o.a.m.s.f.DefaultMavenResourcesFiltering - Using platform encoding (UTF-8 actually) to copy filtered resources, i.e. build is platform dependent!
2025-08-13 15:41:55,230 [Worker-55: Building] INFO  o.a.m.s.f.DefaultMavenResourcesFiltering - Copying 0 resource from src\test\resources to target\test-classes
2025-08-13 15:41:57,687 [Worker-45: Building] WARN  o.a.m.s.f.DefaultMavenResourcesFiltering - Using platform encoding (UTF-8 actually) to copy filtered resources, i.e. build is platform dependent!
2025-08-13 15:41:57,688 [Worker-45: Building] INFO  o.a.m.s.f.DefaultMavenResourcesFiltering - Copying 0 resource from src\main\resources to target\classes
2025-08-13 15:41:57,689 [Worker-45: Building] WARN  o.a.m.s.f.DefaultMavenResourcesFiltering - Using platform encoding (UTF-8 actually) to copy filtered resources, i.e. build is platform dependent!
2025-08-13 15:41:57,690 [Worker-45: Building] INFO  o.a.m.s.f.DefaultMavenResourcesFiltering - Copying 0 resource from src\test\resources to target\test-classes
2025-08-13 15:42:34,393 [Worker-45: Building] WARN  o.a.m.s.f.DefaultMavenResourcesFiltering - Using platform encoding (UTF-8 actually) to copy filtered resources, i.e. build is platform dependent!
2025-08-13 15:42:34,395 [Worker-45: Building] INFO  o.a.m.s.f.DefaultMavenResourcesFiltering - Copying 0 resource from src\main\resources to target\classes
2025-08-13 15:42:34,396 [Worker-45: Building] WARN  o.a.m.s.f.DefaultMavenResourcesFiltering - Using platform encoding (UTF-8 actually) to copy filtered resources, i.e. build is platform dependent!
2025-08-13 15:42:34,397 [Worker-45: Building] INFO  o.a.m.s.f.DefaultMavenResourcesFiltering - Copying 0 resource from src\test\resources to target\test-classes
2025-08-13 15:42:40,711 [Worker-55: Building] WARN  o.a.m.s.f.DefaultMavenResourcesFiltering - Using platform encoding (UTF-8 actually) to copy filtered resources, i.e. build is platform dependent!
2025-08-13 15:42:40,711 [Worker-55: Building] INFO  o.a.m.s.f.DefaultMavenResourcesFiltering - Copying 0 resource from src\main\resources to target\classes
2025-08-13 15:42:40,713 [Worker-55: Building] WARN  o.a.m.s.f.DefaultMavenResourcesFiltering - Using platform encoding (UTF-8 actually) to copy filtered resources, i.e. build is platform dependent!
2025-08-13 15:42:40,714 [Worker-55: Building] INFO  o.a.m.s.f.DefaultMavenResourcesFiltering - Copying 0 resource from src\test\resources to target\test-classes
2025-08-13 15:43:44,649 [Worker-41: Building] WARN  o.a.m.s.f.DefaultMavenResourcesFiltering - Using platform encoding (UTF-8 actually) to copy filtered resources, i.e. build is platform dependent!
2025-08-13 15:43:44,651 [Worker-41: Building] INFO  o.a.m.s.f.DefaultMavenResourcesFiltering - Copying 0 resource from src\main\resources to target\classes
2025-08-13 15:43:44,653 [Worker-41: Building] WARN  o.a.m.s.f.DefaultMavenResourcesFiltering - Using platform encoding (UTF-8 actually) to copy filtered resources, i.e. build is platform dependent!
2025-08-13 15:43:44,654 [Worker-41: Building] INFO  o.a.m.s.f.DefaultMavenResourcesFiltering - Copying 0 resource from src\test\resources to target\test-classes
2025-08-13 15:43:53,042 [Worker-60: Building] WARN  o.a.m.s.f.DefaultMavenResourcesFiltering - Using platform encoding (UTF-8 actually) to copy filtered resources, i.e. build is platform dependent!
2025-08-13 15:43:53,043 [Worker-60: Building] INFO  o.a.m.s.f.DefaultMavenResourcesFiltering - Copying 0 resource from src\main\resources to target\classes
2025-08-13 15:43:53,044 [Worker-60: Building] WARN  o.a.m.s.f.DefaultMavenResourcesFiltering - Using platform encoding (UTF-8 actually) to copy filtered resources, i.e. build is platform dependent!
2025-08-13 15:43:53,045 [Worker-60: Building] INFO  o.a.m.s.f.DefaultMavenResourcesFiltering - Copying 0 resource from src\test\resources to target\test-classes
2025-08-13 15:43:56,108 [Worker-53: Building] WARN  o.a.m.s.f.DefaultMavenResourcesFiltering - Using platform encoding (UTF-8 actually) to copy filtered resources, i.e. build is platform dependent!
2025-08-13 15:43:56,109 [Worker-53: Building] INFO  o.a.m.s.f.DefaultMavenResourcesFiltering - Copying 0 resource from src\main\resources to target\classes
2025-08-13 15:43:56,110 [Worker-53: Building] WARN  o.a.m.s.f.DefaultMavenResourcesFiltering - Using platform encoding (UTF-8 actually) to copy filtered resources, i.e. build is platform dependent!
2025-08-13 15:43:56,111 [Worker-53: Building] INFO  o.a.m.s.f.DefaultMavenResourcesFiltering - Copying 0 resource from src\test\resources to target\test-classes
2025-08-13 15:43:59,437 [Worker-49: Building] WARN  o.a.m.s.f.DefaultMavenResourcesFiltering - Using platform encoding (UTF-8 actually) to copy filtered resources, i.e. build is platform dependent!
2025-08-13 15:43:59,438 [Worker-49: Building] INFO  o.a.m.s.f.DefaultMavenResourcesFiltering - Copying 0 resource from src\main\resources to target\classes
2025-08-13 15:43:59,439 [Worker-49: Building] WARN  o.a.m.s.f.DefaultMavenResourcesFiltering - Using platform encoding (UTF-8 actually) to copy filtered resources, i.e. build is platform dependent!
2025-08-13 15:43:59,440 [Worker-49: Building] INFO  o.a.m.s.f.DefaultMavenResourcesFiltering - Copying 0 resource from src\test\resources to target\test-classes
2025-08-13 15:47:11,075 [Worker-55: Building] WARN  o.a.m.s.f.DefaultMavenResourcesFiltering - Using platform encoding (UTF-8 actually) to copy filtered resources, i.e. build is platform dependent!
2025-08-13 15:47:11,076 [Worker-55: Building] INFO  o.a.m.s.f.DefaultMavenResourcesFiltering - Copying 0 resource from src\main\resources to target\classes
2025-08-13 15:47:11,077 [Worker-55: Building] WARN  o.a.m.s.f.DefaultMavenResourcesFiltering - Using platform encoding (UTF-8 actually) to copy filtered resources, i.e. build is platform dependent!
2025-08-13 15:47:11,078 [Worker-55: Building] INFO  o.a.m.s.f.DefaultMavenResourcesFiltering - Copying 0 resource from src\test\resources to target\test-classes
2025-08-13 15:47:39,715 [Worker-61: Building] WARN  o.a.m.s.f.DefaultMavenResourcesFiltering - Using platform encoding (UTF-8 actually) to copy filtered resources, i.e. build is platform dependent!
2025-08-13 15:47:39,716 [Worker-61: Building] INFO  o.a.m.s.f.DefaultMavenResourcesFiltering - Copying 0 resource from src\main\resources to target\classes
2025-08-13 15:47:39,717 [Worker-61: Building] WARN  o.a.m.s.f.DefaultMavenResourcesFiltering - Using platform encoding (UTF-8 actually) to copy filtered resources, i.e. build is platform dependent!
2025-08-13 15:47:39,717 [Worker-61: Building] INFO  o.a.m.s.f.DefaultMavenResourcesFiltering - Copying 0 resource from src\test\resources to target\test-classes
2025-08-13 15:48:32,230 [Worker-61: Building] WARN  o.a.m.s.f.DefaultMavenResourcesFiltering - Using platform encoding (UTF-8 actually) to copy filtered resources, i.e. build is platform dependent!
2025-08-13 15:48:32,231 [Worker-61: Building] INFO  o.a.m.s.f.DefaultMavenResourcesFiltering - Copying 0 resource from src\main\resources to target\classes
2025-08-13 15:48:32,232 [Worker-61: Building] WARN  o.a.m.s.f.DefaultMavenResourcesFiltering - Using platform encoding (UTF-8 actually) to copy filtered resources, i.e. build is platform dependent!
2025-08-13 15:48:32,233 [Worker-61: Building] INFO  o.a.m.s.f.DefaultMavenResourcesFiltering - Copying 0 resource from src\test\resources to target\test-classes
2025-08-13 15:50:12,987 [Worker-41: Building] WARN  o.a.m.s.f.DefaultMavenResourcesFiltering - Using platform encoding (UTF-8 actually) to copy filtered resources, i.e. build is platform dependent!
2025-08-13 15:50:12,988 [Worker-41: Building] INFO  o.a.m.s.f.DefaultMavenResourcesFiltering - Copying 0 resource from src\main\resources to target\classes
2025-08-13 15:50:12,989 [Worker-41: Building] WARN  o.a.m.s.f.DefaultMavenResourcesFiltering - Using platform encoding (UTF-8 actually) to copy filtered resources, i.e. build is platform dependent!
2025-08-13 15:50:12,991 [Worker-41: Building] INFO  o.a.m.s.f.DefaultMavenResourcesFiltering - Copying 0 resource from src\test\resources to target\test-classes
2025-08-13 15:51:02,976 [Worker-56: Building] WARN  o.a.m.s.f.DefaultMavenResourcesFiltering - Using platform encoding (UTF-8 actually) to copy filtered resources, i.e. build is platform dependent!
2025-08-13 15:51:02,977 [Worker-56: Building] INFO  o.a.m.s.f.DefaultMavenResourcesFiltering - Copying 0 resource from src\main\resources to target\classes
2025-08-13 15:51:02,977 [Worker-56: Building] WARN  o.a.m.s.f.DefaultMavenResourcesFiltering - Using platform encoding (UTF-8 actually) to copy filtered resources, i.e. build is platform dependent!
2025-08-13 15:51:02,978 [Worker-56: Building] INFO  o.a.m.s.f.DefaultMavenResourcesFiltering - Copying 0 resource from src\test\resources to target\test-classes
2025-08-13 15:51:41,977 [Worker-49: Building] WARN  o.a.m.s.f.DefaultMavenResourcesFiltering - Using platform encoding (UTF-8 actually) to copy filtered resources, i.e. build is platform dependent!
2025-08-13 15:51:41,978 [Worker-49: Building] INFO  o.a.m.s.f.DefaultMavenResourcesFiltering - Copying 0 resource from src\main\resources to target\classes
2025-08-13 15:51:41,979 [Worker-49: Building] WARN  o.a.m.s.f.DefaultMavenResourcesFiltering - Using platform encoding (UTF-8 actually) to copy filtered resources, i.e. build is platform dependent!
2025-08-13 15:51:41,979 [Worker-49: Building] INFO  o.a.m.s.f.DefaultMavenResourcesFiltering - Copying 0 resource from src\test\resources to target\test-classes
2025-08-13 15:51:58,657 [Worker-61: Building] WARN  o.a.m.s.f.DefaultMavenResourcesFiltering - Using platform encoding (UTF-8 actually) to copy filtered resources, i.e. build is platform dependent!
2025-08-13 15:51:58,657 [Worker-61: Building] INFO  o.a.m.s.f.DefaultMavenResourcesFiltering - Copying 0 resource from src\main\resources to target\classes
2025-08-13 15:51:58,658 [Worker-61: Building] WARN  o.a.m.s.f.DefaultMavenResourcesFiltering - Using platform encoding (UTF-8 actually) to copy filtered resources, i.e. build is platform dependent!
2025-08-13 15:51:58,659 [Worker-61: Building] INFO  o.a.m.s.f.DefaultMavenResourcesFiltering - Copying 0 resource from src\test\resources to target\test-classes
2025-08-13 15:52:06,427 [Worker-45: Building] WARN  o.a.m.s.f.DefaultMavenResourcesFiltering - Using platform encoding (UTF-8 actually) to copy filtered resources, i.e. build is platform dependent!
2025-08-13 15:52:06,428 [Worker-45: Building] INFO  o.a.m.s.f.DefaultMavenResourcesFiltering - Copying 0 resource from src\main\resources to target\classes
2025-08-13 15:52:06,429 [Worker-45: Building] WARN  o.a.m.s.f.DefaultMavenResourcesFiltering - Using platform encoding (UTF-8 actually) to copy filtered resources, i.e. build is platform dependent!
2025-08-13 15:52:06,430 [Worker-45: Building] INFO  o.a.m.s.f.DefaultMavenResourcesFiltering - Copying 0 resource from src\test\resources to target\test-classes
2025-08-13 15:52:14,871 [Worker-61: Building] WARN  o.a.m.s.f.DefaultMavenResourcesFiltering - Using platform encoding (UTF-8 actually) to copy filtered resources, i.e. build is platform dependent!
2025-08-13 15:52:14,872 [Worker-61: Building] INFO  o.a.m.s.f.DefaultMavenResourcesFiltering - Copying 0 resource from src\main\resources to target\classes
2025-08-13 15:52:14,873 [Worker-61: Building] WARN  o.a.m.s.f.DefaultMavenResourcesFiltering - Using platform encoding (UTF-8 actually) to copy filtered resources, i.e. build is platform dependent!
2025-08-13 15:52:14,874 [Worker-61: Building] INFO  o.a.m.s.f.DefaultMavenResourcesFiltering - Copying 0 resource from src\test\resources to target\test-classes
2025-08-13 15:54:24,500 [Worker-49: Building] WARN  o.a.m.s.f.DefaultMavenResourcesFiltering - Using platform encoding (UTF-8 actually) to copy filtered resources, i.e. build is platform dependent!
2025-08-13 15:54:24,502 [Worker-49: Building] INFO  o.a.m.s.f.DefaultMavenResourcesFiltering - Copying 0 resource from src\main\resources to target\classes
2025-08-13 15:54:24,503 [Worker-49: Building] WARN  o.a.m.s.f.DefaultMavenResourcesFiltering - Using platform encoding (UTF-8 actually) to copy filtered resources, i.e. build is platform dependent!
2025-08-13 15:54:24,504 [Worker-49: Building] INFO  o.a.m.s.f.DefaultMavenResourcesFiltering - Copying 0 resource from src\test\resources to target\test-classes
2025-08-13 15:54:43,191 [Worker-45: Building] WARN  o.a.m.s.f.DefaultMavenResourcesFiltering - Using platform encoding (UTF-8 actually) to copy filtered resources, i.e. build is platform dependent!
2025-08-13 15:54:43,193 [Worker-45: Building] INFO  o.a.m.s.f.DefaultMavenResourcesFiltering - Copying 0 resource from src\main\resources to target\classes
2025-08-13 15:54:43,194 [Worker-45: Building] WARN  o.a.m.s.f.DefaultMavenResourcesFiltering - Using platform encoding (UTF-8 actually) to copy filtered resources, i.e. build is platform dependent!
2025-08-13 15:54:43,195 [Worker-45: Building] INFO  o.a.m.s.f.DefaultMavenResourcesFiltering - Copying 0 resource from src\test\resources to target\test-classes
2025-08-13 16:07:38,058 [Worker-56: Building] WARN  o.a.m.s.f.DefaultMavenResourcesFiltering - Using platform encoding (UTF-8 actually) to copy filtered resources, i.e. build is platform dependent!
2025-08-13 16:07:38,059 [Worker-56: Building] INFO  o.a.m.s.f.DefaultMavenResourcesFiltering - Copying 0 resource from src\main\resources to target\classes
2025-08-13 16:07:38,060 [Worker-56: Building] WARN  o.a.m.s.f.DefaultMavenResourcesFiltering - Using platform encoding (UTF-8 actually) to copy filtered resources, i.e. build is platform dependent!
2025-08-13 16:07:38,061 [Worker-56: Building] INFO  o.a.m.s.f.DefaultMavenResourcesFiltering - Copying 0 resource from src\test\resources to target\test-classes
2025-08-13 16:07:40,167 [Worker-53: Building] WARN  o.a.m.s.f.DefaultMavenResourcesFiltering - Using platform encoding (UTF-8 actually) to copy filtered resources, i.e. build is platform dependent!
2025-08-13 16:07:40,167 [Worker-53: Building] INFO  o.a.m.s.f.DefaultMavenResourcesFiltering - Copying 0 resource from src\main\resources to target\classes
2025-08-13 16:07:40,168 [Worker-53: Building] WARN  o.a.m.s.f.DefaultMavenResourcesFiltering - Using platform encoding (UTF-8 actually) to copy filtered resources, i.e. build is platform dependent!
2025-08-13 16:07:40,169 [Worker-53: Building] INFO  o.a.m.s.f.DefaultMavenResourcesFiltering - Copying 0 resource from src\test\resources to target\test-classes
2025-08-13 16:07:51,807 [Worker-41: Building] WARN  o.a.m.s.f.DefaultMavenResourcesFiltering - Using platform encoding (UTF-8 actually) to copy filtered resources, i.e. build is platform dependent!
2025-08-13 16:07:51,808 [Worker-41: Building] INFO  o.a.m.s.f.DefaultMavenResourcesFiltering - Copying 0 resource from src\main\resources to target\classes
2025-08-13 16:07:51,809 [Worker-41: Building] WARN  o.a.m.s.f.DefaultMavenResourcesFiltering - Using platform encoding (UTF-8 actually) to copy filtered resources, i.e. build is platform dependent!
2025-08-13 16:07:51,810 [Worker-41: Building] INFO  o.a.m.s.f.DefaultMavenResourcesFiltering - Copying 0 resource from src\test\resources to target\test-classes
2025-08-13 16:08:03,743 [Worker-49: Building] WARN  o.a.m.s.f.DefaultMavenResourcesFiltering - Using platform encoding (UTF-8 actually) to copy filtered resources, i.e. build is platform dependent!
2025-08-13 16:08:03,744 [Worker-49: Building] INFO  o.a.m.s.f.DefaultMavenResourcesFiltering - Copying 0 resource from src\main\resources to target\classes
2025-08-13 16:08:03,744 [Worker-49: Building] WARN  o.a.m.s.f.DefaultMavenResourcesFiltering - Using platform encoding (UTF-8 actually) to copy filtered resources, i.e. build is platform dependent!
2025-08-13 16:08:03,746 [Worker-49: Building] INFO  o.a.m.s.f.DefaultMavenResourcesFiltering - Copying 0 resource from src\test\resources to target\test-classes
2025-08-13 16:10:51,800 [Worker-56: Building] WARN  o.a.m.s.f.DefaultMavenResourcesFiltering - Using platform encoding (UTF-8 actually) to copy filtered resources, i.e. build is platform dependent!
2025-08-13 16:10:51,801 [Worker-56: Building] INFO  o.a.m.s.f.DefaultMavenResourcesFiltering - Copying 0 resource from src\main\resources to target\classes
2025-08-13 16:10:51,802 [Worker-56: Building] WARN  o.a.m.s.f.DefaultMavenResourcesFiltering - Using platform encoding (UTF-8 actually) to copy filtered resources, i.e. build is platform dependent!
2025-08-13 16:10:51,803 [Worker-56: Building] INFO  o.a.m.s.f.DefaultMavenResourcesFiltering - Copying 0 resource from src\test\resources to target\test-classes
2025-08-13 16:10:54,015 [Worker-41: Building] WARN  o.a.m.s.f.DefaultMavenResourcesFiltering - Using platform encoding (UTF-8 actually) to copy filtered resources, i.e. build is platform dependent!
2025-08-13 16:10:54,016 [Worker-41: Building] INFO  o.a.m.s.f.DefaultMavenResourcesFiltering - Copying 0 resource from src\main\resources to target\classes
2025-08-13 16:10:54,018 [Worker-41: Building] WARN  o.a.m.s.f.DefaultMavenResourcesFiltering - Using platform encoding (UTF-8 actually) to copy filtered resources, i.e. build is platform dependent!
2025-08-13 16:10:54,019 [Worker-41: Building] INFO  o.a.m.s.f.DefaultMavenResourcesFiltering - Copying 0 resource from src\test\resources to target\test-classes
2025-08-13 16:10:56,619 [Worker-45: Building] WARN  o.a.m.s.f.DefaultMavenResourcesFiltering - Using platform encoding (UTF-8 actually) to copy filtered resources, i.e. build is platform dependent!
2025-08-13 16:10:56,620 [Worker-45: Building] INFO  o.a.m.s.f.DefaultMavenResourcesFiltering - Copying 0 resource from src\main\resources to target\classes
2025-08-13 16:10:56,621 [Worker-45: Building] WARN  o.a.m.s.f.DefaultMavenResourcesFiltering - Using platform encoding (UTF-8 actually) to copy filtered resources, i.e. build is platform dependent!
2025-08-13 16:10:56,622 [Worker-45: Building] INFO  o.a.m.s.f.DefaultMavenResourcesFiltering - Copying 0 resource from src\test\resources to target\test-classes
2025-08-13 16:11:02,690 [Worker-41: Building] WARN  o.a.m.s.f.DefaultMavenResourcesFiltering - Using platform encoding (UTF-8 actually) to copy filtered resources, i.e. build is platform dependent!
2025-08-13 16:11:02,691 [Worker-41: Building] INFO  o.a.m.s.f.DefaultMavenResourcesFiltering - Copying 0 resource from src\main\resources to target\classes
2025-08-13 16:11:02,692 [Worker-41: Building] WARN  o.a.m.s.f.DefaultMavenResourcesFiltering - Using platform encoding (UTF-8 actually) to copy filtered resources, i.e. build is platform dependent!
2025-08-13 16:11:02,693 [Worker-41: Building] INFO  o.a.m.s.f.DefaultMavenResourcesFiltering - Copying 0 resource from src\test\resources to target\test-classes
2025-08-13 16:11:11,647 [Worker-58: Building] WARN  o.a.m.s.f.DefaultMavenResourcesFiltering - Using platform encoding (UTF-8 actually) to copy filtered resources, i.e. build is platform dependent!
2025-08-13 16:11:11,648 [Worker-58: Building] INFO  o.a.m.s.f.DefaultMavenResourcesFiltering - Copying 0 resource from src\main\resources to target\classes
2025-08-13 16:11:11,650 [Worker-58: Building] WARN  o.a.m.s.f.DefaultMavenResourcesFiltering - Using platform encoding (UTF-8 actually) to copy filtered resources, i.e. build is platform dependent!
2025-08-13 16:11:11,650 [Worker-58: Building] INFO  o.a.m.s.f.DefaultMavenResourcesFiltering - Copying 0 resource from src\test\resources to target\test-classes
2025-08-13 16:12:23,191 [Worker-49: Building] WARN  o.a.m.s.f.DefaultMavenResourcesFiltering - Using platform encoding (UTF-8 actually) to copy filtered resources, i.e. build is platform dependent!
2025-08-13 16:12:23,192 [Worker-49: Building] INFO  o.a.m.s.f.DefaultMavenResourcesFiltering - Copying 0 resource from src\main\resources to target\classes
2025-08-13 16:12:23,194 [Worker-49: Building] WARN  o.a.m.s.f.DefaultMavenResourcesFiltering - Using platform encoding (UTF-8 actually) to copy filtered resources, i.e. build is platform dependent!
2025-08-13 16:12:23,195 [Worker-49: Building] INFO  o.a.m.s.f.DefaultMavenResourcesFiltering - Copying 0 resource from src\test\resources to target\test-classes
2025-08-13 16:12:24,318 [Worker-53: Building] WARN  o.a.m.s.f.DefaultMavenResourcesFiltering - Using platform encoding (UTF-8 actually) to copy filtered resources, i.e. build is platform dependent!
2025-08-13 16:12:24,319 [Worker-53: Building] INFO  o.a.m.s.f.DefaultMavenResourcesFiltering - Copying 0 resource from src\main\resources to target\classes
2025-08-13 16:12:24,321 [Worker-53: Building] WARN  o.a.m.s.f.DefaultMavenResourcesFiltering - Using platform encoding (UTF-8 actually) to copy filtered resources, i.e. build is platform dependent!
2025-08-13 16:12:24,321 [Worker-53: Building] INFO  o.a.m.s.f.DefaultMavenResourcesFiltering - Copying 0 resource from src\test\resources to target\test-classes
2025-08-13 16:12:27,542 [Worker-61: Building] WARN  o.a.m.s.f.DefaultMavenResourcesFiltering - Using platform encoding (UTF-8 actually) to copy filtered resources, i.e. build is platform dependent!
2025-08-13 16:12:27,543 [Worker-61: Building] INFO  o.a.m.s.f.DefaultMavenResourcesFiltering - Copying 0 resource from src\main\resources to target\classes
2025-08-13 16:12:27,544 [Worker-61: Building] WARN  o.a.m.s.f.DefaultMavenResourcesFiltering - Using platform encoding (UTF-8 actually) to copy filtered resources, i.e. build is platform dependent!
2025-08-13 16:12:27,545 [Worker-61: Building] INFO  o.a.m.s.f.DefaultMavenResourcesFiltering - Copying 0 resource from src\test\resources to target\test-classes
2025-08-13 16:12:30,763 [Worker-53: Building] WARN  o.a.m.s.f.DefaultMavenResourcesFiltering - Using platform encoding (UTF-8 actually) to copy filtered resources, i.e. build is platform dependent!
2025-08-13 16:12:30,765 [Worker-53: Building] INFO  o.a.m.s.f.DefaultMavenResourcesFiltering - Copying 0 resource from src\main\resources to target\classes
2025-08-13 16:12:30,766 [Worker-53: Building] WARN  o.a.m.s.f.DefaultMavenResourcesFiltering - Using platform encoding (UTF-8 actually) to copy filtered resources, i.e. build is platform dependent!
2025-08-13 16:12:30,767 [Worker-53: Building] INFO  o.a.m.s.f.DefaultMavenResourcesFiltering - Copying 0 resource from src\test\resources to target\test-classes
2025-08-13 16:15:19,040 [Worker-61: Building] WARN  o.a.m.s.f.DefaultMavenResourcesFiltering - Using platform encoding (UTF-8 actually) to copy filtered resources, i.e. build is platform dependent!
2025-08-13 16:15:19,041 [Worker-61: Building] INFO  o.a.m.s.f.DefaultMavenResourcesFiltering - Copying 0 resource from src\main\resources to target\classes
2025-08-13 16:15:19,042 [Worker-61: Building] WARN  o.a.m.s.f.DefaultMavenResourcesFiltering - Using platform encoding (UTF-8 actually) to copy filtered resources, i.e. build is platform dependent!
2025-08-13 16:15:19,044 [Worker-61: Building] INFO  o.a.m.s.f.DefaultMavenResourcesFiltering - Copying 0 resource from src\test\resources to target\test-classes
2025-08-13 16:15:21,094 [Worker-41: Building] WARN  o.a.m.s.f.DefaultMavenResourcesFiltering - Using platform encoding (UTF-8 actually) to copy filtered resources, i.e. build is platform dependent!
2025-08-13 16:15:21,095 [Worker-41: Building] INFO  o.a.m.s.f.DefaultMavenResourcesFiltering - Copying 0 resource from src\main\resources to target\classes
2025-08-13 16:15:21,097 [Worker-41: Building] WARN  o.a.m.s.f.DefaultMavenResourcesFiltering - Using platform encoding (UTF-8 actually) to copy filtered resources, i.e. build is platform dependent!
2025-08-13 16:15:21,097 [Worker-41: Building] INFO  o.a.m.s.f.DefaultMavenResourcesFiltering - Copying 0 resource from src\test\resources to target\test-classes
2025-08-13 16:15:55,814 [Worker-53: Building] WARN  o.a.m.s.f.DefaultMavenResourcesFiltering - Using platform encoding (UTF-8 actually) to copy filtered resources, i.e. build is platform dependent!
2025-08-13 16:15:55,814 [Worker-53: Building] INFO  o.a.m.s.f.DefaultMavenResourcesFiltering - Copying 0 resource from src\main\resources to target\classes
2025-08-13 16:15:55,816 [Worker-53: Building] WARN  o.a.m.s.f.DefaultMavenResourcesFiltering - Using platform encoding (UTF-8 actually) to copy filtered resources, i.e. build is platform dependent!
2025-08-13 16:15:55,817 [Worker-53: Building] INFO  o.a.m.s.f.DefaultMavenResourcesFiltering - Copying 0 resource from src\test\resources to target\test-classes
2025-08-13 16:16:14,482 [Worker-45: Building] WARN  o.a.m.s.f.DefaultMavenResourcesFiltering - Using platform encoding (UTF-8 actually) to copy filtered resources, i.e. build is platform dependent!
2025-08-13 16:16:14,482 [Worker-45: Building] INFO  o.a.m.s.f.DefaultMavenResourcesFiltering - Copying 0 resource from src\main\resources to target\classes
2025-08-13 16:16:14,484 [Worker-45: Building] WARN  o.a.m.s.f.DefaultMavenResourcesFiltering - Using platform encoding (UTF-8 actually) to copy filtered resources, i.e. build is platform dependent!
2025-08-13 16:16:14,485 [Worker-45: Building] INFO  o.a.m.s.f.DefaultMavenResourcesFiltering - Copying 0 resource from src\test\resources to target\test-classes
2025-08-13 16:16:34,602 [Worker-58: Building] WARN  o.a.m.s.f.DefaultMavenResourcesFiltering - Using platform encoding (UTF-8 actually) to copy filtered resources, i.e. build is platform dependent!
2025-08-13 16:16:34,604 [Worker-58: Building] INFO  o.a.m.s.f.DefaultMavenResourcesFiltering - Copying 0 resource from src\main\resources to target\classes
2025-08-13 16:16:34,606 [Worker-58: Building] WARN  o.a.m.s.f.DefaultMavenResourcesFiltering - Using platform encoding (UTF-8 actually) to copy filtered resources, i.e. build is platform dependent!
2025-08-13 16:16:34,606 [Worker-58: Building] INFO  o.a.m.s.f.DefaultMavenResourcesFiltering - Copying 0 resource from src\test\resources to target\test-classes
2025-08-13 16:17:27,890 [Worker-61: Building] WARN  o.a.m.s.f.DefaultMavenResourcesFiltering - Using platform encoding (UTF-8 actually) to copy filtered resources, i.e. build is platform dependent!
2025-08-13 16:17:27,891 [Worker-61: Building] INFO  o.a.m.s.f.DefaultMavenResourcesFiltering - Copying 0 resource from src\main\resources to target\classes
2025-08-13 16:17:27,892 [Worker-61: Building] WARN  o.a.m.s.f.DefaultMavenResourcesFiltering - Using platform encoding (UTF-8 actually) to copy filtered resources, i.e. build is platform dependent!
2025-08-13 16:17:27,894 [Worker-61: Building] INFO  o.a.m.s.f.DefaultMavenResourcesFiltering - Copying 0 resource from src\test\resources to target\test-classes
2025-08-13 16:21:21,826 [Worker-45: Building] WARN  o.a.m.s.f.DefaultMavenResourcesFiltering - Using platform encoding (UTF-8 actually) to copy filtered resources, i.e. build is platform dependent!
2025-08-13 16:21:21,827 [Worker-45: Building] INFO  o.a.m.s.f.DefaultMavenResourcesFiltering - Copying 0 resource from src\main\resources to target\classes
2025-08-13 16:21:21,828 [Worker-45: Building] WARN  o.a.m.s.f.DefaultMavenResourcesFiltering - Using platform encoding (UTF-8 actually) to copy filtered resources, i.e. build is platform dependent!
2025-08-13 16:21:21,830 [Worker-45: Building] INFO  o.a.m.s.f.DefaultMavenResourcesFiltering - Copying 0 resource from src\test\resources to target\test-classes
2025-08-13 16:21:38,388 [Worker-55: Building] WARN  o.a.m.s.f.DefaultMavenResourcesFiltering - Using platform encoding (UTF-8 actually) to copy filtered resources, i.e. build is platform dependent!
2025-08-13 16:21:38,389 [Worker-55: Building] INFO  o.a.m.s.f.DefaultMavenResourcesFiltering - Copying 0 resource from src\main\resources to target\classes
2025-08-13 16:21:38,390 [Worker-55: Building] WARN  o.a.m.s.f.DefaultMavenResourcesFiltering - Using platform encoding (UTF-8 actually) to copy filtered resources, i.e. build is platform dependent!
2025-08-13 16:21:38,390 [Worker-55: Building] INFO  o.a.m.s.f.DefaultMavenResourcesFiltering - Copying 0 resource from src\test\resources to target\test-classes
2025-08-13 16:28:14,850 [Worker-53: Building] WARN  o.a.m.s.f.DefaultMavenResourcesFiltering - Using platform encoding (UTF-8 actually) to copy filtered resources, i.e. build is platform dependent!
2025-08-13 16:28:14,852 [Worker-53: Building] INFO  o.a.m.s.f.DefaultMavenResourcesFiltering - Copying 0 resource from src\main\resources to target\classes
2025-08-13 16:28:14,853 [Worker-53: Building] WARN  o.a.m.s.f.DefaultMavenResourcesFiltering - Using platform encoding (UTF-8 actually) to copy filtered resources, i.e. build is platform dependent!
2025-08-13 16:28:14,854 [Worker-53: Building] INFO  o.a.m.s.f.DefaultMavenResourcesFiltering - Copying 0 resource from src\test\resources to target\test-classes
2025-08-13 16:28:51,107 [Worker-53: Building] WARN  o.a.m.s.f.DefaultMavenResourcesFiltering - Using platform encoding (UTF-8 actually) to copy filtered resources, i.e. build is platform dependent!
2025-08-13 16:28:51,108 [Worker-53: Building] INFO  o.a.m.s.f.DefaultMavenResourcesFiltering - Copying 0 resource from src\main\resources to target\classes
2025-08-13 16:28:51,109 [Worker-53: Building] WARN  o.a.m.s.f.DefaultMavenResourcesFiltering - Using platform encoding (UTF-8 actually) to copy filtered resources, i.e. build is platform dependent!
2025-08-13 16:28:51,110 [Worker-53: Building] INFO  o.a.m.s.f.DefaultMavenResourcesFiltering - Copying 0 resource from src\test\resources to target\test-classes
2025-08-13 16:43:11,100 [Worker-61: Building] WARN  o.a.m.s.f.DefaultMavenResourcesFiltering - Using platform encoding (UTF-8 actually) to copy filtered resources, i.e. build is platform dependent!
2025-08-13 16:43:11,101 [Worker-61: Building] INFO  o.a.m.s.f.DefaultMavenResourcesFiltering - Copying 0 resource from src\main\resources to target\classes
2025-08-13 16:43:11,102 [Worker-61: Building] WARN  o.a.m.s.f.DefaultMavenResourcesFiltering - Using platform encoding (UTF-8 actually) to copy filtered resources, i.e. build is platform dependent!
2025-08-13 16:43:11,104 [Worker-61: Building] INFO  o.a.m.s.f.DefaultMavenResourcesFiltering - Copying 0 resource from src\test\resources to target\test-classes
2025-08-13 16:43:26,619 [Worker-49: Building] WARN  o.a.m.s.f.DefaultMavenResourcesFiltering - Using platform encoding (UTF-8 actually) to copy filtered resources, i.e. build is platform dependent!
2025-08-13 16:43:26,620 [Worker-49: Building] INFO  o.a.m.s.f.DefaultMavenResourcesFiltering - Copying 0 resource from src\main\resources to target\classes
2025-08-13 16:43:26,621 [Worker-49: Building] WARN  o.a.m.s.f.DefaultMavenResourcesFiltering - Using platform encoding (UTF-8 actually) to copy filtered resources, i.e. build is platform dependent!
2025-08-13 16:43:26,622 [Worker-49: Building] INFO  o.a.m.s.f.DefaultMavenResourcesFiltering - Copying 0 resource from src\test\resources to target\test-classes
2025-08-13 16:43:41,989 [Worker-41: Building] WARN  o.a.m.s.f.DefaultMavenResourcesFiltering - Using platform encoding (UTF-8 actually) to copy filtered resources, i.e. build is platform dependent!
2025-08-13 16:43:41,990 [Worker-41: Building] INFO  o.a.m.s.f.DefaultMavenResourcesFiltering - Copying 0 resource from src\main\resources to target\classes
2025-08-13 16:43:41,991 [Worker-41: Building] WARN  o.a.m.s.f.DefaultMavenResourcesFiltering - Using platform encoding (UTF-8 actually) to copy filtered resources, i.e. build is platform dependent!
2025-08-13 16:43:41,992 [Worker-41: Building] INFO  o.a.m.s.f.DefaultMavenResourcesFiltering - Copying 0 resource from src\test\resources to target\test-classes
2025-08-13 16:43:51,935 [Worker-56: Building] WARN  o.a.m.s.f.DefaultMavenResourcesFiltering - Using platform encoding (UTF-8 actually) to copy filtered resources, i.e. build is platform dependent!
2025-08-13 16:43:51,935 [Worker-56: Building] INFO  o.a.m.s.f.DefaultMavenResourcesFiltering - Copying 0 resource from src\main\resources to target\classes
2025-08-13 16:43:51,938 [Worker-56: Building] WARN  o.a.m.s.f.DefaultMavenResourcesFiltering - Using platform encoding (UTF-8 actually) to copy filtered resources, i.e. build is platform dependent!
2025-08-13 16:43:51,938 [Worker-56: Building] INFO  o.a.m.s.f.DefaultMavenResourcesFiltering - Copying 0 resource from src\test\resources to target\test-classes
2025-08-13 16:43:54,748 [Worker-56: Building] WARN  o.a.m.s.f.DefaultMavenResourcesFiltering - Using platform encoding (UTF-8 actually) to copy filtered resources, i.e. build is platform dependent!
2025-08-13 16:43:54,749 [Worker-56: Building] INFO  o.a.m.s.f.DefaultMavenResourcesFiltering - Copying 0 resource from src\main\resources to target\classes
2025-08-13 16:43:54,750 [Worker-56: Building] WARN  o.a.m.s.f.DefaultMavenResourcesFiltering - Using platform encoding (UTF-8 actually) to copy filtered resources, i.e. build is platform dependent!
2025-08-13 16:43:54,751 [Worker-56: Building] INFO  o.a.m.s.f.DefaultMavenResourcesFiltering - Copying 0 resource from src\test\resources to target\test-classes
2025-08-13 16:46:41,764 [Worker-49: Building] WARN  o.a.m.s.f.DefaultMavenResourcesFiltering - Using platform encoding (UTF-8 actually) to copy filtered resources, i.e. build is platform dependent!
2025-08-13 16:46:41,766 [Worker-49: Building] INFO  o.a.m.s.f.DefaultMavenResourcesFiltering - Copying 0 resource from src\main\resources to target\classes
2025-08-13 16:46:41,767 [Worker-49: Building] WARN  o.a.m.s.f.DefaultMavenResourcesFiltering - Using platform encoding (UTF-8 actually) to copy filtered resources, i.e. build is platform dependent!
2025-08-13 16:46:41,768 [Worker-49: Building] INFO  o.a.m.s.f.DefaultMavenResourcesFiltering - Copying 0 resource from src\test\resources to target\test-classes
2025-08-13 16:47:34,011 [Worker-55: Building] WARN  o.a.m.s.f.DefaultMavenResourcesFiltering - Using platform encoding (UTF-8 actually) to copy filtered resources, i.e. build is platform dependent!
2025-08-13 16:47:34,012 [Worker-55: Building] INFO  o.a.m.s.f.DefaultMavenResourcesFiltering - Copying 0 resource from src\main\resources to target\classes
2025-08-13 16:47:34,013 [Worker-55: Building] WARN  o.a.m.s.f.DefaultMavenResourcesFiltering - Using platform encoding (UTF-8 actually) to copy filtered resources, i.e. build is platform dependent!
2025-08-13 16:47:34,014 [Worker-55: Building] INFO  o.a.m.s.f.DefaultMavenResourcesFiltering - Copying 0 resource from src\test\resources to target\test-classes
2025-08-13 16:47:46,391 [Worker-56: Building] WARN  o.a.m.s.f.DefaultMavenResourcesFiltering - Using platform encoding (UTF-8 actually) to copy filtered resources, i.e. build is platform dependent!
2025-08-13 16:47:46,391 [Worker-56: Building] INFO  o.a.m.s.f.DefaultMavenResourcesFiltering - Copying 0 resource from src\main\resources to target\classes
2025-08-13 16:47:46,392 [Worker-56: Building] WARN  o.a.m.s.f.DefaultMavenResourcesFiltering - Using platform encoding (UTF-8 actually) to copy filtered resources, i.e. build is platform dependent!
2025-08-13 16:47:46,393 [Worker-56: Building] INFO  o.a.m.s.f.DefaultMavenResourcesFiltering - Copying 0 resource from src\test\resources to target\test-classes
2025-08-13 16:48:04,282 [Worker-45: Building] WARN  o.a.m.s.f.DefaultMavenResourcesFiltering - Using platform encoding (UTF-8 actually) to copy filtered resources, i.e. build is platform dependent!
2025-08-13 16:48:04,282 [Worker-45: Building] INFO  o.a.m.s.f.DefaultMavenResourcesFiltering - Copying 0 resource from src\main\resources to target\classes
2025-08-13 16:48:04,283 [Worker-45: Building] WARN  o.a.m.s.f.DefaultMavenResourcesFiltering - Using platform encoding (UTF-8 actually) to copy filtered resources, i.e. build is platform dependent!
2025-08-13 16:48:04,284 [Worker-45: Building] INFO  o.a.m.s.f.DefaultMavenResourcesFiltering - Copying 0 resource from src\test\resources to target\test-classes
2025-08-13 16:48:55,154 [Worker-45: Building] WARN  o.a.m.s.f.DefaultMavenResourcesFiltering - Using platform encoding (UTF-8 actually) to copy filtered resources, i.e. build is platform dependent!
2025-08-13 16:48:55,156 [Worker-45: Building] INFO  o.a.m.s.f.DefaultMavenResourcesFiltering - Copying 0 resource from src\main\resources to target\classes
2025-08-13 16:48:55,157 [Worker-45: Building] WARN  o.a.m.s.f.DefaultMavenResourcesFiltering - Using platform encoding (UTF-8 actually) to copy filtered resources, i.e. build is platform dependent!
2025-08-13 16:48:55,158 [Worker-45: Building] INFO  o.a.m.s.f.DefaultMavenResourcesFiltering - Copying 0 resource from src\test\resources to target\test-classes
2025-08-13 16:49:04,964 [Worker-55: Building] WARN  o.a.m.s.f.DefaultMavenResourcesFiltering - Using platform encoding (UTF-8 actually) to copy filtered resources, i.e. build is platform dependent!
2025-08-13 16:49:04,965 [Worker-55: Building] INFO  o.a.m.s.f.DefaultMavenResourcesFiltering - Copying 0 resource from src\main\resources to target\classes
2025-08-13 16:49:04,966 [Worker-55: Building] WARN  o.a.m.s.f.DefaultMavenResourcesFiltering - Using platform encoding (UTF-8 actually) to copy filtered resources, i.e. build is platform dependent!
2025-08-13 16:49:04,967 [Worker-55: Building] INFO  o.a.m.s.f.DefaultMavenResourcesFiltering - Copying 0 resource from src\test\resources to target\test-classes
2025-08-13 16:49:13,730 [Worker-53: Building] WARN  o.a.m.s.f.DefaultMavenResourcesFiltering - Using platform encoding (UTF-8 actually) to copy filtered resources, i.e. build is platform dependent!
2025-08-13 16:49:13,731 [Worker-53: Building] INFO  o.a.m.s.f.DefaultMavenResourcesFiltering - Copying 0 resource from src\main\resources to target\classes
2025-08-13 16:49:13,732 [Worker-53: Building] WARN  o.a.m.s.f.DefaultMavenResourcesFiltering - Using platform encoding (UTF-8 actually) to copy filtered resources, i.e. build is platform dependent!
2025-08-13 16:49:13,733 [Worker-53: Building] INFO  o.a.m.s.f.DefaultMavenResourcesFiltering - Copying 0 resource from src\test\resources to target\test-classes
2025-08-13 16:50:04,436 [Worker-49: Building] WARN  o.a.m.s.f.DefaultMavenResourcesFiltering - Using platform encoding (UTF-8 actually) to copy filtered resources, i.e. build is platform dependent!
2025-08-13 16:50:04,437 [Worker-49: Building] INFO  o.a.m.s.f.DefaultMavenResourcesFiltering - Copying 0 resource from src\main\resources to target\classes
2025-08-13 16:50:04,438 [Worker-49: Building] WARN  o.a.m.s.f.DefaultMavenResourcesFiltering - Using platform encoding (UTF-8 actually) to copy filtered resources, i.e. build is platform dependent!
2025-08-13 16:50:04,439 [Worker-49: Building] INFO  o.a.m.s.f.DefaultMavenResourcesFiltering - Copying 0 resource from src\test\resources to target\test-classes
2025-08-13 16:50:09,585 [Worker-61: Building] WARN  o.a.m.s.f.DefaultMavenResourcesFiltering - Using platform encoding (UTF-8 actually) to copy filtered resources, i.e. build is platform dependent!
2025-08-13 16:50:09,585 [Worker-61: Building] INFO  o.a.m.s.f.DefaultMavenResourcesFiltering - Copying 0 resource from src\main\resources to target\classes
2025-08-13 16:50:09,587 [Worker-61: Building] WARN  o.a.m.s.f.DefaultMavenResourcesFiltering - Using platform encoding (UTF-8 actually) to copy filtered resources, i.e. build is platform dependent!
2025-08-13 16:50:09,587 [Worker-61: Building] INFO  o.a.m.s.f.DefaultMavenResourcesFiltering - Copying 0 resource from src\test\resources to target\test-classes
2025-08-13 16:50:22,310 [Worker-45: Building] WARN  o.a.m.s.f.DefaultMavenResourcesFiltering - Using platform encoding (UTF-8 actually) to copy filtered resources, i.e. build is platform dependent!
2025-08-13 16:50:22,311 [Worker-45: Building] INFO  o.a.m.s.f.DefaultMavenResourcesFiltering - Copying 0 resource from src\main\resources to target\classes
2025-08-13 16:50:22,312 [Worker-45: Building] WARN  o.a.m.s.f.DefaultMavenResourcesFiltering - Using platform encoding (UTF-8 actually) to copy filtered resources, i.e. build is platform dependent!
2025-08-13 16:50:22,312 [Worker-45: Building] INFO  o.a.m.s.f.DefaultMavenResourcesFiltering - Copying 0 resource from src\test\resources to target\test-classes
2025-08-13 16:50:23,512 [Worker-58: Building] WARN  o.a.m.s.f.DefaultMavenResourcesFiltering - Using platform encoding (UTF-8 actually) to copy filtered resources, i.e. build is platform dependent!
2025-08-13 16:50:23,513 [Worker-58: Building] INFO  o.a.m.s.f.DefaultMavenResourcesFiltering - Copying 0 resource from src\main\resources to target\classes
2025-08-13 16:50:23,515 [Worker-58: Building] WARN  o.a.m.s.f.DefaultMavenResourcesFiltering - Using platform encoding (UTF-8 actually) to copy filtered resources, i.e. build is platform dependent!
2025-08-13 16:50:23,515 [Worker-58: Building] INFO  o.a.m.s.f.DefaultMavenResourcesFiltering - Copying 0 resource from src\test\resources to target\test-classes
2025-08-13 16:50:46,967 [Worker-41: Building] WARN  o.a.m.s.f.DefaultMavenResourcesFiltering - Using platform encoding (UTF-8 actually) to copy filtered resources, i.e. build is platform dependent!
2025-08-13 16:50:46,968 [Worker-41: Building] INFO  o.a.m.s.f.DefaultMavenResourcesFiltering - Copying 0 resource from src\main\resources to target\classes
2025-08-13 16:50:46,969 [Worker-41: Building] WARN  o.a.m.s.f.DefaultMavenResourcesFiltering - Using platform encoding (UTF-8 actually) to copy filtered resources, i.e. build is platform dependent!
2025-08-13 16:50:46,970 [Worker-41: Building] INFO  o.a.m.s.f.DefaultMavenResourcesFiltering - Copying 0 resource from src\test\resources to target\test-classes
2025-08-13 16:50:54,783 [Worker-55: Building] WARN  o.a.m.s.f.DefaultMavenResourcesFiltering - Using platform encoding (UTF-8 actually) to copy filtered resources, i.e. build is platform dependent!
2025-08-13 16:50:54,785 [Worker-55: Building] INFO  o.a.m.s.f.DefaultMavenResourcesFiltering - Copying 0 resource from src\main\resources to target\classes
2025-08-13 16:50:54,786 [Worker-55: Building] WARN  o.a.m.s.f.DefaultMavenResourcesFiltering - Using platform encoding (UTF-8 actually) to copy filtered resources, i.e. build is platform dependent!
2025-08-13 16:50:54,787 [Worker-55: Building] INFO  o.a.m.s.f.DefaultMavenResourcesFiltering - Copying 0 resource from src\test\resources to target\test-classes
2025-08-13 16:52:00,090 [Worker-41: Building] WARN  o.a.m.s.f.DefaultMavenResourcesFiltering - Using platform encoding (UTF-8 actually) to copy filtered resources, i.e. build is platform dependent!
2025-08-13 16:52:00,091 [Worker-41: Building] INFO  o.a.m.s.f.DefaultMavenResourcesFiltering - Copying 0 resource from src\main\resources to target\classes
2025-08-13 16:52:00,092 [Worker-41: Building] WARN  o.a.m.s.f.DefaultMavenResourcesFiltering - Using platform encoding (UTF-8 actually) to copy filtered resources, i.e. build is platform dependent!
2025-08-13 16:52:00,093 [Worker-41: Building] INFO  o.a.m.s.f.DefaultMavenResourcesFiltering - Copying 0 resource from src\test\resources to target\test-classes
2025-08-13 16:52:10,313 [Worker-45: Building] WARN  o.a.m.s.f.DefaultMavenResourcesFiltering - Using platform encoding (UTF-8 actually) to copy filtered resources, i.e. build is platform dependent!
2025-08-13 16:52:10,314 [Worker-45: Building] INFO  o.a.m.s.f.DefaultMavenResourcesFiltering - Copying 0 resource from src\main\resources to target\classes
2025-08-13 16:52:10,315 [Worker-45: Building] WARN  o.a.m.s.f.DefaultMavenResourcesFiltering - Using platform encoding (UTF-8 actually) to copy filtered resources, i.e. build is platform dependent!
2025-08-13 16:52:10,316 [Worker-45: Building] INFO  o.a.m.s.f.DefaultMavenResourcesFiltering - Copying 0 resource from src\test\resources to target\test-classes
2025-08-13 16:52:25,422 [Worker-53: Building] WARN  o.a.m.s.f.DefaultMavenResourcesFiltering - Using platform encoding (UTF-8 actually) to copy filtered resources, i.e. build is platform dependent!
2025-08-13 16:52:25,422 [Worker-53: Building] INFO  o.a.m.s.f.DefaultMavenResourcesFiltering - Copying 0 resource from src\main\resources to target\classes
2025-08-13 16:52:25,423 [Worker-53: Building] WARN  o.a.m.s.f.DefaultMavenResourcesFiltering - Using platform encoding (UTF-8 actually) to copy filtered resources, i.e. build is platform dependent!
2025-08-13 16:52:25,425 [Worker-53: Building] INFO  o.a.m.s.f.DefaultMavenResourcesFiltering - Copying 0 resource from src\test\resources to target\test-classes
2025-08-13 16:52:33,837 [Worker-55: Building] WARN  o.a.m.s.f.DefaultMavenResourcesFiltering - Using platform encoding (UTF-8 actually) to copy filtered resources, i.e. build is platform dependent!
2025-08-13 16:52:33,838 [Worker-55: Building] INFO  o.a.m.s.f.DefaultMavenResourcesFiltering - Copying 0 resource from src\main\resources to target\classes
2025-08-13 16:52:33,840 [Worker-55: Building] WARN  o.a.m.s.f.DefaultMavenResourcesFiltering - Using platform encoding (UTF-8 actually) to copy filtered resources, i.e. build is platform dependent!
2025-08-13 16:52:33,841 [Worker-55: Building] INFO  o.a.m.s.f.DefaultMavenResourcesFiltering - Copying 0 resource from src\test\resources to target\test-classes
2025-08-13 16:52:36,228 [Worker-53: Building] WARN  o.a.m.s.f.DefaultMavenResourcesFiltering - Using platform encoding (UTF-8 actually) to copy filtered resources, i.e. build is platform dependent!
2025-08-13 16:52:36,228 [Worker-53: Building] INFO  o.a.m.s.f.DefaultMavenResourcesFiltering - Copying 0 resource from src\main\resources to target\classes
2025-08-13 16:52:36,229 [Worker-53: Building] WARN  o.a.m.s.f.DefaultMavenResourcesFiltering - Using platform encoding (UTF-8 actually) to copy filtered resources, i.e. build is platform dependent!
2025-08-13 16:52:36,230 [Worker-53: Building] INFO  o.a.m.s.f.DefaultMavenResourcesFiltering - Copying 0 resource from src\test\resources to target\test-classes
2025-08-13 16:52:43,528 [Worker-45: Building] WARN  o.a.m.s.f.DefaultMavenResourcesFiltering - Using platform encoding (UTF-8 actually) to copy filtered resources, i.e. build is platform dependent!
2025-08-13 16:52:43,528 [Worker-45: Building] INFO  o.a.m.s.f.DefaultMavenResourcesFiltering - Copying 0 resource from src\main\resources to target\classes
2025-08-13 16:52:43,529 [Worker-45: Building] WARN  o.a.m.s.f.DefaultMavenResourcesFiltering - Using platform encoding (UTF-8 actually) to copy filtered resources, i.e. build is platform dependent!
2025-08-13 16:52:43,530 [Worker-45: Building] INFO  o.a.m.s.f.DefaultMavenResourcesFiltering - Copying 0 resource from src\test\resources to target\test-classes
2025-08-13 16:52:47,171 [Worker-41: Building] WARN  o.a.m.s.f.DefaultMavenResourcesFiltering - Using platform encoding (UTF-8 actually) to copy filtered resources, i.e. build is platform dependent!
2025-08-13 16:52:47,172 [Worker-41: Building] INFO  o.a.m.s.f.DefaultMavenResourcesFiltering - Copying 0 resource from src\main\resources to target\classes
2025-08-13 16:52:47,172 [Worker-41: Building] WARN  o.a.m.s.f.DefaultMavenResourcesFiltering - Using platform encoding (UTF-8 actually) to copy filtered resources, i.e. build is platform dependent!
2025-08-13 16:52:47,173 [Worker-41: Building] INFO  o.a.m.s.f.DefaultMavenResourcesFiltering - Copying 0 resource from src\test\resources to target\test-classes
2025-08-13 16:53:03,379 [Worker-58: Building] WARN  o.a.m.s.f.DefaultMavenResourcesFiltering - Using platform encoding (UTF-8 actually) to copy filtered resources, i.e. build is platform dependent!
2025-08-13 16:53:03,380 [Worker-58: Building] INFO  o.a.m.s.f.DefaultMavenResourcesFiltering - Copying 0 resource from src\main\resources to target\classes
2025-08-13 16:53:03,381 [Worker-58: Building] WARN  o.a.m.s.f.DefaultMavenResourcesFiltering - Using platform encoding (UTF-8 actually) to copy filtered resources, i.e. build is platform dependent!
2025-08-13 16:53:03,381 [Worker-58: Building] INFO  o.a.m.s.f.DefaultMavenResourcesFiltering - Copying 0 resource from src\test\resources to target\test-classes
2025-08-13 16:53:26,351 [Worker-55: Building] WARN  o.a.m.s.f.DefaultMavenResourcesFiltering - Using platform encoding (UTF-8 actually) to copy filtered resources, i.e. build is platform dependent!
2025-08-13 16:53:26,352 [Worker-55: Building] INFO  o.a.m.s.f.DefaultMavenResourcesFiltering - Copying 0 resource from src\main\resources to target\classes
2025-08-13 16:53:26,354 [Worker-55: Building] WARN  o.a.m.s.f.DefaultMavenResourcesFiltering - Using platform encoding (UTF-8 actually) to copy filtered resources, i.e. build is platform dependent!
2025-08-13 16:53:26,355 [Worker-55: Building] INFO  o.a.m.s.f.DefaultMavenResourcesFiltering - Copying 0 resource from src\test\resources to target\test-classes
2025-08-13 16:53:51,105 [Worker-41: Building] WARN  o.a.m.s.f.DefaultMavenResourcesFiltering - Using platform encoding (UTF-8 actually) to copy filtered resources, i.e. build is platform dependent!
2025-08-13 16:53:51,106 [Worker-41: Building] INFO  o.a.m.s.f.DefaultMavenResourcesFiltering - Copying 0 resource from src\main\resources to target\classes
2025-08-13 16:53:51,107 [Worker-41: Building] WARN  o.a.m.s.f.DefaultMavenResourcesFiltering - Using platform encoding (UTF-8 actually) to copy filtered resources, i.e. build is platform dependent!
2025-08-13 16:53:51,108 [Worker-41: Building] INFO  o.a.m.s.f.DefaultMavenResourcesFiltering - Copying 0 resource from src\test\resources to target\test-classes
2025-08-13 16:54:28,827 [Worker-55: Building] WARN  o.a.m.s.f.DefaultMavenResourcesFiltering - Using platform encoding (UTF-8 actually) to copy filtered resources, i.e. build is platform dependent!
2025-08-13 16:54:28,828 [Worker-55: Building] INFO  o.a.m.s.f.DefaultMavenResourcesFiltering - Copying 0 resource from src\main\resources to target\classes
2025-08-13 16:54:28,829 [Worker-55: Building] WARN  o.a.m.s.f.DefaultMavenResourcesFiltering - Using platform encoding (UTF-8 actually) to copy filtered resources, i.e. build is platform dependent!
2025-08-13 16:54:28,830 [Worker-55: Building] INFO  o.a.m.s.f.DefaultMavenResourcesFiltering - Copying 0 resource from src\test\resources to target\test-classes
2025-08-13 17:12:40,989 [Worker-56: Building] WARN  o.a.m.s.f.DefaultMavenResourcesFiltering - Using platform encoding (UTF-8 actually) to copy filtered resources, i.e. build is platform dependent!
2025-08-13 17:12:40,993 [Worker-56: Building] INFO  o.a.m.s.f.DefaultMavenResourcesFiltering - Copying 0 resource from src\main\resources to target\classes
2025-08-13 17:12:40,995 [Worker-56: Building] WARN  o.a.m.s.f.DefaultMavenResourcesFiltering - Using platform encoding (UTF-8 actually) to copy filtered resources, i.e. build is platform dependent!
2025-08-13 17:12:40,996 [Worker-56: Building] INFO  o.a.m.s.f.DefaultMavenResourcesFiltering - Copying 0 resource from src\test\resources to target\test-classes
2025-08-13 17:12:50,385 [Worker-61: Building] WARN  o.a.m.s.f.DefaultMavenResourcesFiltering - Using platform encoding (UTF-8 actually) to copy filtered resources, i.e. build is platform dependent!
2025-08-13 17:12:50,386 [Worker-61: Building] INFO  o.a.m.s.f.DefaultMavenResourcesFiltering - Copying 0 resource from src\main\resources to target\classes
2025-08-13 17:12:50,388 [Worker-61: Building] WARN  o.a.m.s.f.DefaultMavenResourcesFiltering - Using platform encoding (UTF-8 actually) to copy filtered resources, i.e. build is platform dependent!
2025-08-13 17:12:50,390 [Worker-61: Building] INFO  o.a.m.s.f.DefaultMavenResourcesFiltering - Copying 0 resource from src\test\resources to target\test-classes
2025-08-13 17:13:07,259 [Worker-58: Building] WARN  o.a.m.s.f.DefaultMavenResourcesFiltering - Using platform encoding (UTF-8 actually) to copy filtered resources, i.e. build is platform dependent!
2025-08-13 17:13:07,261 [Worker-58: Building] INFO  o.a.m.s.f.DefaultMavenResourcesFiltering - Copying 0 resource from src\main\resources to target\classes
2025-08-13 17:13:07,263 [Worker-58: Building] WARN  o.a.m.s.f.DefaultMavenResourcesFiltering - Using platform encoding (UTF-8 actually) to copy filtered resources, i.e. build is platform dependent!
2025-08-13 17:13:07,264 [Worker-58: Building] INFO  o.a.m.s.f.DefaultMavenResourcesFiltering - Copying 0 resource from src\test\resources to target\test-classes
2025-08-13 17:13:27,120 [Worker-58: Building] WARN  o.a.m.s.f.DefaultMavenResourcesFiltering - Using platform encoding (UTF-8 actually) to copy filtered resources, i.e. build is platform dependent!
2025-08-13 17:13:27,122 [Worker-58: Building] INFO  o.a.m.s.f.DefaultMavenResourcesFiltering - Copying 0 resource from src\main\resources to target\classes
2025-08-13 17:13:27,124 [Worker-58: Building] WARN  o.a.m.s.f.DefaultMavenResourcesFiltering - Using platform encoding (UTF-8 actually) to copy filtered resources, i.e. build is platform dependent!
2025-08-13 17:13:27,125 [Worker-58: Building] INFO  o.a.m.s.f.DefaultMavenResourcesFiltering - Copying 0 resource from src\test\resources to target\test-classes
2025-08-13 17:13:30,096 [Worker-61: Building] WARN  o.a.m.s.f.DefaultMavenResourcesFiltering - Using platform encoding (UTF-8 actually) to copy filtered resources, i.e. build is platform dependent!
2025-08-13 17:13:30,099 [Worker-61: Building] INFO  o.a.m.s.f.DefaultMavenResourcesFiltering - Copying 0 resource from src\main\resources to target\classes
2025-08-13 17:13:30,101 [Worker-61: Building] WARN  o.a.m.s.f.DefaultMavenResourcesFiltering - Using platform encoding (UTF-8 actually) to copy filtered resources, i.e. build is platform dependent!
2025-08-13 17:13:30,102 [Worker-61: Building] INFO  o.a.m.s.f.DefaultMavenResourcesFiltering - Copying 0 resource from src\test\resources to target\test-classes
2025-08-13 17:14:01,607 [Worker-53: Building] WARN  o.a.m.s.f.DefaultMavenResourcesFiltering - Using platform encoding (UTF-8 actually) to copy filtered resources, i.e. build is platform dependent!
2025-08-13 17:14:01,609 [Worker-53: Building] INFO  o.a.m.s.f.DefaultMavenResourcesFiltering - Copying 0 resource from src\main\resources to target\classes
2025-08-13 17:14:01,611 [Worker-53: Building] WARN  o.a.m.s.f.DefaultMavenResourcesFiltering - Using platform encoding (UTF-8 actually) to copy filtered resources, i.e. build is platform dependent!
2025-08-13 17:14:01,612 [Worker-53: Building] INFO  o.a.m.s.f.DefaultMavenResourcesFiltering - Copying 0 resource from src\test\resources to target\test-classes
2025-08-13 17:14:33,236 [Worker-45: Building] WARN  o.a.m.s.f.DefaultMavenResourcesFiltering - Using platform encoding (UTF-8 actually) to copy filtered resources, i.e. build is platform dependent!
2025-08-13 17:14:33,237 [Worker-45: Building] INFO  o.a.m.s.f.DefaultMavenResourcesFiltering - Copying 0 resource from src\main\resources to target\classes
2025-08-13 17:14:33,239 [Worker-45: Building] WARN  o.a.m.s.f.DefaultMavenResourcesFiltering - Using platform encoding (UTF-8 actually) to copy filtered resources, i.e. build is platform dependent!
2025-08-13 17:14:33,241 [Worker-45: Building] INFO  o.a.m.s.f.DefaultMavenResourcesFiltering - Copying 0 resource from src\test\resources to target\test-classes
2025-08-13 17:14:38,290 [Worker-61: Building] WARN  o.a.m.s.f.DefaultMavenResourcesFiltering - Using platform encoding (UTF-8 actually) to copy filtered resources, i.e. build is platform dependent!
2025-08-13 17:14:38,292 [Worker-61: Building] INFO  o.a.m.s.f.DefaultMavenResourcesFiltering - Copying 0 resource from src\main\resources to target\classes
2025-08-13 17:14:38,294 [Worker-61: Building] WARN  o.a.m.s.f.DefaultMavenResourcesFiltering - Using platform encoding (UTF-8 actually) to copy filtered resources, i.e. build is platform dependent!
2025-08-13 17:14:38,296 [Worker-61: Building] INFO  o.a.m.s.f.DefaultMavenResourcesFiltering - Copying 0 resource from src\test\resources to target\test-classes
2025-08-13 17:14:50,252 [Worker-53: Building] WARN  o.a.m.s.f.DefaultMavenResourcesFiltering - Using platform encoding (UTF-8 actually) to copy filtered resources, i.e. build is platform dependent!
2025-08-13 17:14:50,254 [Worker-53: Building] INFO  o.a.m.s.f.DefaultMavenResourcesFiltering - Copying 0 resource from src\main\resources to target\classes
2025-08-13 17:14:50,257 [Worker-53: Building] WARN  o.a.m.s.f.DefaultMavenResourcesFiltering - Using platform encoding (UTF-8 actually) to copy filtered resources, i.e. build is platform dependent!
2025-08-13 17:14:50,259 [Worker-53: Building] INFO  o.a.m.s.f.DefaultMavenResourcesFiltering - Copying 0 resource from src\test\resources to target\test-classes
2025-08-13 17:15:05,042 [Worker-49: Building] WARN  o.a.m.s.f.DefaultMavenResourcesFiltering - Using platform encoding (UTF-8 actually) to copy filtered resources, i.e. build is platform dependent!
2025-08-13 17:15:05,043 [Worker-49: Building] INFO  o.a.m.s.f.DefaultMavenResourcesFiltering - Copying 0 resource from src\main\resources to target\classes
2025-08-13 17:15:05,045 [Worker-49: Building] WARN  o.a.m.s.f.DefaultMavenResourcesFiltering - Using platform encoding (UTF-8 actually) to copy filtered resources, i.e. build is platform dependent!
2025-08-13 17:15:05,047 [Worker-49: Building] INFO  o.a.m.s.f.DefaultMavenResourcesFiltering - Copying 0 resource from src\test\resources to target\test-classes
2025-08-13 17:15:13,003 [Worker-45: Building] WARN  o.a.m.s.f.DefaultMavenResourcesFiltering - Using platform encoding (UTF-8 actually) to copy filtered resources, i.e. build is platform dependent!
2025-08-13 17:15:13,005 [Worker-45: Building] INFO  o.a.m.s.f.DefaultMavenResourcesFiltering - Copying 0 resource from src\main\resources to target\classes
2025-08-13 17:15:13,007 [Worker-45: Building] WARN  o.a.m.s.f.DefaultMavenResourcesFiltering - Using platform encoding (UTF-8 actually) to copy filtered resources, i.e. build is platform dependent!
2025-08-13 17:15:13,007 [Worker-45: Building] INFO  o.a.m.s.f.DefaultMavenResourcesFiltering - Copying 0 resource from src\test\resources to target\test-classes
2025-08-13 17:15:27,914 [Worker-61: Building] WARN  o.a.m.s.f.DefaultMavenResourcesFiltering - Using platform encoding (UTF-8 actually) to copy filtered resources, i.e. build is platform dependent!
2025-08-13 17:15:27,916 [Worker-61: Building] INFO  o.a.m.s.f.DefaultMavenResourcesFiltering - Copying 0 resource from src\main\resources to target\classes
2025-08-13 17:15:27,918 [Worker-61: Building] WARN  o.a.m.s.f.DefaultMavenResourcesFiltering - Using platform encoding (UTF-8 actually) to copy filtered resources, i.e. build is platform dependent!
2025-08-13 17:15:27,920 [Worker-61: Building] INFO  o.a.m.s.f.DefaultMavenResourcesFiltering - Copying 0 resource from src\test\resources to target\test-classes
2025-08-13 17:15:40,762 [Worker-49: Building] WARN  o.a.m.s.f.DefaultMavenResourcesFiltering - Using platform encoding (UTF-8 actually) to copy filtered resources, i.e. build is platform dependent!
2025-08-13 17:15:40,765 [Worker-49: Building] INFO  o.a.m.s.f.DefaultMavenResourcesFiltering - Copying 0 resource from src\main\resources to target\classes
2025-08-13 17:15:40,767 [Worker-49: Building] WARN  o.a.m.s.f.DefaultMavenResourcesFiltering - Using platform encoding (UTF-8 actually) to copy filtered resources, i.e. build is platform dependent!
2025-08-13 17:15:40,768 [Worker-49: Building] INFO  o.a.m.s.f.DefaultMavenResourcesFiltering - Copying 0 resource from src\test\resources to target\test-classes
2025-08-13 17:17:16,149 [Worker-55: Building] WARN  o.a.m.s.f.DefaultMavenResourcesFiltering - Using platform encoding (UTF-8 actually) to copy filtered resources, i.e. build is platform dependent!
2025-08-13 17:17:16,150 [Worker-55: Building] INFO  o.a.m.s.f.DefaultMavenResourcesFiltering - Copying 0 resource from src\main\resources to target\classes
2025-08-13 17:17:16,153 [Worker-55: Building] WARN  o.a.m.s.f.DefaultMavenResourcesFiltering - Using platform encoding (UTF-8 actually) to copy filtered resources, i.e. build is platform dependent!
2025-08-13 17:17:16,154 [Worker-55: Building] INFO  o.a.m.s.f.DefaultMavenResourcesFiltering - Copying 0 resource from src\test\resources to target\test-classes
2025-08-13 17:19:57,061 [Worker-53: Building] WARN  o.a.m.s.f.DefaultMavenResourcesFiltering - Using platform encoding (UTF-8 actually) to copy filtered resources, i.e. build is platform dependent!
2025-08-13 17:19:57,064 [Worker-53: Building] INFO  o.a.m.s.f.DefaultMavenResourcesFiltering - Copying 0 resource from src\main\resources to target\classes
2025-08-13 17:19:57,065 [Worker-53: Building] WARN  o.a.m.s.f.DefaultMavenResourcesFiltering - Using platform encoding (UTF-8 actually) to copy filtered resources, i.e. build is platform dependent!
2025-08-13 17:19:57,066 [Worker-53: Building] INFO  o.a.m.s.f.DefaultMavenResourcesFiltering - Copying 0 resource from src\test\resources to target\test-classes
2025-08-13 17:21:08,943 [Worker-41: Building] WARN  o.a.m.s.f.DefaultMavenResourcesFiltering - Using platform encoding (UTF-8 actually) to copy filtered resources, i.e. build is platform dependent!
2025-08-13 17:21:08,944 [Worker-41: Building] INFO  o.a.m.s.f.DefaultMavenResourcesFiltering - Copying 0 resource from src\main\resources to target\classes
2025-08-13 17:21:08,949 [Worker-41: Building] WARN  o.a.m.s.f.DefaultMavenResourcesFiltering - Using platform encoding (UTF-8 actually) to copy filtered resources, i.e. build is platform dependent!
2025-08-13 17:21:08,951 [Worker-41: Building] INFO  o.a.m.s.f.DefaultMavenResourcesFiltering - Copying 0 resource from src\test\resources to target\test-classes
2025-08-13 17:21:49,235 [Worker-45: Building] WARN  o.a.m.s.f.DefaultMavenResourcesFiltering - Using platform encoding (UTF-8 actually) to copy filtered resources, i.e. build is platform dependent!
2025-08-13 17:21:49,236 [Worker-45: Building] INFO  o.a.m.s.f.DefaultMavenResourcesFiltering - Copying 0 resource from src\main\resources to target\classes
2025-08-13 17:21:49,238 [Worker-45: Building] WARN  o.a.m.s.f.DefaultMavenResourcesFiltering - Using platform encoding (UTF-8 actually) to copy filtered resources, i.e. build is platform dependent!
2025-08-13 17:21:49,239 [Worker-45: Building] INFO  o.a.m.s.f.DefaultMavenResourcesFiltering - Copying 0 resource from src\test\resources to target\test-classes
2025-08-14 16:03:41,226 [Worker-8: Loading available Gradle versions] INFO  o.e.b.c.i.u.g.PublishedGradleVersions - Gradle version information cache is out-of-date. Trying to update.
2025-08-14 16:03:44,233 [Worker-8: Building] WARN  o.a.m.r.i.DefaultArtifactDescriptorReader - 1 problem was encountered while building the effective model for org.javassist:javassist:jar:3.20.0-GA during dependency collection step for project (use -X to see details)
2025-08-14 16:09:05,041 [Worker-7: Building] WARN  o.a.m.s.f.DefaultMavenResourcesFiltering - Using platform encoding (UTF-8 actually) to copy filtered resources, i.e. build is platform dependent!
2025-08-14 16:09:05,049 [Worker-7: Building] INFO  o.a.m.s.f.DefaultMavenResourcesFiltering - Copying 0 resource from src\main\resources to target\classes
2025-08-14 16:09:05,057 [Worker-7: Building] WARN  o.a.m.s.f.DefaultMavenResourcesFiltering - Using platform encoding (UTF-8 actually) to copy filtered resources, i.e. build is platform dependent!
2025-08-14 16:09:05,059 [Worker-7: Building] INFO  o.a.m.s.f.DefaultMavenResourcesFiltering - Copying 0 resource from src\test\resources to target\test-classes
2025-08-14 16:12:04,281 [Worker-7: Building] WARN  o.a.m.s.f.DefaultMavenResourcesFiltering - Using platform encoding (UTF-8 actually) to copy filtered resources, i.e. build is platform dependent!
2025-08-14 16:12:04,289 [Worker-7: Building] INFO  o.a.m.s.f.DefaultMavenResourcesFiltering - Copying 0 resource from src\main\resources to target\classes
2025-08-14 16:12:04,295 [Worker-7: Building] WARN  o.a.m.s.f.DefaultMavenResourcesFiltering - Using platform encoding (UTF-8 actually) to copy filtered resources, i.e. build is platform dependent!
2025-08-14 16:12:04,297 [Worker-7: Building] INFO  o.a.m.s.f.DefaultMavenResourcesFiltering - Copying 0 resource from src\test\resources to target\test-classes
2025-08-14 16:13:45,978 [Worker-18: Building] WARN  o.a.m.s.f.DefaultMavenResourcesFiltering - Using platform encoding (UTF-8 actually) to copy filtered resources, i.e. build is platform dependent!
2025-08-14 16:13:45,982 [Worker-18: Building] INFO  o.a.m.s.f.DefaultMavenResourcesFiltering - Copying 0 resource from src\main\resources to target\classes
2025-08-14 16:13:45,986 [Worker-18: Building] WARN  o.a.m.s.f.DefaultMavenResourcesFiltering - Using platform encoding (UTF-8 actually) to copy filtered resources, i.e. build is platform dependent!
2025-08-14 16:13:45,988 [Worker-18: Building] INFO  o.a.m.s.f.DefaultMavenResourcesFiltering - Copying 0 resource from src\test\resources to target\test-classes
2025-08-14 16:14:21,353 [Worker-22: Building] WARN  o.a.m.s.f.DefaultMavenResourcesFiltering - Using platform encoding (UTF-8 actually) to copy filtered resources, i.e. build is platform dependent!
2025-08-14 16:14:21,357 [Worker-22: Building] INFO  o.a.m.s.f.DefaultMavenResourcesFiltering - Copying 0 resource from src\main\resources to target\classes
2025-08-14 16:14:21,368 [Worker-22: Building] WARN  o.a.m.s.f.DefaultMavenResourcesFiltering - Using platform encoding (UTF-8 actually) to copy filtered resources, i.e. build is platform dependent!
2025-08-14 16:14:21,377 [Worker-22: Building] INFO  o.a.m.s.f.DefaultMavenResourcesFiltering - Copying 0 resource from src\test\resources to target\test-classes
2025-08-14 16:14:23,501 [Worker-23: Building] WARN  o.a.m.s.f.DefaultMavenResourcesFiltering - Using platform encoding (UTF-8 actually) to copy filtered resources, i.e. build is platform dependent!
2025-08-14 16:14:23,504 [Worker-23: Building] INFO  o.a.m.s.f.DefaultMavenResourcesFiltering - Copying 0 resource from src\main\resources to target\classes
2025-08-14 16:14:23,511 [Worker-23: Building] WARN  o.a.m.s.f.DefaultMavenResourcesFiltering - Using platform encoding (UTF-8 actually) to copy filtered resources, i.e. build is platform dependent!
2025-08-14 16:14:23,516 [Worker-23: Building] INFO  o.a.m.s.f.DefaultMavenResourcesFiltering - Copying 0 resource from src\test\resources to target\test-classes
2025-08-14 16:14:28,982 [Worker-18: Building] WARN  o.a.m.s.f.DefaultMavenResourcesFiltering - Using platform encoding (UTF-8 actually) to copy filtered resources, i.e. build is platform dependent!
2025-08-14 16:14:28,985 [Worker-18: Building] INFO  o.a.m.s.f.DefaultMavenResourcesFiltering - Copying 0 resource from src\main\resources to target\classes
2025-08-14 16:14:28,989 [Worker-18: Building] WARN  o.a.m.s.f.DefaultMavenResourcesFiltering - Using platform encoding (UTF-8 actually) to copy filtered resources, i.e. build is platform dependent!
2025-08-14 16:14:28,991 [Worker-18: Building] INFO  o.a.m.s.f.DefaultMavenResourcesFiltering - Copying 0 resource from src\test\resources to target\test-classes
2025-08-14 16:14:46,288 [Worker-23: Building] WARN  o.a.m.s.f.DefaultMavenResourcesFiltering - Using platform encoding (UTF-8 actually) to copy filtered resources, i.e. build is platform dependent!
2025-08-14 16:14:46,290 [Worker-23: Building] INFO  o.a.m.s.f.DefaultMavenResourcesFiltering - Copying 0 resource from src\main\resources to target\classes
2025-08-14 16:14:46,295 [Worker-23: Building] WARN  o.a.m.s.f.DefaultMavenResourcesFiltering - Using platform encoding (UTF-8 actually) to copy filtered resources, i.e. build is platform dependent!
2025-08-14 16:14:46,297 [Worker-23: Building] INFO  o.a.m.s.f.DefaultMavenResourcesFiltering - Copying 0 resource from src\test\resources to target\test-classes
2025-08-14 16:15:12,921 [Worker-7: Building] WARN  o.a.m.s.f.DefaultMavenResourcesFiltering - Using platform encoding (UTF-8 actually) to copy filtered resources, i.e. build is platform dependent!
2025-08-14 16:15:12,925 [Worker-7: Building] INFO  o.a.m.s.f.DefaultMavenResourcesFiltering - Copying 0 resource from src\main\resources to target\classes
2025-08-14 16:15:12,931 [Worker-7: Building] WARN  o.a.m.s.f.DefaultMavenResourcesFiltering - Using platform encoding (UTF-8 actually) to copy filtered resources, i.e. build is platform dependent!
2025-08-14 16:15:12,933 [Worker-7: Building] INFO  o.a.m.s.f.DefaultMavenResourcesFiltering - Copying 0 resource from src\test\resources to target\test-classes
2025-08-14 16:16:27,647 [Worker-22: Building] WARN  o.a.m.s.f.DefaultMavenResourcesFiltering - Using platform encoding (UTF-8 actually) to copy filtered resources, i.e. build is platform dependent!
2025-08-14 16:16:27,650 [Worker-22: Building] INFO  o.a.m.s.f.DefaultMavenResourcesFiltering - Copying 0 resource from src\main\resources to target\classes
2025-08-14 16:16:27,654 [Worker-22: Building] WARN  o.a.m.s.f.DefaultMavenResourcesFiltering - Using platform encoding (UTF-8 actually) to copy filtered resources, i.e. build is platform dependent!
2025-08-14 16:16:27,657 [Worker-22: Building] INFO  o.a.m.s.f.DefaultMavenResourcesFiltering - Copying 0 resource from src\test\resources to target\test-classes
2025-08-14 16:16:53,619 [Worker-25: Building] WARN  o.a.m.s.f.DefaultMavenResourcesFiltering - Using platform encoding (UTF-8 actually) to copy filtered resources, i.e. build is platform dependent!
2025-08-14 16:16:53,621 [Worker-25: Building] INFO  o.a.m.s.f.DefaultMavenResourcesFiltering - Copying 0 resource from src\main\resources to target\classes
2025-08-14 16:16:53,624 [Worker-25: Building] WARN  o.a.m.s.f.DefaultMavenResourcesFiltering - Using platform encoding (UTF-8 actually) to copy filtered resources, i.e. build is platform dependent!
2025-08-14 16:16:53,627 [Worker-25: Building] INFO  o.a.m.s.f.DefaultMavenResourcesFiltering - Copying 0 resource from src\test\resources to target\test-classes
2025-08-14 16:17:48,566 [Worker-25: Building] WARN  o.a.m.s.f.DefaultMavenResourcesFiltering - Using platform encoding (UTF-8 actually) to copy filtered resources, i.e. build is platform dependent!
2025-08-14 16:17:48,569 [Worker-25: Building] INFO  o.a.m.s.f.DefaultMavenResourcesFiltering - Copying 0 resource from src\main\resources to target\classes
2025-08-14 16:17:48,572 [Worker-25: Building] WARN  o.a.m.s.f.DefaultMavenResourcesFiltering - Using platform encoding (UTF-8 actually) to copy filtered resources, i.e. build is platform dependent!
2025-08-14 16:17:48,573 [Worker-25: Building] INFO  o.a.m.s.f.DefaultMavenResourcesFiltering - Copying 0 resource from src\test\resources to target\test-classes
2025-08-14 16:18:19,935 [Worker-7: Building] WARN  o.a.m.s.f.DefaultMavenResourcesFiltering - Using platform encoding (UTF-8 actually) to copy filtered resources, i.e. build is platform dependent!
2025-08-14 16:18:19,937 [Worker-7: Building] INFO  o.a.m.s.f.DefaultMavenResourcesFiltering - Copying 0 resource from src\main\resources to target\classes
2025-08-14 16:18:19,941 [Worker-7: Building] WARN  o.a.m.s.f.DefaultMavenResourcesFiltering - Using platform encoding (UTF-8 actually) to copy filtered resources, i.e. build is platform dependent!
2025-08-14 16:18:19,943 [Worker-7: Building] INFO  o.a.m.s.f.DefaultMavenResourcesFiltering - Copying 0 resource from src\test\resources to target\test-classes
2025-08-14 16:21:00,203 [Worker-26: Building] WARN  o.a.m.s.f.DefaultMavenResourcesFiltering - Using platform encoding (UTF-8 actually) to copy filtered resources, i.e. build is platform dependent!
2025-08-14 16:21:00,205 [Worker-26: Building] INFO  o.a.m.s.f.DefaultMavenResourcesFiltering - Copying 0 resource from src\main\resources to target\classes
2025-08-14 16:21:00,210 [Worker-26: Building] WARN  o.a.m.s.f.DefaultMavenResourcesFiltering - Using platform encoding (UTF-8 actually) to copy filtered resources, i.e. build is platform dependent!
2025-08-14 16:21:00,213 [Worker-26: Building] INFO  o.a.m.s.f.DefaultMavenResourcesFiltering - Copying 0 resource from src\test\resources to target\test-classes
2025-08-14 16:22:01,646 [Worker-18: Building] WARN  o.a.m.s.f.DefaultMavenResourcesFiltering - Using platform encoding (UTF-8 actually) to copy filtered resources, i.e. build is platform dependent!
2025-08-14 16:22:01,648 [Worker-18: Building] INFO  o.a.m.s.f.DefaultMavenResourcesFiltering - Copying 0 resource from src\main\resources to target\classes
2025-08-14 16:22:01,652 [Worker-18: Building] WARN  o.a.m.s.f.DefaultMavenResourcesFiltering - Using platform encoding (UTF-8 actually) to copy filtered resources, i.e. build is platform dependent!
2025-08-14 16:22:01,654 [Worker-18: Building] INFO  o.a.m.s.f.DefaultMavenResourcesFiltering - Copying 0 resource from src\test\resources to target\test-classes
2025-08-14 16:22:26,758 [Worker-29: Building] WARN  o.a.m.s.f.DefaultMavenResourcesFiltering - Using platform encoding (UTF-8 actually) to copy filtered resources, i.e. build is platform dependent!
2025-08-14 16:22:26,760 [Worker-29: Building] INFO  o.a.m.s.f.DefaultMavenResourcesFiltering - Copying 0 resource from src\main\resources to target\classes
2025-08-14 16:22:26,763 [Worker-29: Building] WARN  o.a.m.s.f.DefaultMavenResourcesFiltering - Using platform encoding (UTF-8 actually) to copy filtered resources, i.e. build is platform dependent!
2025-08-14 16:22:26,766 [Worker-29: Building] INFO  o.a.m.s.f.DefaultMavenResourcesFiltering - Copying 0 resource from src\test\resources to target\test-classes
2025-08-14 16:22:32,539 [Worker-28: Building] WARN  o.a.m.s.f.DefaultMavenResourcesFiltering - Using platform encoding (UTF-8 actually) to copy filtered resources, i.e. build is platform dependent!
2025-08-14 16:22:32,541 [Worker-28: Building] INFO  o.a.m.s.f.DefaultMavenResourcesFiltering - Copying 0 resource from src\main\resources to target\classes
2025-08-14 16:22:32,544 [Worker-28: Building] WARN  o.a.m.s.f.DefaultMavenResourcesFiltering - Using platform encoding (UTF-8 actually) to copy filtered resources, i.e. build is platform dependent!
2025-08-14 16:22:32,547 [Worker-28: Building] INFO  o.a.m.s.f.DefaultMavenResourcesFiltering - Copying 0 resource from src\test\resources to target\test-classes
2025-08-14 16:23:20,409 [Worker-29: Building] WARN  o.a.m.s.f.DefaultMavenResourcesFiltering - Using platform encoding (UTF-8 actually) to copy filtered resources, i.e. build is platform dependent!
2025-08-14 16:23:20,413 [Worker-29: Building] INFO  o.a.m.s.f.DefaultMavenResourcesFiltering - Copying 0 resource from src\main\resources to target\classes
2025-08-14 16:23:20,418 [Worker-29: Building] WARN  o.a.m.s.f.DefaultMavenResourcesFiltering - Using platform encoding (UTF-8 actually) to copy filtered resources, i.e. build is platform dependent!
2025-08-14 16:23:20,420 [Worker-29: Building] INFO  o.a.m.s.f.DefaultMavenResourcesFiltering - Copying 0 resource from src\test\resources to target\test-classes
2025-08-14 16:24:50,779 [Worker-29: Building] WARN  o.a.m.s.f.DefaultMavenResourcesFiltering - Using platform encoding (UTF-8 actually) to copy filtered resources, i.e. build is platform dependent!
2025-08-14 16:24:50,781 [Worker-29: Building] INFO  o.a.m.s.f.DefaultMavenResourcesFiltering - Copying 0 resource from src\main\resources to target\classes
2025-08-14 16:24:50,785 [Worker-29: Building] WARN  o.a.m.s.f.DefaultMavenResourcesFiltering - Using platform encoding (UTF-8 actually) to copy filtered resources, i.e. build is platform dependent!
2025-08-14 16:24:50,787 [Worker-29: Building] INFO  o.a.m.s.f.DefaultMavenResourcesFiltering - Copying 0 resource from src\test\resources to target\test-classes
2025-08-14 16:25:32,017 [Worker-29: Building] WARN  o.a.m.s.f.DefaultMavenResourcesFiltering - Using platform encoding (UTF-8 actually) to copy filtered resources, i.e. build is platform dependent!
2025-08-14 16:25:32,019 [Worker-29: Building] INFO  o.a.m.s.f.DefaultMavenResourcesFiltering - Copying 0 resource from src\main\resources to target\classes
2025-08-14 16:25:32,023 [Worker-29: Building] WARN  o.a.m.s.f.DefaultMavenResourcesFiltering - Using platform encoding (UTF-8 actually) to copy filtered resources, i.e. build is platform dependent!
2025-08-14 16:25:32,025 [Worker-29: Building] INFO  o.a.m.s.f.DefaultMavenResourcesFiltering - Copying 0 resource from src\test\resources to target\test-classes
2025-08-14 16:25:33,242 [Worker-29: Building] WARN  o.a.m.s.f.DefaultMavenResourcesFiltering - Using platform encoding (UTF-8 actually) to copy filtered resources, i.e. build is platform dependent!
2025-08-14 16:25:33,244 [Worker-29: Building] INFO  o.a.m.s.f.DefaultMavenResourcesFiltering - Copying 0 resource from src\main\resources to target\classes
2025-08-14 16:25:33,249 [Worker-29: Building] WARN  o.a.m.s.f.DefaultMavenResourcesFiltering - Using platform encoding (UTF-8 actually) to copy filtered resources, i.e. build is platform dependent!
2025-08-14 16:25:33,251 [Worker-29: Building] INFO  o.a.m.s.f.DefaultMavenResourcesFiltering - Copying 0 resource from src\test\resources to target\test-classes
2025-08-14 16:25:54,478 [Worker-29: Building] WARN  o.a.m.s.f.DefaultMavenResourcesFiltering - Using platform encoding (UTF-8 actually) to copy filtered resources, i.e. build is platform dependent!
2025-08-14 16:25:54,480 [Worker-29: Building] INFO  o.a.m.s.f.DefaultMavenResourcesFiltering - Copying 0 resource from src\main\resources to target\classes
2025-08-14 16:25:54,484 [Worker-29: Building] WARN  o.a.m.s.f.DefaultMavenResourcesFiltering - Using platform encoding (UTF-8 actually) to copy filtered resources, i.e. build is platform dependent!
2025-08-14 16:25:54,487 [Worker-29: Building] INFO  o.a.m.s.f.DefaultMavenResourcesFiltering - Copying 0 resource from src\test\resources to target\test-classes
2025-08-14 16:25:55,635 [Worker-24: Building] WARN  o.a.m.s.f.DefaultMavenResourcesFiltering - Using platform encoding (UTF-8 actually) to copy filtered resources, i.e. build is platform dependent!
2025-08-14 16:25:55,650 [Worker-24: Building] INFO  o.a.m.s.f.DefaultMavenResourcesFiltering - Copying 0 resource from src\main\resources to target\classes
2025-08-14 16:25:55,654 [Worker-24: Building] WARN  o.a.m.s.f.DefaultMavenResourcesFiltering - Using platform encoding (UTF-8 actually) to copy filtered resources, i.e. build is platform dependent!
2025-08-14 16:25:55,655 [Worker-24: Building] INFO  o.a.m.s.f.DefaultMavenResourcesFiltering - Copying 0 resource from src\test\resources to target\test-classes
2025-08-14 16:26:00,473 [Worker-27: Building] WARN  o.a.m.s.f.DefaultMavenResourcesFiltering - Using platform encoding (UTF-8 actually) to copy filtered resources, i.e. build is platform dependent!
2025-08-14 16:26:00,476 [Worker-27: Building] INFO  o.a.m.s.f.DefaultMavenResourcesFiltering - Copying 0 resource from src\main\resources to target\classes
2025-08-14 16:26:00,480 [Worker-27: Building] WARN  o.a.m.s.f.DefaultMavenResourcesFiltering - Using platform encoding (UTF-8 actually) to copy filtered resources, i.e. build is platform dependent!
2025-08-14 16:26:00,482 [Worker-27: Building] INFO  o.a.m.s.f.DefaultMavenResourcesFiltering - Copying 0 resource from src\test\resources to target\test-classes
2025-08-14 16:26:27,351 [Worker-30: Building] WARN  o.a.m.s.f.DefaultMavenResourcesFiltering - Using platform encoding (UTF-8 actually) to copy filtered resources, i.e. build is platform dependent!
2025-08-14 16:26:27,353 [Worker-30: Building] INFO  o.a.m.s.f.DefaultMavenResourcesFiltering - Copying 0 resource from src\main\resources to target\classes
2025-08-14 16:26:27,355 [Worker-30: Building] WARN  o.a.m.s.f.DefaultMavenResourcesFiltering - Using platform encoding (UTF-8 actually) to copy filtered resources, i.e. build is platform dependent!
2025-08-14 16:26:27,360 [Worker-30: Building] INFO  o.a.m.s.f.DefaultMavenResourcesFiltering - Copying 0 resource from src\test\resources to target\test-classes
2025-08-14 16:26:51,317 [Worker-28: Building] WARN  o.a.m.s.f.DefaultMavenResourcesFiltering - Using platform encoding (UTF-8 actually) to copy filtered resources, i.e. build is platform dependent!
2025-08-14 16:26:51,319 [Worker-28: Building] INFO  o.a.m.s.f.DefaultMavenResourcesFiltering - Copying 0 resource from src\main\resources to target\classes
2025-08-14 16:26:51,324 [Worker-28: Building] WARN  o.a.m.s.f.DefaultMavenResourcesFiltering - Using platform encoding (UTF-8 actually) to copy filtered resources, i.e. build is platform dependent!
2025-08-14 16:26:51,326 [Worker-28: Building] INFO  o.a.m.s.f.DefaultMavenResourcesFiltering - Copying 0 resource from src\test\resources to target\test-classes
2025-08-14 16:27:25,697 [Worker-29: Building] WARN  o.a.m.s.f.DefaultMavenResourcesFiltering - Using platform encoding (UTF-8 actually) to copy filtered resources, i.e. build is platform dependent!
2025-08-14 16:27:25,699 [Worker-29: Building] INFO  o.a.m.s.f.DefaultMavenResourcesFiltering - Copying 0 resource from src\main\resources to target\classes
2025-08-14 16:27:25,702 [Worker-29: Building] WARN  o.a.m.s.f.DefaultMavenResourcesFiltering - Using platform encoding (UTF-8 actually) to copy filtered resources, i.e. build is platform dependent!
2025-08-14 16:27:25,703 [Worker-29: Building] INFO  o.a.m.s.f.DefaultMavenResourcesFiltering - Copying 0 resource from src\test\resources to target\test-classes
2025-08-14 16:27:33,137 [Worker-26: Building] WARN  o.a.m.s.f.DefaultMavenResourcesFiltering - Using platform encoding (UTF-8 actually) to copy filtered resources, i.e. build is platform dependent!
2025-08-14 16:27:33,139 [Worker-26: Building] INFO  o.a.m.s.f.DefaultMavenResourcesFiltering - Copying 0 resource from src\main\resources to target\classes
2025-08-14 16:27:33,142 [Worker-26: Building] WARN  o.a.m.s.f.DefaultMavenResourcesFiltering - Using platform encoding (UTF-8 actually) to copy filtered resources, i.e. build is platform dependent!
2025-08-14 16:27:33,144 [Worker-26: Building] INFO  o.a.m.s.f.DefaultMavenResourcesFiltering - Copying 0 resource from src\test\resources to target\test-classes
2025-08-14 16:34:35,618 [Worker-31: Building] WARN  o.a.m.s.f.DefaultMavenResourcesFiltering - Using platform encoding (UTF-8 actually) to copy filtered resources, i.e. build is platform dependent!
2025-08-14 16:34:35,620 [Worker-31: Building] INFO  o.a.m.s.f.DefaultMavenResourcesFiltering - Copying 0 resource from src\main\resources to target\classes
2025-08-14 16:34:35,624 [Worker-31: Building] WARN  o.a.m.s.f.DefaultMavenResourcesFiltering - Using platform encoding (UTF-8 actually) to copy filtered resources, i.e. build is platform dependent!
2025-08-14 16:34:35,638 [Worker-31: Building] INFO  o.a.m.s.f.DefaultMavenResourcesFiltering - Copying 0 resource from src\test\resources to target\test-classes
2025-08-14 16:34:52,314 [Worker-31: Building] WARN  o.a.m.s.f.DefaultMavenResourcesFiltering - Using platform encoding (UTF-8 actually) to copy filtered resources, i.e. build is platform dependent!
2025-08-14 16:34:52,316 [Worker-31: Building] INFO  o.a.m.s.f.DefaultMavenResourcesFiltering - Copying 0 resource from src\main\resources to target\classes
2025-08-14 16:34:52,323 [Worker-31: Building] WARN  o.a.m.s.f.DefaultMavenResourcesFiltering - Using platform encoding (UTF-8 actually) to copy filtered resources, i.e. build is platform dependent!
2025-08-14 16:34:52,326 [Worker-31: Building] INFO  o.a.m.s.f.DefaultMavenResourcesFiltering - Copying 0 resource from src\test\resources to target\test-classes
2025-08-14 16:35:10,487 [Worker-24: Building] WARN  o.a.m.s.f.DefaultMavenResourcesFiltering - Using platform encoding (UTF-8 actually) to copy filtered resources, i.e. build is platform dependent!
2025-08-14 16:35:10,489 [Worker-24: Building] INFO  o.a.m.s.f.DefaultMavenResourcesFiltering - Copying 0 resource from src\main\resources to target\classes
2025-08-14 16:35:10,492 [Worker-24: Building] WARN  o.a.m.s.f.DefaultMavenResourcesFiltering - Using platform encoding (UTF-8 actually) to copy filtered resources, i.e. build is platform dependent!
2025-08-14 16:35:10,495 [Worker-24: Building] INFO  o.a.m.s.f.DefaultMavenResourcesFiltering - Copying 0 resource from src\test\resources to target\test-classes
2025-08-14 16:35:28,240 [Worker-30: Building] WARN  o.a.m.s.f.DefaultMavenResourcesFiltering - Using platform encoding (UTF-8 actually) to copy filtered resources, i.e. build is platform dependent!
2025-08-14 16:35:28,242 [Worker-30: Building] INFO  o.a.m.s.f.DefaultMavenResourcesFiltering - Copying 0 resource from src\main\resources to target\classes
2025-08-14 16:35:28,245 [Worker-30: Building] WARN  o.a.m.s.f.DefaultMavenResourcesFiltering - Using platform encoding (UTF-8 actually) to copy filtered resources, i.e. build is platform dependent!
2025-08-14 16:35:28,247 [Worker-30: Building] INFO  o.a.m.s.f.DefaultMavenResourcesFiltering - Copying 0 resource from src\test\resources to target\test-classes
2025-08-14 16:35:31,986 [Worker-30: Building] WARN  o.a.m.s.f.DefaultMavenResourcesFiltering - Using platform encoding (UTF-8 actually) to copy filtered resources, i.e. build is platform dependent!
2025-08-14 16:35:31,988 [Worker-30: Building] INFO  o.a.m.s.f.DefaultMavenResourcesFiltering - Copying 0 resource from src\main\resources to target\classes
2025-08-14 16:35:31,992 [Worker-30: Building] WARN  o.a.m.s.f.DefaultMavenResourcesFiltering - Using platform encoding (UTF-8 actually) to copy filtered resources, i.e. build is platform dependent!
2025-08-14 16:35:31,995 [Worker-30: Building] INFO  o.a.m.s.f.DefaultMavenResourcesFiltering - Copying 0 resource from src\test\resources to target\test-classes
2025-08-14 16:35:34,502 [Worker-24: Building] WARN  o.a.m.s.f.DefaultMavenResourcesFiltering - Using platform encoding (UTF-8 actually) to copy filtered resources, i.e. build is platform dependent!
2025-08-14 16:35:34,505 [Worker-24: Building] INFO  o.a.m.s.f.DefaultMavenResourcesFiltering - Copying 0 resource from src\main\resources to target\classes
2025-08-14 16:35:34,508 [Worker-24: Building] WARN  o.a.m.s.f.DefaultMavenResourcesFiltering - Using platform encoding (UTF-8 actually) to copy filtered resources, i.e. build is platform dependent!
2025-08-14 16:35:34,511 [Worker-24: Building] INFO  o.a.m.s.f.DefaultMavenResourcesFiltering - Copying 0 resource from src\test\resources to target\test-classes
2025-08-14 16:35:36,585 [Worker-31: Building] WARN  o.a.m.s.f.DefaultMavenResourcesFiltering - Using platform encoding (UTF-8 actually) to copy filtered resources, i.e. build is platform dependent!
2025-08-14 16:35:36,587 [Worker-31: Building] INFO  o.a.m.s.f.DefaultMavenResourcesFiltering - Copying 0 resource from src\main\resources to target\classes
2025-08-14 16:35:36,591 [Worker-31: Building] WARN  o.a.m.s.f.DefaultMavenResourcesFiltering - Using platform encoding (UTF-8 actually) to copy filtered resources, i.e. build is platform dependent!
2025-08-14 16:35:36,594 [Worker-31: Building] INFO  o.a.m.s.f.DefaultMavenResourcesFiltering - Copying 0 resource from src\test\resources to target\test-classes
2025-08-14 16:35:44,568 [Worker-34: Building] WARN  o.a.m.s.f.DefaultMavenResourcesFiltering - Using platform encoding (UTF-8 actually) to copy filtered resources, i.e. build is platform dependent!
2025-08-14 16:35:44,570 [Worker-34: Building] INFO  o.a.m.s.f.DefaultMavenResourcesFiltering - Copying 0 resource from src\main\resources to target\classes
2025-08-14 16:35:44,573 [Worker-34: Building] WARN  o.a.m.s.f.DefaultMavenResourcesFiltering - Using platform encoding (UTF-8 actually) to copy filtered resources, i.e. build is platform dependent!
2025-08-14 16:35:44,575 [Worker-34: Building] INFO  o.a.m.s.f.DefaultMavenResourcesFiltering - Copying 0 resource from src\test\resources to target\test-classes
2025-08-14 16:36:38,229 [Worker-34: Building] WARN  o.a.m.s.f.DefaultMavenResourcesFiltering - Using platform encoding (UTF-8 actually) to copy filtered resources, i.e. build is platform dependent!
2025-08-14 16:36:38,231 [Worker-34: Building] INFO  o.a.m.s.f.DefaultMavenResourcesFiltering - Copying 0 resource from src\main\resources to target\classes
2025-08-14 16:36:38,234 [Worker-34: Building] WARN  o.a.m.s.f.DefaultMavenResourcesFiltering - Using platform encoding (UTF-8 actually) to copy filtered resources, i.e. build is platform dependent!
2025-08-14 16:36:38,236 [Worker-34: Building] INFO  o.a.m.s.f.DefaultMavenResourcesFiltering - Copying 0 resource from src\test\resources to target\test-classes
2025-08-14 16:37:34,658 [Worker-30: Building] WARN  o.a.m.s.f.DefaultMavenResourcesFiltering - Using platform encoding (UTF-8 actually) to copy filtered resources, i.e. build is platform dependent!
2025-08-14 16:37:34,660 [Worker-30: Building] INFO  o.a.m.s.f.DefaultMavenResourcesFiltering - Copying 0 resource from src\main\resources to target\classes
2025-08-14 16:37:34,664 [Worker-30: Building] WARN  o.a.m.s.f.DefaultMavenResourcesFiltering - Using platform encoding (UTF-8 actually) to copy filtered resources, i.e. build is platform dependent!
2025-08-14 16:37:34,665 [Worker-30: Building] INFO  o.a.m.s.f.DefaultMavenResourcesFiltering - Copying 0 resource from src\test\resources to target\test-classes
2025-08-14 16:37:57,278 [Worker-34: Building] WARN  o.a.m.s.f.DefaultMavenResourcesFiltering - Using platform encoding (UTF-8 actually) to copy filtered resources, i.e. build is platform dependent!
2025-08-14 16:37:57,281 [Worker-34: Building] INFO  o.a.m.s.f.DefaultMavenResourcesFiltering - Copying 0 resource from src\main\resources to target\classes
2025-08-14 16:37:57,286 [Worker-34: Building] WARN  o.a.m.s.f.DefaultMavenResourcesFiltering - Using platform encoding (UTF-8 actually) to copy filtered resources, i.e. build is platform dependent!
2025-08-14 16:37:57,288 [Worker-34: Building] INFO  o.a.m.s.f.DefaultMavenResourcesFiltering - Copying 0 resource from src\test\resources to target\test-classes
2025-08-14 16:38:48,647 [Worker-30: Building] WARN  o.a.m.s.f.DefaultMavenResourcesFiltering - Using platform encoding (UTF-8 actually) to copy filtered resources, i.e. build is platform dependent!
2025-08-14 16:38:48,649 [Worker-30: Building] INFO  o.a.m.s.f.DefaultMavenResourcesFiltering - Copying 0 resource from src\main\resources to target\classes
2025-08-14 16:38:48,652 [Worker-30: Building] WARN  o.a.m.s.f.DefaultMavenResourcesFiltering - Using platform encoding (UTF-8 actually) to copy filtered resources, i.e. build is platform dependent!
2025-08-14 16:38:48,654 [Worker-30: Building] INFO  o.a.m.s.f.DefaultMavenResourcesFiltering - Copying 0 resource from src\test\resources to target\test-classes
2025-08-14 16:39:37,787 [Worker-32: Building] WARN  o.a.m.s.f.DefaultMavenResourcesFiltering - Using platform encoding (UTF-8 actually) to copy filtered resources, i.e. build is platform dependent!
2025-08-14 16:39:37,789 [Worker-32: Building] INFO  o.a.m.s.f.DefaultMavenResourcesFiltering - Copying 0 resource from src\main\resources to target\classes
2025-08-14 16:39:37,795 [Worker-32: Building] WARN  o.a.m.s.f.DefaultMavenResourcesFiltering - Using platform encoding (UTF-8 actually) to copy filtered resources, i.e. build is platform dependent!
2025-08-14 16:39:37,797 [Worker-32: Building] INFO  o.a.m.s.f.DefaultMavenResourcesFiltering - Copying 0 resource from src\test\resources to target\test-classes
2025-08-14 16:39:40,338 [Worker-34: Building] WARN  o.a.m.s.f.DefaultMavenResourcesFiltering - Using platform encoding (UTF-8 actually) to copy filtered resources, i.e. build is platform dependent!
2025-08-14 16:39:40,339 [Worker-34: Building] INFO  o.a.m.s.f.DefaultMavenResourcesFiltering - Copying 0 resource from src\main\resources to target\classes
2025-08-14 16:39:40,343 [Worker-34: Building] WARN  o.a.m.s.f.DefaultMavenResourcesFiltering - Using platform encoding (UTF-8 actually) to copy filtered resources, i.e. build is platform dependent!
2025-08-14 16:39:40,344 [Worker-34: Building] INFO  o.a.m.s.f.DefaultMavenResourcesFiltering - Copying 0 resource from src\test\resources to target\test-classes
2025-08-14 16:40:15,432 [Worker-32: Building] WARN  o.a.m.s.f.DefaultMavenResourcesFiltering - Using platform encoding (UTF-8 actually) to copy filtered resources, i.e. build is platform dependent!
2025-08-14 16:40:15,434 [Worker-32: Building] INFO  o.a.m.s.f.DefaultMavenResourcesFiltering - Copying 0 resource from src\main\resources to target\classes
2025-08-14 16:40:15,445 [Worker-32: Building] WARN  o.a.m.s.f.DefaultMavenResourcesFiltering - Using platform encoding (UTF-8 actually) to copy filtered resources, i.e. build is platform dependent!
2025-08-14 16:40:15,447 [Worker-32: Building] INFO  o.a.m.s.f.DefaultMavenResourcesFiltering - Copying 0 resource from src\test\resources to target\test-classes
2025-08-14 16:40:17,566 [Worker-30: Building] WARN  o.a.m.s.f.DefaultMavenResourcesFiltering - Using platform encoding (UTF-8 actually) to copy filtered resources, i.e. build is platform dependent!
2025-08-14 16:40:17,568 [Worker-30: Building] INFO  o.a.m.s.f.DefaultMavenResourcesFiltering - Copying 0 resource from src\main\resources to target\classes
2025-08-14 16:40:17,573 [Worker-30: Building] WARN  o.a.m.s.f.DefaultMavenResourcesFiltering - Using platform encoding (UTF-8 actually) to copy filtered resources, i.e. build is platform dependent!
2025-08-14 16:40:17,574 [Worker-30: Building] INFO  o.a.m.s.f.DefaultMavenResourcesFiltering - Copying 0 resource from src\test\resources to target\test-classes
2025-08-14 16:40:32,878 [Worker-32: Building] WARN  o.a.m.s.f.DefaultMavenResourcesFiltering - Using platform encoding (UTF-8 actually) to copy filtered resources, i.e. build is platform dependent!
2025-08-14 16:40:32,881 [Worker-32: Building] INFO  o.a.m.s.f.DefaultMavenResourcesFiltering - Copying 0 resource from src\main\resources to target\classes
2025-08-14 16:40:32,885 [Worker-32: Building] WARN  o.a.m.s.f.DefaultMavenResourcesFiltering - Using platform encoding (UTF-8 actually) to copy filtered resources, i.e. build is platform dependent!
2025-08-14 16:40:32,887 [Worker-32: Building] INFO  o.a.m.s.f.DefaultMavenResourcesFiltering - Copying 0 resource from src\test\resources to target\test-classes
2025-08-14 16:40:52,659 [Worker-31: Building] WARN  o.a.m.s.f.DefaultMavenResourcesFiltering - Using platform encoding (UTF-8 actually) to copy filtered resources, i.e. build is platform dependent!
2025-08-14 16:40:52,661 [Worker-31: Building] INFO  o.a.m.s.f.DefaultMavenResourcesFiltering - Copying 0 resource from src\main\resources to target\classes
2025-08-14 16:40:52,665 [Worker-31: Building] WARN  o.a.m.s.f.DefaultMavenResourcesFiltering - Using platform encoding (UTF-8 actually) to copy filtered resources, i.e. build is platform dependent!
2025-08-14 16:40:52,666 [Worker-31: Building] INFO  o.a.m.s.f.DefaultMavenResourcesFiltering - Copying 0 resource from src\test\resources to target\test-classes
2025-08-14 16:41:28,539 [Worker-24: Building] WARN  o.a.m.s.f.DefaultMavenResourcesFiltering - Using platform encoding (UTF-8 actually) to copy filtered resources, i.e. build is platform dependent!
2025-08-14 16:41:28,541 [Worker-24: Building] INFO  o.a.m.s.f.DefaultMavenResourcesFiltering - Copying 0 resource from src\main\resources to target\classes
2025-08-14 16:41:28,553 [Worker-24: Building] WARN  o.a.m.s.f.DefaultMavenResourcesFiltering - Using platform encoding (UTF-8 actually) to copy filtered resources, i.e. build is platform dependent!
2025-08-14 16:41:28,556 [Worker-24: Building] INFO  o.a.m.s.f.DefaultMavenResourcesFiltering - Copying 0 resource from src\test\resources to target\test-classes
2025-08-14 16:43:37,662 [Worker-30: Building] WARN  o.a.m.s.f.DefaultMavenResourcesFiltering - Using platform encoding (UTF-8 actually) to copy filtered resources, i.e. build is platform dependent!
2025-08-14 16:43:37,665 [Worker-30: Building] INFO  o.a.m.s.f.DefaultMavenResourcesFiltering - Copying 0 resource from src\main\resources to target\classes
2025-08-14 16:43:37,669 [Worker-30: Building] WARN  o.a.m.s.f.DefaultMavenResourcesFiltering - Using platform encoding (UTF-8 actually) to copy filtered resources, i.e. build is platform dependent!
2025-08-14 16:43:37,672 [Worker-30: Building] INFO  o.a.m.s.f.DefaultMavenResourcesFiltering - Copying 0 resource from src\test\resources to target\test-classes
2025-08-14 16:43:44,043 [Worker-33: Building] WARN  o.a.m.s.f.DefaultMavenResourcesFiltering - Using platform encoding (UTF-8 actually) to copy filtered resources, i.e. build is platform dependent!
2025-08-14 16:43:44,045 [Worker-33: Building] INFO  o.a.m.s.f.DefaultMavenResourcesFiltering - Copying 0 resource from src\main\resources to target\classes
2025-08-14 16:43:44,048 [Worker-33: Building] WARN  o.a.m.s.f.DefaultMavenResourcesFiltering - Using platform encoding (UTF-8 actually) to copy filtered resources, i.e. build is platform dependent!
2025-08-14 16:43:44,050 [Worker-33: Building] INFO  o.a.m.s.f.DefaultMavenResourcesFiltering - Copying 0 resource from src\test\resources to target\test-classes
2025-08-14 16:53:26,025 [Worker-30: Building] WARN  o.a.m.s.f.DefaultMavenResourcesFiltering - Using platform encoding (UTF-8 actually) to copy filtered resources, i.e. build is platform dependent!
2025-08-14 16:53:26,028 [Worker-30: Building] INFO  o.a.m.s.f.DefaultMavenResourcesFiltering - Copying 0 resource from src\main\resources to target\classes
2025-08-14 16:53:26,031 [Worker-30: Building] WARN  o.a.m.s.f.DefaultMavenResourcesFiltering - Using platform encoding (UTF-8 actually) to copy filtered resources, i.e. build is platform dependent!
2025-08-14 16:53:26,032 [Worker-30: Building] INFO  o.a.m.s.f.DefaultMavenResourcesFiltering - Copying 0 resource from src\test\resources to target\test-classes
2025-08-14 16:53:38,616 [Worker-31: Building] WARN  o.a.m.s.f.DefaultMavenResourcesFiltering - Using platform encoding (UTF-8 actually) to copy filtered resources, i.e. build is platform dependent!
2025-08-14 16:53:38,619 [Worker-31: Building] INFO  o.a.m.s.f.DefaultMavenResourcesFiltering - Copying 0 resource from src\main\resources to target\classes
2025-08-14 16:53:38,622 [Worker-31: Building] WARN  o.a.m.s.f.DefaultMavenResourcesFiltering - Using platform encoding (UTF-8 actually) to copy filtered resources, i.e. build is platform dependent!
2025-08-14 16:53:38,624 [Worker-31: Building] INFO  o.a.m.s.f.DefaultMavenResourcesFiltering - Copying 0 resource from src\test\resources to target\test-classes
2025-08-14 16:54:09,064 [Worker-31: Building] WARN  o.a.m.s.f.DefaultMavenResourcesFiltering - Using platform encoding (UTF-8 actually) to copy filtered resources, i.e. build is platform dependent!
2025-08-14 16:54:09,067 [Worker-31: Building] INFO  o.a.m.s.f.DefaultMavenResourcesFiltering - Copying 0 resource from src\main\resources to target\classes
2025-08-14 16:54:09,070 [Worker-31: Building] WARN  o.a.m.s.f.DefaultMavenResourcesFiltering - Using platform encoding (UTF-8 actually) to copy filtered resources, i.e. build is platform dependent!
2025-08-14 16:54:09,072 [Worker-31: Building] INFO  o.a.m.s.f.DefaultMavenResourcesFiltering - Copying 0 resource from src\test\resources to target\test-classes
2025-08-14 16:56:10,022 [Worker-30: Building] WARN  o.a.m.s.f.DefaultMavenResourcesFiltering - Using platform encoding (UTF-8 actually) to copy filtered resources, i.e. build is platform dependent!
2025-08-14 16:56:10,024 [Worker-30: Building] INFO  o.a.m.s.f.DefaultMavenResourcesFiltering - Copying 0 resource from src\main\resources to target\classes
2025-08-14 16:56:10,027 [Worker-30: Building] WARN  o.a.m.s.f.DefaultMavenResourcesFiltering - Using platform encoding (UTF-8 actually) to copy filtered resources, i.e. build is platform dependent!
2025-08-14 16:56:10,031 [Worker-30: Building] INFO  o.a.m.s.f.DefaultMavenResourcesFiltering - Copying 0 resource from src\test\resources to target\test-classes
2025-08-14 17:13:52,170 [Worker-24: Building] WARN  o.a.m.s.f.DefaultMavenResourcesFiltering - Using platform encoding (UTF-8 actually) to copy filtered resources, i.e. build is platform dependent!
2025-08-14 17:13:52,173 [Worker-24: Building] INFO  o.a.m.s.f.DefaultMavenResourcesFiltering - Copying 0 resource from src\main\resources to target\classes
2025-08-14 17:13:52,175 [Worker-24: Building] WARN  o.a.m.s.f.DefaultMavenResourcesFiltering - Using platform encoding (UTF-8 actually) to copy filtered resources, i.e. build is platform dependent!
2025-08-14 17:13:52,179 [Worker-24: Building] INFO  o.a.m.s.f.DefaultMavenResourcesFiltering - Copying 0 resource from src\test\resources to target\test-classes
2025-08-14 17:14:25,044 [Worker-24: Building] WARN  o.a.m.s.f.DefaultMavenResourcesFiltering - Using platform encoding (UTF-8 actually) to copy filtered resources, i.e. build is platform dependent!
2025-08-14 17:14:25,046 [Worker-24: Building] INFO  o.a.m.s.f.DefaultMavenResourcesFiltering - Copying 0 resource from src\main\resources to target\classes
2025-08-14 17:14:25,048 [Worker-24: Building] WARN  o.a.m.s.f.DefaultMavenResourcesFiltering - Using platform encoding (UTF-8 actually) to copy filtered resources, i.e. build is platform dependent!
2025-08-14 17:14:25,050 [Worker-24: Building] INFO  o.a.m.s.f.DefaultMavenResourcesFiltering - Copying 0 resource from src\test\resources to target\test-classes
2025-08-14 17:14:39,407 [Worker-35: Building] WARN  o.a.m.s.f.DefaultMavenResourcesFiltering - Using platform encoding (UTF-8 actually) to copy filtered resources, i.e. build is platform dependent!
2025-08-14 17:14:39,408 [Worker-35: Building] INFO  o.a.m.s.f.DefaultMavenResourcesFiltering - Copying 0 resource from src\main\resources to target\classes
2025-08-14 17:14:39,410 [Worker-35: Building] WARN  o.a.m.s.f.DefaultMavenResourcesFiltering - Using platform encoding (UTF-8 actually) to copy filtered resources, i.e. build is platform dependent!
2025-08-14 17:14:39,410 [Worker-35: Building] INFO  o.a.m.s.f.DefaultMavenResourcesFiltering - Copying 0 resource from src\test\resources to target\test-classes
2025-08-14 17:14:41,512 [Worker-31: Building] WARN  o.a.m.s.f.DefaultMavenResourcesFiltering - Using platform encoding (UTF-8 actually) to copy filtered resources, i.e. build is platform dependent!
2025-08-14 17:14:41,513 [Worker-31: Building] INFO  o.a.m.s.f.DefaultMavenResourcesFiltering - Copying 0 resource from src\main\resources to target\classes
2025-08-14 17:14:41,515 [Worker-31: Building] WARN  o.a.m.s.f.DefaultMavenResourcesFiltering - Using platform encoding (UTF-8 actually) to copy filtered resources, i.e. build is platform dependent!
2025-08-14 17:14:41,516 [Worker-31: Building] INFO  o.a.m.s.f.DefaultMavenResourcesFiltering - Copying 0 resource from src\test\resources to target\test-classes
2025-08-14 17:14:56,167 [Worker-32: Building] WARN  o.a.m.s.f.DefaultMavenResourcesFiltering - Using platform encoding (UTF-8 actually) to copy filtered resources, i.e. build is platform dependent!
2025-08-14 17:14:56,169 [Worker-32: Building] INFO  o.a.m.s.f.DefaultMavenResourcesFiltering - Copying 0 resource from src\main\resources to target\classes
2025-08-14 17:14:56,170 [Worker-32: Building] WARN  o.a.m.s.f.DefaultMavenResourcesFiltering - Using platform encoding (UTF-8 actually) to copy filtered resources, i.e. build is platform dependent!
2025-08-14 17:14:56,171 [Worker-32: Building] INFO  o.a.m.s.f.DefaultMavenResourcesFiltering - Copying 0 resource from src\test\resources to target\test-classes
2025-08-14 17:17:44,657 [Worker-35: Building] WARN  o.a.m.s.f.DefaultMavenResourcesFiltering - Using platform encoding (UTF-8 actually) to copy filtered resources, i.e. build is platform dependent!
2025-08-14 17:17:44,658 [Worker-35: Building] INFO  o.a.m.s.f.DefaultMavenResourcesFiltering - Copying 0 resource from src\main\resources to target\classes
2025-08-14 17:17:44,660 [Worker-35: Building] WARN  o.a.m.s.f.DefaultMavenResourcesFiltering - Using platform encoding (UTF-8 actually) to copy filtered resources, i.e. build is platform dependent!
2025-08-14 17:17:44,660 [Worker-35: Building] INFO  o.a.m.s.f.DefaultMavenResourcesFiltering - Copying 0 resource from src\test\resources to target\test-classes
2025-08-14 17:17:45,691 [Worker-24: Building] WARN  o.a.m.s.f.DefaultMavenResourcesFiltering - Using platform encoding (UTF-8 actually) to copy filtered resources, i.e. build is platform dependent!
2025-08-14 17:17:45,692 [Worker-24: Building] INFO  o.a.m.s.f.DefaultMavenResourcesFiltering - Copying 0 resource from src\main\resources to target\classes
2025-08-14 17:17:45,695 [Worker-24: Building] WARN  o.a.m.s.f.DefaultMavenResourcesFiltering - Using platform encoding (UTF-8 actually) to copy filtered resources, i.e. build is platform dependent!
2025-08-14 17:17:45,697 [Worker-24: Building] INFO  o.a.m.s.f.DefaultMavenResourcesFiltering - Copying 0 resource from src\test\resources to target\test-classes
2025-08-14 17:17:48,740 [Worker-32: Building] WARN  o.a.m.s.f.DefaultMavenResourcesFiltering - Using platform encoding (UTF-8 actually) to copy filtered resources, i.e. build is platform dependent!
2025-08-14 17:17:48,741 [Worker-32: Building] INFO  o.a.m.s.f.DefaultMavenResourcesFiltering - Copying 0 resource from src\main\resources to target\classes
2025-08-14 17:17:48,743 [Worker-32: Building] WARN  o.a.m.s.f.DefaultMavenResourcesFiltering - Using platform encoding (UTF-8 actually) to copy filtered resources, i.e. build is platform dependent!
2025-08-14 17:17:48,744 [Worker-32: Building] INFO  o.a.m.s.f.DefaultMavenResourcesFiltering - Copying 0 resource from src\test\resources to target\test-classes
2025-08-14 17:18:13,595 [Worker-31: Building] WARN  o.a.m.s.f.DefaultMavenResourcesFiltering - Using platform encoding (UTF-8 actually) to copy filtered resources, i.e. build is platform dependent!
2025-08-14 17:18:13,596 [Worker-31: Building] INFO  o.a.m.s.f.DefaultMavenResourcesFiltering - Copying 0 resource from src\main\resources to target\classes
2025-08-14 17:18:13,598 [Worker-31: Building] WARN  o.a.m.s.f.DefaultMavenResourcesFiltering - Using platform encoding (UTF-8 actually) to copy filtered resources, i.e. build is platform dependent!
2025-08-14 17:18:13,599 [Worker-31: Building] INFO  o.a.m.s.f.DefaultMavenResourcesFiltering - Copying 0 resource from src\test\resources to target\test-classes
2025-08-14 17:18:39,320 [Worker-36: Building] WARN  o.a.m.s.f.DefaultMavenResourcesFiltering - Using platform encoding (UTF-8 actually) to copy filtered resources, i.e. build is platform dependent!
2025-08-14 17:18:39,321 [Worker-36: Building] INFO  o.a.m.s.f.DefaultMavenResourcesFiltering - Copying 0 resource from src\main\resources to target\classes
2025-08-14 17:18:39,323 [Worker-36: Building] WARN  o.a.m.s.f.DefaultMavenResourcesFiltering - Using platform encoding (UTF-8 actually) to copy filtered resources, i.e. build is platform dependent!
2025-08-14 17:18:39,324 [Worker-36: Building] INFO  o.a.m.s.f.DefaultMavenResourcesFiltering - Copying 0 resource from src\test\resources to target\test-classes
2025-08-14 17:18:44,030 [Worker-33: Building] WARN  o.a.m.s.f.DefaultMavenResourcesFiltering - Using platform encoding (UTF-8 actually) to copy filtered resources, i.e. build is platform dependent!
2025-08-14 17:18:44,031 [Worker-33: Building] INFO  o.a.m.s.f.DefaultMavenResourcesFiltering - Copying 0 resource from src\main\resources to target\classes
2025-08-14 17:18:44,031 [Worker-33: Building] WARN  o.a.m.s.f.DefaultMavenResourcesFiltering - Using platform encoding (UTF-8 actually) to copy filtered resources, i.e. build is platform dependent!
2025-08-14 17:18:44,033 [Worker-33: Building] INFO  o.a.m.s.f.DefaultMavenResourcesFiltering - Copying 0 resource from src\test\resources to target\test-classes
2025-08-14 17:20:03,888 [Worker-33: Building] WARN  o.a.m.s.f.DefaultMavenResourcesFiltering - Using platform encoding (UTF-8 actually) to copy filtered resources, i.e. build is platform dependent!
2025-08-14 17:20:03,890 [Worker-33: Building] INFO  o.a.m.s.f.DefaultMavenResourcesFiltering - Copying 0 resource from src\main\resources to target\classes
2025-08-14 17:20:03,897 [Worker-33: Building] WARN  o.a.m.s.f.DefaultMavenResourcesFiltering - Using platform encoding (UTF-8 actually) to copy filtered resources, i.e. build is platform dependent!
2025-08-14 17:20:03,899 [Worker-33: Building] INFO  o.a.m.s.f.DefaultMavenResourcesFiltering - Copying 0 resource from src\test\resources to target\test-classes
2025-08-14 17:20:32,020 [Worker-35: Building] WARN  o.a.m.s.f.DefaultMavenResourcesFiltering - Using platform encoding (UTF-8 actually) to copy filtered resources, i.e. build is platform dependent!
2025-08-14 17:20:32,022 [Worker-35: Building] INFO  o.a.m.s.f.DefaultMavenResourcesFiltering - Copying 0 resource from src\main\resources to target\classes
2025-08-14 17:20:32,024 [Worker-35: Building] WARN  o.a.m.s.f.DefaultMavenResourcesFiltering - Using platform encoding (UTF-8 actually) to copy filtered resources, i.e. build is platform dependent!
2025-08-14 17:20:32,025 [Worker-35: Building] INFO  o.a.m.s.f.DefaultMavenResourcesFiltering - Copying 0 resource from src\test\resources to target\test-classes
2025-08-14 17:21:11,286 [Worker-35: Building] WARN  o.a.m.s.f.DefaultMavenResourcesFiltering - Using platform encoding (UTF-8 actually) to copy filtered resources, i.e. build is platform dependent!
2025-08-14 17:21:11,287 [Worker-35: Building] INFO  o.a.m.s.f.DefaultMavenResourcesFiltering - Copying 0 resource from src\main\resources to target\classes
2025-08-14 17:21:11,288 [Worker-35: Building] WARN  o.a.m.s.f.DefaultMavenResourcesFiltering - Using platform encoding (UTF-8 actually) to copy filtered resources, i.e. build is platform dependent!
2025-08-14 17:21:11,290 [Worker-35: Building] INFO  o.a.m.s.f.DefaultMavenResourcesFiltering - Copying 0 resource from src\test\resources to target\test-classes
2025-08-14 17:21:23,823 [Worker-35: Building] WARN  o.a.m.s.f.DefaultMavenResourcesFiltering - Using platform encoding (UTF-8 actually) to copy filtered resources, i.e. build is platform dependent!
2025-08-14 17:21:23,824 [Worker-35: Building] INFO  o.a.m.s.f.DefaultMavenResourcesFiltering - Copying 0 resource from src\main\resources to target\classes
2025-08-14 17:21:23,826 [Worker-35: Building] WARN  o.a.m.s.f.DefaultMavenResourcesFiltering - Using platform encoding (UTF-8 actually) to copy filtered resources, i.e. build is platform dependent!
2025-08-14 17:21:23,826 [Worker-35: Building] INFO  o.a.m.s.f.DefaultMavenResourcesFiltering - Copying 0 resource from src\test\resources to target\test-classes
2025-08-14 17:22:42,993 [Worker-36: Building] WARN  o.a.m.s.f.DefaultMavenResourcesFiltering - Using platform encoding (UTF-8 actually) to copy filtered resources, i.e. build is platform dependent!
2025-08-14 17:22:42,995 [Worker-36: Building] INFO  o.a.m.s.f.DefaultMavenResourcesFiltering - Copying 0 resource from src\main\resources to target\classes
2025-08-14 17:22:42,996 [Worker-36: Building] WARN  o.a.m.s.f.DefaultMavenResourcesFiltering - Using platform encoding (UTF-8 actually) to copy filtered resources, i.e. build is platform dependent!
2025-08-14 17:22:42,997 [Worker-36: Building] INFO  o.a.m.s.f.DefaultMavenResourcesFiltering - Copying 0 resource from src\test\resources to target\test-classes
2025-08-14 17:24:22,015 [Worker-35: Building] WARN  o.a.m.s.f.DefaultMavenResourcesFiltering - Using platform encoding (UTF-8 actually) to copy filtered resources, i.e. build is platform dependent!
2025-08-14 17:24:22,016 [Worker-35: Building] INFO  o.a.m.s.f.DefaultMavenResourcesFiltering - Copying 0 resource from src\main\resources to target\classes
2025-08-14 17:24:22,018 [Worker-35: Building] WARN  o.a.m.s.f.DefaultMavenResourcesFiltering - Using platform encoding (UTF-8 actually) to copy filtered resources, i.e. build is platform dependent!
2025-08-14 17:24:22,020 [Worker-35: Building] INFO  o.a.m.s.f.DefaultMavenResourcesFiltering - Copying 0 resource from src\test\resources to target\test-classes
2025-08-14 17:25:26,712 [Worker-31: Building] WARN  o.a.m.s.f.DefaultMavenResourcesFiltering - Using platform encoding (UTF-8 actually) to copy filtered resources, i.e. build is platform dependent!
2025-08-14 17:25:26,714 [Worker-31: Building] INFO  o.a.m.s.f.DefaultMavenResourcesFiltering - Copying 0 resource from src\main\resources to target\classes
2025-08-14 17:25:26,716 [Worker-31: Building] WARN  o.a.m.s.f.DefaultMavenResourcesFiltering - Using platform encoding (UTF-8 actually) to copy filtered resources, i.e. build is platform dependent!
2025-08-14 17:25:26,717 [Worker-31: Building] INFO  o.a.m.s.f.DefaultMavenResourcesFiltering - Copying 0 resource from src\test\resources to target\test-classes
2025-08-14 17:26:08,776 [Worker-36: Building] WARN  o.a.m.s.f.DefaultMavenResourcesFiltering - Using platform encoding (UTF-8 actually) to copy filtered resources, i.e. build is platform dependent!
2025-08-14 17:26:08,777 [Worker-36: Building] INFO  o.a.m.s.f.DefaultMavenResourcesFiltering - Copying 0 resource from src\main\resources to target\classes
2025-08-14 17:26:08,779 [Worker-36: Building] WARN  o.a.m.s.f.DefaultMavenResourcesFiltering - Using platform encoding (UTF-8 actually) to copy filtered resources, i.e. build is platform dependent!
2025-08-14 17:26:08,779 [Worker-36: Building] INFO  o.a.m.s.f.DefaultMavenResourcesFiltering - Copying 0 resource from src\test\resources to target\test-classes
2025-08-14 17:26:09,910 [Worker-36: Building] WARN  o.a.m.s.f.DefaultMavenResourcesFiltering - Using platform encoding (UTF-8 actually) to copy filtered resources, i.e. build is platform dependent!
2025-08-14 17:26:09,911 [Worker-36: Building] INFO  o.a.m.s.f.DefaultMavenResourcesFiltering - Copying 0 resource from src\main\resources to target\classes
2025-08-14 17:26:09,913 [Worker-36: Building] WARN  o.a.m.s.f.DefaultMavenResourcesFiltering - Using platform encoding (UTF-8 actually) to copy filtered resources, i.e. build is platform dependent!
2025-08-14 17:26:09,914 [Worker-36: Building] INFO  o.a.m.s.f.DefaultMavenResourcesFiltering - Copying 0 resource from src\test\resources to target\test-classes
2025-08-14 17:28:45,465 [Worker-32: Building] WARN  o.a.m.s.f.DefaultMavenResourcesFiltering - Using platform encoding (UTF-8 actually) to copy filtered resources, i.e. build is platform dependent!
2025-08-14 17:28:45,467 [Worker-32: Building] INFO  o.a.m.s.f.DefaultMavenResourcesFiltering - Copying 0 resource from src\main\resources to target\classes
2025-08-14 17:28:45,470 [Worker-32: Building] WARN  o.a.m.s.f.DefaultMavenResourcesFiltering - Using platform encoding (UTF-8 actually) to copy filtered resources, i.e. build is platform dependent!
2025-08-14 17:28:45,471 [Worker-32: Building] INFO  o.a.m.s.f.DefaultMavenResourcesFiltering - Copying 0 resource from src\test\resources to target\test-classes
2025-08-14 17:28:49,901 [Worker-32: Building] WARN  o.a.m.s.f.DefaultMavenResourcesFiltering - Using platform encoding (UTF-8 actually) to copy filtered resources, i.e. build is platform dependent!
2025-08-14 17:28:49,902 [Worker-32: Building] INFO  o.a.m.s.f.DefaultMavenResourcesFiltering - Copying 0 resource from src\main\resources to target\classes
2025-08-14 17:28:49,904 [Worker-32: Building] WARN  o.a.m.s.f.DefaultMavenResourcesFiltering - Using platform encoding (UTF-8 actually) to copy filtered resources, i.e. build is platform dependent!
2025-08-14 17:28:49,905 [Worker-32: Building] INFO  o.a.m.s.f.DefaultMavenResourcesFiltering - Copying 0 resource from src\test\resources to target\test-classes
2025-08-14 17:29:18,330 [Worker-36: Building] WARN  o.a.m.s.f.DefaultMavenResourcesFiltering - Using platform encoding (UTF-8 actually) to copy filtered resources, i.e. build is platform dependent!
2025-08-14 17:29:18,331 [Worker-36: Building] INFO  o.a.m.s.f.DefaultMavenResourcesFiltering - Copying 0 resource from src\main\resources to target\classes
2025-08-14 17:29:18,332 [Worker-36: Building] WARN  o.a.m.s.f.DefaultMavenResourcesFiltering - Using platform encoding (UTF-8 actually) to copy filtered resources, i.e. build is platform dependent!
2025-08-14 17:29:18,333 [Worker-36: Building] INFO  o.a.m.s.f.DefaultMavenResourcesFiltering - Copying 0 resource from src\test\resources to target\test-classes
2025-08-14 17:29:45,417 [Worker-35: Building] WARN  o.a.m.s.f.DefaultMavenResourcesFiltering - Using platform encoding (UTF-8 actually) to copy filtered resources, i.e. build is platform dependent!
2025-08-14 17:29:45,418 [Worker-35: Building] INFO  o.a.m.s.f.DefaultMavenResourcesFiltering - Copying 0 resource from src\main\resources to target\classes
2025-08-14 17:29:45,420 [Worker-35: Building] WARN  o.a.m.s.f.DefaultMavenResourcesFiltering - Using platform encoding (UTF-8 actually) to copy filtered resources, i.e. build is platform dependent!
2025-08-14 17:29:45,421 [Worker-35: Building] INFO  o.a.m.s.f.DefaultMavenResourcesFiltering - Copying 0 resource from src\test\resources to target\test-classes
2025-08-14 17:30:02,683 [Worker-24: Building] WARN  o.a.m.s.f.DefaultMavenResourcesFiltering - Using platform encoding (UTF-8 actually) to copy filtered resources, i.e. build is platform dependent!
2025-08-14 17:30:02,684 [Worker-24: Building] INFO  o.a.m.s.f.DefaultMavenResourcesFiltering - Copying 0 resource from src\main\resources to target\classes
2025-08-14 17:30:02,685 [Worker-24: Building] WARN  o.a.m.s.f.DefaultMavenResourcesFiltering - Using platform encoding (UTF-8 actually) to copy filtered resources, i.e. build is platform dependent!
2025-08-14 17:30:02,686 [Worker-24: Building] INFO  o.a.m.s.f.DefaultMavenResourcesFiltering - Copying 0 resource from src\test\resources to target\test-classes
2025-08-14 17:30:27,826 [Worker-32: Building] WARN  o.a.m.s.f.DefaultMavenResourcesFiltering - Using platform encoding (UTF-8 actually) to copy filtered resources, i.e. build is platform dependent!
2025-08-14 17:30:27,827 [Worker-32: Building] INFO  o.a.m.s.f.DefaultMavenResourcesFiltering - Copying 0 resource from src\main\resources to target\classes
2025-08-14 17:30:27,829 [Worker-32: Building] WARN  o.a.m.s.f.DefaultMavenResourcesFiltering - Using platform encoding (UTF-8 actually) to copy filtered resources, i.e. build is platform dependent!
2025-08-14 17:30:27,830 [Worker-32: Building] INFO  o.a.m.s.f.DefaultMavenResourcesFiltering - Copying 0 resource from src\test\resources to target\test-classes
2025-08-14 17:30:53,111 [Worker-31: Building] WARN  o.a.m.s.f.DefaultMavenResourcesFiltering - Using platform encoding (UTF-8 actually) to copy filtered resources, i.e. build is platform dependent!
2025-08-14 17:30:53,112 [Worker-31: Building] INFO  o.a.m.s.f.DefaultMavenResourcesFiltering - Copying 0 resource from src\main\resources to target\classes
2025-08-14 17:30:53,113 [Worker-31: Building] WARN  o.a.m.s.f.DefaultMavenResourcesFiltering - Using platform encoding (UTF-8 actually) to copy filtered resources, i.e. build is platform dependent!
2025-08-14 17:30:53,114 [Worker-31: Building] INFO  o.a.m.s.f.DefaultMavenResourcesFiltering - Copying 0 resource from src\test\resources to target\test-classes
2025-08-14 17:31:43,605 [Worker-33: Building] WARN  o.a.m.s.f.DefaultMavenResourcesFiltering - Using platform encoding (UTF-8 actually) to copy filtered resources, i.e. build is platform dependent!
2025-08-14 17:31:43,606 [Worker-33: Building] INFO  o.a.m.s.f.DefaultMavenResourcesFiltering - Copying 0 resource from src\main\resources to target\classes
2025-08-14 17:31:43,608 [Worker-33: Building] WARN  o.a.m.s.f.DefaultMavenResourcesFiltering - Using platform encoding (UTF-8 actually) to copy filtered resources, i.e. build is platform dependent!
2025-08-14 17:31:43,609 [Worker-33: Building] INFO  o.a.m.s.f.DefaultMavenResourcesFiltering - Copying 0 resource from src\test\resources to target\test-classes
2025-08-14 17:33:29,469 [Worker-36: Building] WARN  o.a.m.s.f.DefaultMavenResourcesFiltering - Using platform encoding (UTF-8 actually) to copy filtered resources, i.e. build is platform dependent!
2025-08-14 17:33:29,471 [Worker-36: Building] INFO  o.a.m.s.f.DefaultMavenResourcesFiltering - Copying 0 resource from src\main\resources to target\classes
2025-08-14 17:33:29,473 [Worker-36: Building] WARN  o.a.m.s.f.DefaultMavenResourcesFiltering - Using platform encoding (UTF-8 actually) to copy filtered resources, i.e. build is platform dependent!
2025-08-14 17:33:29,474 [Worker-36: Building] INFO  o.a.m.s.f.DefaultMavenResourcesFiltering - Copying 0 resource from src\test\resources to target\test-classes
2025-08-14 17:33:36,236 [Worker-33: Building] WARN  o.a.m.s.f.DefaultMavenResourcesFiltering - Using platform encoding (UTF-8 actually) to copy filtered resources, i.e. build is platform dependent!
2025-08-14 17:33:36,238 [Worker-33: Building] INFO  o.a.m.s.f.DefaultMavenResourcesFiltering - Copying 0 resource from src\main\resources to target\classes
2025-08-14 17:33:36,239 [Worker-33: Building] WARN  o.a.m.s.f.DefaultMavenResourcesFiltering - Using platform encoding (UTF-8 actually) to copy filtered resources, i.e. build is platform dependent!
2025-08-14 17:33:36,240 [Worker-33: Building] INFO  o.a.m.s.f.DefaultMavenResourcesFiltering - Copying 0 resource from src\test\resources to target\test-classes
2025-08-14 17:33:56,569 [Worker-32: Building] WARN  o.a.m.s.f.DefaultMavenResourcesFiltering - Using platform encoding (UTF-8 actually) to copy filtered resources, i.e. build is platform dependent!
2025-08-14 17:33:56,570 [Worker-32: Building] INFO  o.a.m.s.f.DefaultMavenResourcesFiltering - Copying 0 resource from src\main\resources to target\classes
2025-08-14 17:33:56,573 [Worker-32: Building] WARN  o.a.m.s.f.DefaultMavenResourcesFiltering - Using platform encoding (UTF-8 actually) to copy filtered resources, i.e. build is platform dependent!
2025-08-14 17:33:56,574 [Worker-32: Building] INFO  o.a.m.s.f.DefaultMavenResourcesFiltering - Copying 0 resource from src\test\resources to target\test-classes
2025-08-14 17:34:05,892 [Worker-31: Building] WARN  o.a.m.s.f.DefaultMavenResourcesFiltering - Using platform encoding (UTF-8 actually) to copy filtered resources, i.e. build is platform dependent!
2025-08-14 17:34:05,893 [Worker-31: Building] INFO  o.a.m.s.f.DefaultMavenResourcesFiltering - Copying 0 resource from src\main\resources to target\classes
2025-08-14 17:34:05,894 [Worker-31: Building] WARN  o.a.m.s.f.DefaultMavenResourcesFiltering - Using platform encoding (UTF-8 actually) to copy filtered resources, i.e. build is platform dependent!
2025-08-14 17:34:05,895 [Worker-31: Building] INFO  o.a.m.s.f.DefaultMavenResourcesFiltering - Copying 0 resource from src\test\resources to target\test-classes
2025-08-14 17:34:08,045 [Worker-32: Building] WARN  o.a.m.s.f.DefaultMavenResourcesFiltering - Using platform encoding (UTF-8 actually) to copy filtered resources, i.e. build is platform dependent!
2025-08-14 17:34:08,048 [Worker-32: Building] INFO  o.a.m.s.f.DefaultMavenResourcesFiltering - Copying 0 resource from src\main\resources to target\classes
2025-08-14 17:34:08,050 [Worker-32: Building] WARN  o.a.m.s.f.DefaultMavenResourcesFiltering - Using platform encoding (UTF-8 actually) to copy filtered resources, i.e. build is platform dependent!
2025-08-14 17:34:08,051 [Worker-32: Building] INFO  o.a.m.s.f.DefaultMavenResourcesFiltering - Copying 0 resource from src\test\resources to target\test-classes
2025-08-14 17:34:40,470 [Worker-36: Building] WARN  o.a.m.s.f.DefaultMavenResourcesFiltering - Using platform encoding (UTF-8 actually) to copy filtered resources, i.e. build is platform dependent!
2025-08-14 17:34:40,471 [Worker-36: Building] INFO  o.a.m.s.f.DefaultMavenResourcesFiltering - Copying 0 resource from src\main\resources to target\classes
2025-08-14 17:34:40,473 [Worker-36: Building] WARN  o.a.m.s.f.DefaultMavenResourcesFiltering - Using platform encoding (UTF-8 actually) to copy filtered resources, i.e. build is platform dependent!
2025-08-14 17:34:40,473 [Worker-36: Building] INFO  o.a.m.s.f.DefaultMavenResourcesFiltering - Copying 0 resource from src\test\resources to target\test-classes
2025-08-14 17:34:43,401 [Worker-36: Building] WARN  o.a.m.s.f.DefaultMavenResourcesFiltering - Using platform encoding (UTF-8 actually) to copy filtered resources, i.e. build is platform dependent!
2025-08-14 17:34:43,402 [Worker-36: Building] INFO  o.a.m.s.f.DefaultMavenResourcesFiltering - Copying 0 resource from src\main\resources to target\classes
2025-08-14 17:34:43,403 [Worker-36: Building] WARN  o.a.m.s.f.DefaultMavenResourcesFiltering - Using platform encoding (UTF-8 actually) to copy filtered resources, i.e. build is platform dependent!
2025-08-14 17:34:43,404 [Worker-36: Building] INFO  o.a.m.s.f.DefaultMavenResourcesFiltering - Copying 0 resource from src\test\resources to target\test-classes
2025-08-14 17:35:37,481 [Worker-33: Building] WARN  o.a.m.s.f.DefaultMavenResourcesFiltering - Using platform encoding (UTF-8 actually) to copy filtered resources, i.e. build is platform dependent!
2025-08-14 17:35:37,482 [Worker-33: Building] INFO  o.a.m.s.f.DefaultMavenResourcesFiltering - Copying 0 resource from src\main\resources to target\classes
2025-08-14 17:35:37,484 [Worker-33: Building] WARN  o.a.m.s.f.DefaultMavenResourcesFiltering - Using platform encoding (UTF-8 actually) to copy filtered resources, i.e. build is platform dependent!
2025-08-14 17:35:37,485 [Worker-33: Building] INFO  o.a.m.s.f.DefaultMavenResourcesFiltering - Copying 0 resource from src\test\resources to target\test-classes
2025-08-14 17:35:46,590 [Worker-36: Building] WARN  o.a.m.s.f.DefaultMavenResourcesFiltering - Using platform encoding (UTF-8 actually) to copy filtered resources, i.e. build is platform dependent!
2025-08-14 17:35:46,591 [Worker-36: Building] INFO  o.a.m.s.f.DefaultMavenResourcesFiltering - Copying 0 resource from src\main\resources to target\classes
2025-08-14 17:35:46,592 [Worker-36: Building] WARN  o.a.m.s.f.DefaultMavenResourcesFiltering - Using platform encoding (UTF-8 actually) to copy filtered resources, i.e. build is platform dependent!
2025-08-14 17:35:46,592 [Worker-36: Building] INFO  o.a.m.s.f.DefaultMavenResourcesFiltering - Copying 0 resource from src\test\resources to target\test-classes
2025-08-14 17:36:09,917 [Worker-24: Building] WARN  o.a.m.s.f.DefaultMavenResourcesFiltering - Using platform encoding (UTF-8 actually) to copy filtered resources, i.e. build is platform dependent!
2025-08-14 17:36:09,918 [Worker-24: Building] INFO  o.a.m.s.f.DefaultMavenResourcesFiltering - Copying 0 resource from src\main\resources to target\classes
2025-08-14 17:36:09,919 [Worker-24: Building] WARN  o.a.m.s.f.DefaultMavenResourcesFiltering - Using platform encoding (UTF-8 actually) to copy filtered resources, i.e. build is platform dependent!
2025-08-14 17:36:09,920 [Worker-24: Building] INFO  o.a.m.s.f.DefaultMavenResourcesFiltering - Copying 0 resource from src\test\resources to target\test-classes
2025-08-14 17:36:40,180 [Worker-35: Building] WARN  o.a.m.s.f.DefaultMavenResourcesFiltering - Using platform encoding (UTF-8 actually) to copy filtered resources, i.e. build is platform dependent!
2025-08-14 17:36:40,181 [Worker-35: Building] INFO  o.a.m.s.f.DefaultMavenResourcesFiltering - Copying 0 resource from src\main\resources to target\classes
2025-08-14 17:36:40,182 [Worker-35: Building] WARN  o.a.m.s.f.DefaultMavenResourcesFiltering - Using platform encoding (UTF-8 actually) to copy filtered resources, i.e. build is platform dependent!
2025-08-14 17:36:40,183 [Worker-35: Building] INFO  o.a.m.s.f.DefaultMavenResourcesFiltering - Copying 0 resource from src\test\resources to target\test-classes
2025-08-14 17:36:43,871 [Worker-36: Building] WARN  o.a.m.s.f.DefaultMavenResourcesFiltering - Using platform encoding (UTF-8 actually) to copy filtered resources, i.e. build is platform dependent!
2025-08-14 17:36:43,887 [Worker-36: Building] INFO  o.a.m.s.f.DefaultMavenResourcesFiltering - Copying 0 resource from src\main\resources to target\classes
2025-08-14 17:36:43,889 [Worker-36: Building] WARN  o.a.m.s.f.DefaultMavenResourcesFiltering - Using platform encoding (UTF-8 actually) to copy filtered resources, i.e. build is platform dependent!
2025-08-14 17:36:43,890 [Worker-36: Building] INFO  o.a.m.s.f.DefaultMavenResourcesFiltering - Copying 0 resource from src\test\resources to target\test-classes
2025-08-14 17:36:46,521 [Worker-33: Building] WARN  o.a.m.s.f.DefaultMavenResourcesFiltering - Using platform encoding (UTF-8 actually) to copy filtered resources, i.e. build is platform dependent!
2025-08-14 17:36:46,522 [Worker-33: Building] INFO  o.a.m.s.f.DefaultMavenResourcesFiltering - Copying 0 resource from src\main\resources to target\classes
2025-08-14 17:36:46,524 [Worker-33: Building] WARN  o.a.m.s.f.DefaultMavenResourcesFiltering - Using platform encoding (UTF-8 actually) to copy filtered resources, i.e. build is platform dependent!
2025-08-14 17:36:46,525 [Worker-33: Building] INFO  o.a.m.s.f.DefaultMavenResourcesFiltering - Copying 0 resource from src\test\resources to target\test-classes
2025-08-16 18:02:48,509 [Worker-4: Loading available Gradle versions] INFO  o.e.b.c.i.u.g.PublishedGradleVersions - Gradle version information cache is out-of-date. Trying to update.
2025-08-16 18:02:56,892 [Worker-4: Building] WARN  o.a.m.r.i.DefaultArtifactDescriptorReader - 1 problem was encountered while building the effective model for org.javassist:javassist:jar:3.20.0-GA during dependency collection step for project (use -X to see details)
